city,pollutant,year,month,year_month,n_days_with_data,avg_value
Ahmedabad,Benzene,2015,01,2015-01,31,1.508
Ahmedabad,Benzene,2015,02,2015-02,24,8.831
Ahmedabad,Benzene,2015,03,2015-03,27,11.063
Ahmedabad,Benzene,2015,04,2015-04,20,3.096
Ahmedabad,Benzene,2015,05,2015-05,28,3.52
Ahmedabad,Benzene,2015,06,2015-06,30,1.909
Ahmedabad,Benzene,2015,07,2015-07,29,1.54
Ahmedabad,Benzene,2015,08,2015-08,31,1.096
Ahmedabad,Benzene,2015,09,2015-09,25,0.001
Ahmedabad,Benzene,2015,10,2015-10,26,8.885
Ahmedabad,Benzene,2015,11,2015-11,1,28.185
Ahmedabad,Benzene,2015,12,2015-12,0,
Ahmedabad,Benzene,2016,01,2016-01,0,
Ahmedabad,Benzene,2016,02,2016-02,0,
Ahmedabad,Benzene,2016,03,2016-03,0,
Ahmedabad,Benzene,2016,04,2016-04,0,
Ahmedabad,Benzene,2016,05,2016-05,0,
Ahmedabad,Benzene,2016,06,2016-06,3,0.0
Ahmedabad,Benzene,2016,07,2016-07,23,0.796
Ahmedabad,Benzene,2016,08,2016-08,28,4.523
Ahmedabad,Benzene,2016,09,2016-09,25,1.936
Ahmedabad,Benzene,2016,10,2016-10,29,2.7
Ahmedabad,Benzene,2016,11,2016-11,28,0.243
Ahmedabad,Benzene,2016,12,2016-12,27,0.0
Ahmedabad,Benzene,2017,01,2017-01,31,0.0
Ahmedabad,Benzene,2017,02,2017-02,27,0.0
Ahmedabad,Benzene,2017,03,2017-03,22,0.0
Ahmedabad,Benzene,2017,04,2017-04,0,
Ahmedabad,Benzene,2017,05,2017-05,0,
Ahmedabad,Benzene,2017,06,2017-06,0,
Ahmedabad,Benzene,2017,07,2017-07,0,
Ahmedabad,Benzene,2017,08,2017-08,0,
Ahmedabad,Benzene,2017,09,2017-09,3,0.0
Ahmedabad,Benzene,2017,10,2017-10,9,11.446
Ahmedabad,Benzene,2017,11,2017-11,30,20.197
Ahmedabad,Benzene,2017,12,2017-12,30,14.913
Ahmedabad,Benzene,2018,01,2018-01,29,17.804
Ahmedabad,Benzene,2018,02,2018-02,24,4.501
Ahmedabad,Benzene,2018,03,2018-03,29,12.381
Ahmedabad,Benzene,2018,04,2018-04,28,8.012
Ahmedabad,Benzene,2018,05,2018-05,29,8.103
Ahmedabad,Benzene,2018,06,2018-06,28,5.935
Ahmedabad,Benzene,2018,07,2018-07,31,7.079
Ahmedabad,Benzene,2018,08,2018-08,30,5.462
Ahmedabad,Benzene,2018,09,2018-09,27,3.972
Ahmedabad,Benzene,2018,10,2018-10,29,5.299
Ahmedabad,Benzene,2018,11,2018-11,30,13.112
Ahmedabad,Benzene,2018,12,2018-12,31,4.074
Ahmedabad,Benzene,2019,01,2019-01,29,4.097
Ahmedabad,Benzene,2019,02,2019-02,28,4.103
Ahmedabad,Benzene,2019,03,2019-03,31,4.125
Ahmedabad,Benzene,2019,04,2019-04,25,4.197
Ahmedabad,Benzene,2019,05,2019-05,26,11.978
Ahmedabad,Benzene,2019,06,2019-06,23,9.436
Ahmedabad,Benzene,2019,07,2019-07,31,6.154
Ahmedabad,Benzene,2019,08,2019-08,27,2.202
Ahmedabad,Benzene,2019,09,2019-09,25,1.842
Ahmedabad,Benzene,2019,10,2019-10,29,2.705
Ahmedabad,Benzene,2019,11,2019-11,30,2.212
Ahmedabad,Benzene,2019,12,2019-12,5,2.923
Ahmedabad,Benzene,2020,01,2020-01,25,2.681
Ahmedabad,Benzene,2020,02,2020-02,29,1.39
Ahmedabad,Benzene,2020,03,2020-03,25,3.644
Ahmedabad,Benzene,2020,04,2020-04,30,4.627
Ahmedabad,Benzene,2020,05,2020-05,31,3.822
Ahmedabad,Benzene,2020,06,2020-06,28,5.979
Ahmedabad,Benzene,2020,07,2020-07,0,
Ahmedabad,CO,2015,01,2015-01,26,5.402
Ahmedabad,CO,2015,02,2015-02,22,7.979
Ahmedabad,CO,2015,03,2015-03,27,6.339
Ahmedabad,CO,2015,04,2015-04,20,6.159
Ahmedabad,CO,2015,05,2015-05,28,6.803
Ahmedabad,CO,2015,06,2015-06,30,7.817
Ahmedabad,CO,2015,07,2015-07,27,6.656
Ahmedabad,CO,2015,08,2015-08,31,10.931
Ahmedabad,CO,2015,09,2015-09,25,11.021
Ahmedabad,CO,2015,10,2015-10,26,8.639
Ahmedabad,CO,2015,11,2015-11,0,
Ahmedabad,CO,2015,12,2015-12,0,
Ahmedabad,CO,2016,01,2016-01,0,
Ahmedabad,CO,2016,02,2016-02,0,
Ahmedabad,CO,2016,03,2016-03,0,
Ahmedabad,CO,2016,04,2016-04,0,
Ahmedabad,CO,2016,05,2016-05,0,
Ahmedabad,CO,2016,06,2016-06,3,10.22
Ahmedabad,CO,2016,07,2016-07,13,5.849
Ahmedabad,CO,2016,08,2016-08,25,9.234
Ahmedabad,CO,2016,09,2016-09,25,10.163
Ahmedabad,CO,2016,10,2016-10,29,11.533
Ahmedabad,CO,2016,11,2016-11,3,11.54
Ahmedabad,CO,2016,12,2016-12,0,
Ahmedabad,CO,2017,01,2017-01,0,
Ahmedabad,CO,2017,02,2017-02,0,
Ahmedabad,CO,2017,03,2017-03,0,
Ahmedabad,CO,2017,04,2017-04,0,
Ahmedabad,CO,2017,05,2017-05,0,
Ahmedabad,CO,2017,06,2017-06,0,
Ahmedabad,CO,2017,07,2017-07,0,
Ahmedabad,CO,2017,08,2017-08,0,
Ahmedabad,CO,2017,09,2017-09,0,
Ahmedabad,CO,2017,10,2017-10,0,
Ahmedabad,CO,2017,11,2017-11,25,11.184
Ahmedabad,CO,2017,12,2017-12,30,9.393
Ahmedabad,CO,2018,01,2018-01,29,12.722
Ahmedabad,CO,2018,02,2018-02,14,13.762
Ahmedabad,CO,2018,03,2018-03,28,10.439
Ahmedabad,CO,2018,04,2018-04,28,11.42
Ahmedabad,CO,2018,05,2018-05,29,10.509
Ahmedabad,CO,2018,06,2018-06,25,25.811
Ahmedabad,CO,2018,07,2018-07,31,25.882
Ahmedabad,CO,2018,08,2018-08,30,25.634
Ahmedabad,CO,2018,09,2018-09,27,24.063
Ahmedabad,CO,2018,10,2018-10,26,18.142
Ahmedabad,CO,2018,11,2018-11,19,14.625
Ahmedabad,CO,2018,12,2018-12,28,11.793
Ahmedabad,CO,2019,01,2019-01,23,13.223
Ahmedabad,CO,2019,02,2019-02,27,12.349
Ahmedabad,CO,2019,03,2019-03,31,13.153
Ahmedabad,CO,2019,04,2019-04,25,14.958
Ahmedabad,CO,2019,05,2019-05,25,15.165
Ahmedabad,CO,2019,06,2019-06,28,20.004
Ahmedabad,CO,2019,07,2019-07,31,28.018
Ahmedabad,CO,2019,08,2019-08,28,28.765
Ahmedabad,CO,2019,09,2019-09,28,19.057
Ahmedabad,CO,2019,10,2019-10,25,9.083
Ahmedabad,CO,2019,11,2019-11,30,12.96
Ahmedabad,CO,2019,12,2019-12,29,8.054
Ahmedabad,CO,2020,01,2020-01,25,10.114
Ahmedabad,CO,2020,02,2020-02,24,12.019
Ahmedabad,CO,2020,03,2020-03,29,7.296
Ahmedabad,CO,2020,04,2020-04,30,1.573
Ahmedabad,CO,2020,05,2020-05,31,0.584
Ahmedabad,CO,2020,06,2020-06,27,0.696
Ahmedabad,CO,2020,07,2020-07,0,
Ahmedabad,NH3,2015,01,2015-01,0,
Ahmedabad,NH3,2015,02,2015-02,0,
Ahmedabad,NH3,2015,03,2015-03,0,
Ahmedabad,NH3,2015,04,2015-04,0,
Ahmedabad,NH3,2015,05,2015-05,0,
Ahmedabad,NH3,2015,06,2015-06,0,
Ahmedabad,NH3,2015,07,2015-07,0,
Ahmedabad,NH3,2015,08,2015-08,0,
Ahmedabad,NH3,2015,09,2015-09,0,
Ahmedabad,NH3,2015,10,2015-10,0,
Ahmedabad,NH3,2015,11,2015-11,0,
Ahmedabad,NH3,2015,12,2015-12,0,
Ahmedabad,NH3,2016,01,2016-01,0,
Ahmedabad,NH3,2016,02,2016-02,0,
Ahmedabad,NH3,2016,03,2016-03,0,
Ahmedabad,NH3,2016,04,2016-04,0,
Ahmedabad,NH3,2016,05,2016-05,0,
Ahmedabad,NH3,2016,06,2016-06,0,
Ahmedabad,NH3,2016,07,2016-07,0,
Ahmedabad,NH3,2016,08,2016-08,0,
Ahmedabad,NH3,2016,09,2016-09,0,
Ahmedabad,NH3,2016,10,2016-10,0,
Ahmedabad,NH3,2016,11,2016-11,0,
Ahmedabad,NH3,2016,12,2016-12,0,
Ahmedabad,NH3,2017,01,2017-01,0,
Ahmedabad,NH3,2017,02,2017-02,0,
Ahmedabad,NH3,2017,03,2017-03,0,
Ahmedabad,NH3,2017,04,2017-04,0,
Ahmedabad,NH3,2017,05,2017-05,0,
Ahmedabad,NH3,2017,06,2017-06,0,
Ahmedabad,NH3,2017,07,2017-07,0,
Ahmedabad,NH3,2017,08,2017-08,0,
Ahmedabad,NH3,2017,09,2017-09,0,
Ahmedabad,NH3,2017,10,2017-10,0,
Ahmedabad,NH3,2017,11,2017-11,0,
Ahmedabad,NH3,2017,12,2017-12,0,
Ahmedabad,NH3,2018,01,2018-01,0,
Ahmedabad,NH3,2018,02,2018-02,0,
Ahmedabad,NH3,2018,03,2018-03,0,
Ahmedabad,NH3,2018,04,2018-04,0,
Ahmedabad,NH3,2018,05,2018-05,0,
Ahmedabad,NH3,2018,06,2018-06,0,
Ahmedabad,NH3,2018,07,2018-07,0,
Ahmedabad,NH3,2018,08,2018-08,0,
Ahmedabad,NH3,2018,09,2018-09,0,
Ahmedabad,NH3,2018,10,2018-10,0,
Ahmedabad,NH3,2018,11,2018-11,0,
Ahmedabad,NH3,2018,12,2018-12,0,
Ahmedabad,NH3,2019,01,2019-01,0,
Ahmedabad,NH3,2019,02,2019-02,0,
Ahmedabad,NH3,2019,03,2019-03,0,
Ahmedabad,NH3,2019,04,2019-04,0,
Ahmedabad,NH3,2019,05,2019-05,0,
Ahmedabad,NH3,2019,06,2019-06,0,
Ahmedabad,NH3,2019,07,2019-07,0,
Ahmedabad,NH3,2019,08,2019-08,0,
Ahmedabad,NH3,2019,09,2019-09,0,
Ahmedabad,NH3,2019,10,2019-10,0,
Ahmedabad,NH3,2019,11,2019-11,0,
Ahmedabad,NH3,2019,12,2019-12,0,
Ahmedabad,NH3,2020,01,2020-01,0,
Ahmedabad,NH3,2020,02,2020-02,0,
Ahmedabad,NH3,2020,03,2020-03,0,
Ahmedabad,NH3,2020,04,2020-04,0,
Ahmedabad,NH3,2020,05,2020-05,0,
Ahmedabad,NH3,2020,06,2020-06,0,
Ahmedabad,NH3,2020,07,2020-07,0,
Ahmedabad,NO,2015,01,2015-01,28,16.821
Ahmedabad,NO,2015,02,2015-02,24,22.119
Ahmedabad,NO,2015,03,2015-03,27,13.574
Ahmedabad,NO,2015,04,2015-04,20,8.014
Ahmedabad,NO,2015,05,2015-05,28,8.415
Ahmedabad,NO,2015,06,2015-06,30,7.899
Ahmedabad,NO,2015,07,2015-07,27,6.656
Ahmedabad,NO,2015,08,2015-08,31,10.931
Ahmedabad,NO,2015,09,2015-09,25,11.238
Ahmedabad,NO,2015,10,2015-10,26,17.245
Ahmedabad,NO,2015,11,2015-11,1,25.684
Ahmedabad,NO,2015,12,2015-12,0,
Ahmedabad,NO,2016,01,2016-01,0,
Ahmedabad,NO,2016,02,2016-02,0,
Ahmedabad,NO,2016,03,2016-03,0,
Ahmedabad,NO,2016,04,2016-04,0,
Ahmedabad,NO,2016,05,2016-05,0,
Ahmedabad,NO,2016,06,2016-06,3,10.22
Ahmedabad,NO,2016,07,2016-07,18,21.782
Ahmedabad,NO,2016,08,2016-08,28,17.624
Ahmedabad,NO,2016,09,2016-09,25,10.163
Ahmedabad,NO,2016,10,2016-10,29,13.228
Ahmedabad,NO,2016,11,2016-11,3,11.889
Ahmedabad,NO,2016,12,2016-12,0,
Ahmedabad,NO,2017,01,2017-01,0,
Ahmedabad,NO,2017,02,2017-02,0,
Ahmedabad,NO,2017,03,2017-03,0,
Ahmedabad,NO,2017,04,2017-04,0,
Ahmedabad,NO,2017,05,2017-05,0,
Ahmedabad,NO,2017,06,2017-06,0,
Ahmedabad,NO,2017,07,2017-07,0,
Ahmedabad,NO,2017,08,2017-08,0,
Ahmedabad,NO,2017,09,2017-09,0,
Ahmedabad,NO,2017,10,2017-10,3,82.353
Ahmedabad,NO,2017,11,2017-11,28,38.008
Ahmedabad,NO,2017,12,2017-12,30,15.164
Ahmedabad,NO,2018,01,2018-01,29,32.211
Ahmedabad,NO,2018,02,2018-02,24,58.59
Ahmedabad,NO,2018,03,2018-03,29,37.697
Ahmedabad,NO,2018,04,2018-04,28,22.648
Ahmedabad,NO,2018,05,2018-05,29,12.035
Ahmedabad,NO,2018,06,2018-06,28,28.441
Ahmedabad,NO,2018,07,2018-07,31,27.7
Ahmedabad,NO,2018,08,2018-08,30,27.465
Ahmedabad,NO,2018,09,2018-09,27,31.021
Ahmedabad,NO,2018,10,2018-10,29,36.451
Ahmedabad,NO,2018,11,2018-11,30,57.858
Ahmedabad,NO,2018,12,2018-12,31,35.449
Ahmedabad,NO,2019,01,2019-01,29,43.525
Ahmedabad,NO,2019,02,2019-02,28,25.727
Ahmedabad,NO,2019,03,2019-03,31,27.942
Ahmedabad,NO,2019,04,2019-04,25,28.573
Ahmedabad,NO,2019,05,2019-05,25,18.104
Ahmedabad,NO,2019,06,2019-06,28,20.954
Ahmedabad,NO,2019,07,2019-07,31,30.069
Ahmedabad,NO,2019,08,2019-08,30,32.976
Ahmedabad,NO,2019,09,2019-09,28,24.845
Ahmedabad,NO,2019,10,2019-10,29,27.321
Ahmedabad,NO,2019,11,2019-11,30,19.965
Ahmedabad,NO,2019,12,2019-12,30,11.671
Ahmedabad,NO,2020,01,2020-01,25,11.856
Ahmedabad,NO,2020,02,2020-02,27,24.78
Ahmedabad,NO,2020,03,2020-03,29,8.152
Ahmedabad,NO,2020,04,2020-04,30,3.773
Ahmedabad,NO,2020,05,2020-05,31,3.424
Ahmedabad,NO,2020,06,2020-06,28,6.667
Ahmedabad,NO,2020,07,2020-07,0,
Ahmedabad,NO2,2015,01,2015-01,29,26.531
Ahmedabad,NO2,2015,02,2015-02,25,31.315
Ahmedabad,NO2,2015,03,2015-03,28,28.757
Ahmedabad,NO2,2015,04,2015-04,25,21.489
Ahmedabad,NO2,2015,05,2015-05,29,17.305
Ahmedabad,NO2,2015,06,2015-06,30,13.895
Ahmedabad,NO2,2015,07,2015-07,29,7.462
Ahmedabad,NO2,2015,08,2015-08,31,17.396
Ahmedabad,NO2,2015,09,2015-09,25,14.79
Ahmedabad,NO2,2015,10,2015-10,26,30.772
Ahmedabad,NO2,2015,11,2015-11,1,33.642
Ahmedabad,NO2,2015,12,2015-12,0,
Ahmedabad,NO2,2016,01,2016-01,0,
Ahmedabad,NO2,2016,02,2016-02,0,
Ahmedabad,NO2,2016,03,2016-03,0,
Ahmedabad,NO2,2016,04,2016-04,0,
Ahmedabad,NO2,2016,05,2016-05,0,
Ahmedabad,NO2,2016,06,2016-06,3,25.31
Ahmedabad,NO2,2016,07,2016-07,23,27.842
Ahmedabad,NO2,2016,08,2016-08,28,15.26
Ahmedabad,NO2,2016,09,2016-09,25,8.211
Ahmedabad,NO2,2016,10,2016-10,29,11.827
Ahmedabad,NO2,2016,11,2016-11,3,13.614
Ahmedabad,NO2,2016,12,2016-12,0,
Ahmedabad,NO2,2017,01,2017-01,0,
Ahmedabad,NO2,2017,02,2017-02,0,
Ahmedabad,NO2,2017,03,2017-03,0,
Ahmedabad,NO2,2017,04,2017-04,0,
Ahmedabad,NO2,2017,05,2017-05,0,
Ahmedabad,NO2,2017,06,2017-06,0,
Ahmedabad,NO2,2017,07,2017-07,0,
Ahmedabad,NO2,2017,08,2017-08,0,
Ahmedabad,NO2,2017,09,2017-09,0,
Ahmedabad,NO2,2017,10,2017-10,3,44.871
Ahmedabad,NO2,2017,11,2017-11,28,91.798
Ahmedabad,NO2,2017,12,2017-12,30,73.938
Ahmedabad,NO2,2018,01,2018-01,29,139.73
Ahmedabad,NO2,2018,02,2018-02,24,159.543
Ahmedabad,NO2,2018,03,2018-03,29,114.275
Ahmedabad,NO2,2018,04,2018-04,28,62.813
Ahmedabad,NO2,2018,05,2018-05,29,31.098
Ahmedabad,NO2,2018,06,2018-06,28,44.878
Ahmedabad,NO2,2018,07,2018-07,31,60.771
Ahmedabad,NO2,2018,08,2018-08,30,54.484
Ahmedabad,NO2,2018,09,2018-09,27,86.247
Ahmedabad,NO2,2018,10,2018-10,29,101.226
Ahmedabad,NO2,2018,11,2018-11,30,91.817
Ahmedabad,NO2,2018,12,2018-12,31,81.775
Ahmedabad,NO2,2019,01,2019-01,29,82.916
Ahmedabad,NO2,2019,02,2019-02,28,72.119
Ahmedabad,NO2,2019,03,2019-03,31,74.725
Ahmedabad,NO2,2019,04,2019-04,25,72.409
Ahmedabad,NO2,2019,05,2019-05,25,79.436
Ahmedabad,NO2,2019,06,2019-06,28,132.822
Ahmedabad,NO2,2019,07,2019-07,31,112.231
Ahmedabad,NO2,2019,08,2019-08,30,47.477
Ahmedabad,NO2,2019,09,2019-09,28,84.74
Ahmedabad,NO2,2019,10,2019-10,29,149.339
Ahmedabad,NO2,2019,11,2019-11,30,141.701
Ahmedabad,NO2,2019,12,2019-12,30,39.289
Ahmedabad,NO2,2020,01,2020-01,25,19.261
Ahmedabad,NO2,2020,02,2020-02,27,62.281
Ahmedabad,NO2,2020,03,2020-03,29,33.385
Ahmedabad,NO2,2020,04,2020-04,30,23.212
Ahmedabad,NO2,2020,05,2020-05,31,19.327
Ahmedabad,NO2,2020,06,2020-06,28,28.775
Ahmedabad,NO2,2020,07,2020-07,0,
Ahmedabad,NOx,2015,01,2015-01,31,39.413
Ahmedabad,NOx,2015,02,2015-02,24,52.7
Ahmedabad,NOx,2015,03,2015-03,27,40.936
Ahmedabad,NOx,2015,04,2015-04,20,28.496
Ahmedabad,NOx,2015,05,2015-05,28,24.879
Ahmedabad,NOx,2015,06,2015-06,30,21.678
Ahmedabad,NOx,2015,07,2015-07,29,13.431
Ahmedabad,NOx,2015,08,2015-08,31,28.175
Ahmedabad,NOx,2015,09,2015-09,25,26.028
Ahmedabad,NOx,2015,10,2015-10,26,47.835
Ahmedabad,NOx,2015,11,2015-11,1,58.446
Ahmedabad,NOx,2015,12,2015-12,0,
Ahmedabad,NOx,2016,01,2016-01,0,
Ahmedabad,NOx,2016,02,2016-02,0,
Ahmedabad,NOx,2016,03,2016-03,0,
Ahmedabad,NOx,2016,04,2016-04,0,
Ahmedabad,NOx,2016,05,2016-05,0,
Ahmedabad,NOx,2016,06,2016-06,3,35.473
Ahmedabad,NOx,2016,07,2016-07,23,39.702
Ahmedabad,NOx,2016,08,2016-08,28,33.206
Ahmedabad,NOx,2016,09,2016-09,25,18.563
Ahmedabad,NOx,2016,10,2016-10,29,25.063
Ahmedabad,NOx,2016,11,2016-11,3,25.503
Ahmedabad,NOx,2016,12,2016-12,0,
Ahmedabad,NOx,2017,01,2017-01,0,
Ahmedabad,NOx,2017,02,2017-02,0,
Ahmedabad,NOx,2017,03,2017-03,0,
Ahmedabad,NOx,2017,04,2017-04,0,
Ahmedabad,NOx,2017,05,2017-05,0,
Ahmedabad,NOx,2017,06,2017-06,0,
Ahmedabad,NOx,2017,07,2017-07,0,
Ahmedabad,NOx,2017,08,2017-08,0,
Ahmedabad,NOx,2017,09,2017-09,0,
Ahmedabad,NOx,2017,10,2017-10,9,72.764
Ahmedabad,NOx,2017,11,2017-11,30,69.35
Ahmedabad,NOx,2017,12,2017-12,30,47.473
Ahmedabad,NOx,2018,01,2018-01,29,94.715
Ahmedabad,NOx,2018,02,2018-02,24,125.126
Ahmedabad,NOx,2018,03,2018-03,29,88.888
Ahmedabad,NOx,2018,04,2018-04,28,47.436
Ahmedabad,NOx,2018,05,2018-05,29,24.142
Ahmedabad,NOx,2018,06,2018-06,28,43.117
Ahmedabad,NOx,2018,07,2018-07,31,50.152
Ahmedabad,NOx,2018,08,2018-08,30,47.047
Ahmedabad,NOx,2018,09,2018-09,27,65.222
Ahmedabad,NOx,2018,10,2018-10,29,54.658
Ahmedabad,NOx,2018,11,2018-11,30,57.302
Ahmedabad,NOx,2018,12,2018-12,31,39.72
Ahmedabad,NOx,2019,01,2019-01,29,46.922
Ahmedabad,NOx,2019,02,2019-02,28,31.549
Ahmedabad,NOx,2019,03,2019-03,31,34.845
Ahmedabad,NOx,2019,04,2019-04,25,56.038
Ahmedabad,NOx,2019,05,2019-05,26,55.099
Ahmedabad,NOx,2019,06,2019-06,28,89.274
Ahmedabad,NOx,2019,07,2019-07,31,89.507
Ahmedabad,NOx,2019,08,2019-08,30,59.597
Ahmedabad,NOx,2019,09,2019-09,28,69.474
Ahmedabad,NOx,2019,10,2019-10,29,102.556
Ahmedabad,NOx,2019,11,2019-11,30,91.875
Ahmedabad,NOx,2019,12,2019-12,30,28.458
Ahmedabad,NOx,2020,01,2020-01,25,18.166
Ahmedabad,NOx,2020,02,2020-02,27,48.639
Ahmedabad,NOx,2020,03,2020-03,29,21.879
Ahmedabad,NOx,2020,04,2020-04,30,13.757
Ahmedabad,NOx,2020,05,2020-05,31,11.809
Ahmedabad,NOx,2020,06,2020-06,28,17.977
Ahmedabad,NOx,2020,07,2020-07,0,
Ahmedabad,O3,2015,01,2015-01,28,49.793
Ahmedabad,O3,2015,02,2015-02,24,49.828
Ahmedabad,O3,2015,03,2015-03,27,45.417
Ahmedabad,O3,2015,04,2015-04,25,29.952
Ahmedabad,O3,2015,05,2015-05,29,31.119
Ahmedabad,O3,2015,06,2015-06,30,12.075
Ahmedabad,O3,2015,07,2015-07,29,5.586
Ahmedabad,O3,2015,08,2015-08,31,30.352
Ahmedabad,O3,2015,09,2015-09,25,23.603
Ahmedabad,O3,2015,10,2015-10,24,35.339
Ahmedabad,O3,2015,11,2015-11,0,
Ahmedabad,O3,2015,12,2015-12,0,
Ahmedabad,O3,2016,01,2016-01,0,
Ahmedabad,O3,2016,02,2016-02,0,
Ahmedabad,O3,2016,03,2016-03,0,
Ahmedabad,O3,2016,04,2016-04,0,
Ahmedabad,O3,2016,05,2016-05,0,
Ahmedabad,O3,2016,06,2016-06,3,30.35
Ahmedabad,O3,2016,07,2016-07,10,11.347
Ahmedabad,O3,2016,08,2016-08,26,8.939
Ahmedabad,O3,2016,09,2016-09,24,17.506
Ahmedabad,O3,2016,10,2016-10,29,29.639
Ahmedabad,O3,2016,11,2016-11,3,51.346
Ahmedabad,O3,2016,12,2016-12,0,
Ahmedabad,O3,2017,01,2017-01,0,
Ahmedabad,O3,2017,02,2017-02,0,
Ahmedabad,O3,2017,03,2017-03,0,
Ahmedabad,O3,2017,04,2017-04,0,
Ahmedabad,O3,2017,05,2017-05,0,
Ahmedabad,O3,2017,06,2017-06,0,
Ahmedabad,O3,2017,07,2017-07,0,
Ahmedabad,O3,2017,08,2017-08,0,
Ahmedabad,O3,2017,09,2017-09,0,
Ahmedabad,O3,2017,10,2017-10,8,22.301
Ahmedabad,O3,2017,11,2017-11,27,49.06
Ahmedabad,O3,2017,12,2017-12,28,66.701
Ahmedabad,O3,2018,01,2018-01,22,51.571
Ahmedabad,O3,2018,02,2018-02,22,40.377
Ahmedabad,O3,2018,03,2018-03,21,50.746
Ahmedabad,O3,2018,04,2018-04,23,42.956
Ahmedabad,O3,2018,05,2018-05,18,33.563
Ahmedabad,O3,2018,06,2018-06,14,14.786
Ahmedabad,O3,2018,07,2018-07,21,2.618
Ahmedabad,O3,2018,08,2018-08,20,13.806
Ahmedabad,O3,2018,09,2018-09,6,34.867
Ahmedabad,O3,2018,10,2018-10,23,54.919
Ahmedabad,O3,2018,11,2018-11,24,52.753
Ahmedabad,O3,2018,12,2018-12,27,54.546
Ahmedabad,O3,2019,01,2019-01,26,51.605
Ahmedabad,O3,2019,02,2019-02,26,45.299
Ahmedabad,O3,2019,03,2019-03,31,47.584
Ahmedabad,O3,2019,04,2019-04,24,40.845
Ahmedabad,O3,2019,05,2019-05,18,48.561
Ahmedabad,O3,2019,06,2019-06,28,66.553
Ahmedabad,O3,2019,07,2019-07,31,47.144
Ahmedabad,O3,2019,08,2019-08,30,42.491
Ahmedabad,O3,2019,09,2019-09,28,45.215
Ahmedabad,O3,2019,10,2019-10,28,81.213
Ahmedabad,O3,2019,11,2019-11,30,34.337
Ahmedabad,O3,2019,12,2019-12,30,29.432
Ahmedabad,O3,2020,01,2020-01,25,24.597
Ahmedabad,O3,2020,02,2020-02,27,48.32
Ahmedabad,O3,2020,03,2020-03,24,41.105
Ahmedabad,O3,2020,04,2020-04,29,45.719
Ahmedabad,O3,2020,05,2020-05,31,55.92
Ahmedabad,O3,2020,06,2020-06,21,42.579
Ahmedabad,O3,2020,07,2020-07,0,
Ahmedabad,PM10,2015,01,2015-01,0,
Ahmedabad,PM10,2015,02,2015-02,0,
Ahmedabad,PM10,2015,03,2015-03,0,
Ahmedabad,PM10,2015,04,2015-04,0,
Ahmedabad,PM10,2015,05,2015-05,0,
Ahmedabad,PM10,2015,06,2015-06,0,
Ahmedabad,PM10,2015,07,2015-07,0,
Ahmedabad,PM10,2015,08,2015-08,0,
Ahmedabad,PM10,2015,09,2015-09,0,
Ahmedabad,PM10,2015,10,2015-10,0,
Ahmedabad,PM10,2015,11,2015-11,0,
Ahmedabad,PM10,2015,12,2015-12,0,
Ahmedabad,PM10,2016,01,2016-01,0,
Ahmedabad,PM10,2016,02,2016-02,0,
Ahmedabad,PM10,2016,03,2016-03,0,
Ahmedabad,PM10,2016,04,2016-04,0,
Ahmedabad,PM10,2016,05,2016-05,0,
Ahmedabad,PM10,2016,06,2016-06,0,
Ahmedabad,PM10,2016,07,2016-07,0,
Ahmedabad,PM10,2016,08,2016-08,0,
Ahmedabad,PM10,2016,09,2016-09,0,
Ahmedabad,PM10,2016,10,2016-10,0,
Ahmedabad,PM10,2016,11,2016-11,0,
Ahmedabad,PM10,2016,12,2016-12,0,
Ahmedabad,PM10,2017,01,2017-01,0,
Ahmedabad,PM10,2017,02,2017-02,0,
Ahmedabad,PM10,2017,03,2017-03,0,
Ahmedabad,PM10,2017,04,2017-04,0,
Ahmedabad,PM10,2017,05,2017-05,0,
Ahmedabad,PM10,2017,06,2017-06,0,
Ahmedabad,PM10,2017,07,2017-07,0,
Ahmedabad,PM10,2017,08,2017-08,0,
Ahmedabad,PM10,2017,09,2017-09,0,
Ahmedabad,PM10,2017,10,2017-10,0,
Ahmedabad,PM10,2017,11,2017-11,0,
Ahmedabad,PM10,2017,12,2017-12,0,
Ahmedabad,PM10,2018,01,2018-01,0,
Ahmedabad,PM10,2018,02,2018-02,0,
Ahmedabad,PM10,2018,03,2018-03,0,
Ahmedabad,PM10,2018,04,2018-04,0,
Ahmedabad,PM10,2018,05,2018-05,0,
Ahmedabad,PM10,2018,06,2018-06,0,
Ahmedabad,PM10,2018,07,2018-07,0,
Ahmedabad,PM10,2018,08,2018-08,0,
Ahmedabad,PM10,2018,09,2018-09,0,
Ahmedabad,PM10,2018,10,2018-10,0,
Ahmedabad,PM10,2018,11,2018-11,0,
Ahmedabad,PM10,2018,12,2018-12,0,
Ahmedabad,PM10,2019,01,2019-01,0,
Ahmedabad,PM10,2019,02,2019-02,0,
Ahmedabad,PM10,2019,03,2019-03,0,
Ahmedabad,PM10,2019,04,2019-04,0,
Ahmedabad,PM10,2019,05,2019-05,17,136.197
Ahmedabad,PM10,2019,06,2019-06,28,114.461
Ahmedabad,PM10,2019,07,2019-07,27,112.568
Ahmedabad,PM10,2019,08,2019-08,29,136.607
Ahmedabad,PM10,2019,09,2019-09,23,76.773
Ahmedabad,PM10,2019,10,2019-10,29,137.058
Ahmedabad,PM10,2019,11,2019-11,30,111.984
Ahmedabad,PM10,2019,12,2019-12,29,110.245
Ahmedabad,PM10,2020,01,2020-01,23,112.097
Ahmedabad,PM10,2020,02,2020-02,27,143.903
Ahmedabad,PM10,2020,03,2020-03,29,107.207
Ahmedabad,PM10,2020,04,2020-04,30,81.561
Ahmedabad,PM10,2020,05,2020-05,31,76.758
Ahmedabad,PM10,2020,06,2020-06,12,86.961
Ahmedabad,PM10,2020,07,2020-07,0,
Ahmedabad,PM2.5,2015,01,2015-01,3,85.831
Ahmedabad,PM2.5,2015,02,2015-02,24,119.382
Ahmedabad,PM2.5,2015,03,2015-03,27,110.133
Ahmedabad,PM2.5,2015,04,2015-04,21,99.672
Ahmedabad,PM2.5,2015,05,2015-05,27,77.253
Ahmedabad,PM2.5,2015,06,2015-06,30,50.037
Ahmedabad,PM2.5,2015,07,2015-07,29,53.314
Ahmedabad,PM2.5,2015,08,2015-08,31,40.797
Ahmedabad,PM2.5,2015,09,2015-09,25,43.977
Ahmedabad,PM2.5,2015,10,2015-10,26,105.454
Ahmedabad,PM2.5,2015,11,2015-11,1,201.092
Ahmedabad,PM2.5,2015,12,2015-12,0,
Ahmedabad,PM2.5,2016,01,2016-01,0,
Ahmedabad,PM2.5,2016,02,2016-02,0,
Ahmedabad,PM2.5,2016,03,2016-03,0,
Ahmedabad,PM2.5,2016,04,2016-04,0,
Ahmedabad,PM2.5,2016,05,2016-05,0,
Ahmedabad,PM2.5,2016,06,2016-06,3,32.959
Ahmedabad,PM2.5,2016,07,2016-07,23,37.522
Ahmedabad,PM2.5,2016,08,2016-08,28,49.304
Ahmedabad,PM2.5,2016,09,2016-09,25,38.528
Ahmedabad,PM2.5,2016,10,2016-10,28,110.799
Ahmedabad,PM2.5,2016,11,2016-11,3,229.575
Ahmedabad,PM2.5,2016,12,2016-12,0,
Ahmedabad,PM2.5,2017,01,2017-01,0,
Ahmedabad,PM2.5,2017,02,2017-02,0,
Ahmedabad,PM2.5,2017,03,2017-03,0,
Ahmedabad,PM2.5,2017,04,2017-04,0,
Ahmedabad,PM2.5,2017,05,2017-05,0,
Ahmedabad,PM2.5,2017,06,2017-06,0,
Ahmedabad,PM2.5,2017,07,2017-07,0,
Ahmedabad,PM2.5,2017,08,2017-08,0,
Ahmedabad,PM2.5,2017,09,2017-09,0,
Ahmedabad,PM2.5,2017,10,2017-10,9,87.402
Ahmedabad,PM2.5,2017,11,2017-11,28,106.251
Ahmedabad,PM2.5,2017,12,2017-12,30,74.622
Ahmedabad,PM2.5,2018,01,2018-01,29,88.667
Ahmedabad,PM2.5,2018,02,2018-02,24,104.695
Ahmedabad,PM2.5,2018,03,2018-03,29,95.533
Ahmedabad,PM2.5,2018,04,2018-04,27,83.543
Ahmedabad,PM2.5,2018,05,2018-05,28,54.576
Ahmedabad,PM2.5,2018,06,2018-06,28,55.462
Ahmedabad,PM2.5,2018,07,2018-07,31,59.018
Ahmedabad,PM2.5,2018,08,2018-08,30,41.518
Ahmedabad,PM2.5,2018,09,2018-09,26,23.008
Ahmedabad,PM2.5,2018,10,2018-10,29,97.544
Ahmedabad,PM2.5,2018,11,2018-11,30,106.947
Ahmedabad,PM2.5,2018,12,2018-12,31,91.92
Ahmedabad,PM2.5,2019,01,2019-01,29,87.764
Ahmedabad,PM2.5,2019,02,2019-02,28,61.598
Ahmedabad,PM2.5,2019,03,2019-03,31,66.881
Ahmedabad,PM2.5,2019,04,2019-04,25,96.592
Ahmedabad,PM2.5,2019,05,2019-05,25,54.807
Ahmedabad,PM2.5,2019,06,2019-06,28,41.738
Ahmedabad,PM2.5,2019,07,2019-07,29,43.204
Ahmedabad,PM2.5,2019,08,2019-08,30,43.215
Ahmedabad,PM2.5,2019,09,2019-09,24,40.948
Ahmedabad,PM2.5,2019,10,2019-10,29,73.798
Ahmedabad,PM2.5,2019,11,2019-11,30,61.89
Ahmedabad,PM2.5,2019,12,2019-12,27,64.622
Ahmedabad,PM2.5,2020,01,2020-01,24,57.144
Ahmedabad,PM2.5,2020,02,2020-02,25,73.136
Ahmedabad,PM2.5,2020,03,2020-03,29,44.095
Ahmedabad,PM2.5,2020,04,2020-04,29,31.657
Ahmedabad,PM2.5,2020,05,2020-05,31,26.328
Ahmedabad,PM2.5,2020,06,2020-06,24,26.169
Ahmedabad,PM2.5,2020,07,2020-07,0,
Ahmedabad,SO2,2015,01,2015-01,29,45.944
Ahmedabad,SO2,2015,02,2015-02,25,66.004
Ahmedabad,SO2,2015,03,2015-03,27,60.064
Ahmedabad,SO2,2015,04,2015-04,25,53.782
Ahmedabad,SO2,2015,05,2015-05,29,38.697
Ahmedabad,SO2,2015,06,2015-06,30,12.27
Ahmedabad,SO2,2015,07,2015-07,29,11.52
Ahmedabad,SO2,2015,08,2015-08,31,8.5
Ahmedabad,SO2,2015,09,2015-09,24,8.277
Ahmedabad,SO2,2015,10,2015-10,26,30.365
Ahmedabad,SO2,2015,11,2015-11,1,54.348
Ahmedabad,SO2,2015,12,2015-12,0,
Ahmedabad,SO2,2016,01,2016-01,0,
Ahmedabad,SO2,2016,02,2016-02,0,
Ahmedabad,SO2,2016,03,2016-03,0,
Ahmedabad,SO2,2016,04,2016-04,0,
Ahmedabad,SO2,2016,05,2016-05,0,
Ahmedabad,SO2,2016,06,2016-06,3,1.635
Ahmedabad,SO2,2016,07,2016-07,23,12.805
Ahmedabad,SO2,2016,08,2016-08,28,16.741
Ahmedabad,SO2,2016,09,2016-09,25,17.736
Ahmedabad,SO2,2016,10,2016-10,29,27.918
Ahmedabad,SO2,2016,11,2016-11,3,17.287
Ahmedabad,SO2,2016,12,2016-12,0,
Ahmedabad,SO2,2017,01,2017-01,0,
Ahmedabad,SO2,2017,02,2017-02,0,
Ahmedabad,SO2,2017,03,2017-03,0,
Ahmedabad,SO2,2017,04,2017-04,0,
Ahmedabad,SO2,2017,05,2017-05,0,
Ahmedabad,SO2,2017,06,2017-06,0,
Ahmedabad,SO2,2017,07,2017-07,0,
Ahmedabad,SO2,2017,08,2017-08,0,
Ahmedabad,SO2,2017,09,2017-09,0,
Ahmedabad,SO2,2017,10,2017-10,3,53.654
Ahmedabad,SO2,2017,11,2017-11,27,119.215
Ahmedabad,SO2,2017,12,2017-12,30,101.825
Ahmedabad,SO2,2018,01,2018-01,27,108.143
Ahmedabad,SO2,2018,02,2018-02,18,121.072
Ahmedabad,SO2,2018,03,2018-03,28,92.835
Ahmedabad,SO2,2018,04,2018-04,27,52.552
Ahmedabad,SO2,2018,05,2018-05,28,73.126
Ahmedabad,SO2,2018,06,2018-06,27,42.659
Ahmedabad,SO2,2018,07,2018-07,31,25.886
Ahmedabad,SO2,2018,08,2018-08,27,73.863
Ahmedabad,SO2,2018,09,2018-09,27,60.705
Ahmedabad,SO2,2018,10,2018-10,29,81.368
Ahmedabad,SO2,2018,11,2018-11,30,61.161
Ahmedabad,SO2,2018,12,2018-12,31,55.578
Ahmedabad,SO2,2019,01,2019-01,29,64.889
Ahmedabad,SO2,2019,02,2019-02,28,51.356
Ahmedabad,SO2,2019,03,2019-03,31,47.108
Ahmedabad,SO2,2019,04,2019-04,25,32.447
Ahmedabad,SO2,2019,05,2019-05,21,101.635
Ahmedabad,SO2,2019,06,2019-06,26,68.423
Ahmedabad,SO2,2019,07,2019-07,24,59.326
Ahmedabad,SO2,2019,08,2019-08,30,43.812
Ahmedabad,SO2,2019,09,2019-09,25,71.439
Ahmedabad,SO2,2019,10,2019-10,24,134.278
Ahmedabad,SO2,2019,11,2019-11,23,150.437
Ahmedabad,SO2,2019,12,2019-12,30,57.587
Ahmedabad,SO2,2020,01,2020-01,24,44.842
Ahmedabad,SO2,2020,02,2020-02,26,54.351
Ahmedabad,SO2,2020,03,2020-03,26,43.209
Ahmedabad,SO2,2020,04,2020-04,29,24.727
Ahmedabad,SO2,2020,05,2020-05,4,22.038
Ahmedabad,SO2,2020,06,2020-06,25,14.348
Ahmedabad,SO2,2020,07,2020-07,0,
Ahmedabad,Toluene,2015,01,2015-01,31,2.579
Ahmedabad,Toluene,2015,02,2015-02,24,23.718
Ahmedabad,Toluene,2015,03,2015-03,27,30.117
Ahmedabad,Toluene,2015,04,2015-04,20,8.315
Ahmedabad,Toluene,2015,05,2015-05,28,10.877
Ahmedabad,Toluene,2015,06,2015-06,30,5.543
Ahmedabad,Toluene,2015,07,2015-07,29,4.325
Ahmedabad,Toluene,2015,08,2015-08,31,2.262
Ahmedabad,Toluene,2015,09,2015-09,25,2.95
Ahmedabad,Toluene,2015,10,2015-10,26,28.066
Ahmedabad,Toluene,2015,11,2015-11,1,53.631
Ahmedabad,Toluene,2015,12,2015-12,0,
Ahmedabad,Toluene,2016,01,2016-01,0,
Ahmedabad,Toluene,2016,02,2016-02,0,
Ahmedabad,Toluene,2016,03,2016-03,0,
Ahmedabad,Toluene,2016,04,2016-04,0,
Ahmedabad,Toluene,2016,05,2016-05,0,
Ahmedabad,Toluene,2016,06,2016-06,3,0.0
Ahmedabad,Toluene,2016,07,2016-07,23,2.55
Ahmedabad,Toluene,2016,08,2016-08,28,9.01
Ahmedabad,Toluene,2016,09,2016-09,25,5.778
Ahmedabad,Toluene,2016,10,2016-10,29,7.863
Ahmedabad,Toluene,2016,11,2016-11,28,0.713
Ahmedabad,Toluene,2016,12,2016-12,27,0.0
Ahmedabad,Toluene,2017,01,2017-01,31,0.0
Ahmedabad,Toluene,2017,02,2017-02,27,0.0
Ahmedabad,Toluene,2017,03,2017-03,22,0.0
Ahmedabad,Toluene,2017,04,2017-04,0,
Ahmedabad,Toluene,2017,05,2017-05,0,
Ahmedabad,Toluene,2017,06,2017-06,0,
Ahmedabad,Toluene,2017,07,2017-07,0,
Ahmedabad,Toluene,2017,08,2017-08,0,
Ahmedabad,Toluene,2017,09,2017-09,3,0.0
Ahmedabad,Toluene,2017,10,2017-10,9,28.599
Ahmedabad,Toluene,2017,11,2017-11,30,48.512
Ahmedabad,Toluene,2017,12,2017-12,30,60.563
Ahmedabad,Toluene,2018,01,2018-01,29,71.086
Ahmedabad,Toluene,2018,02,2018-02,24,27.782
Ahmedabad,Toluene,2018,03,2018-03,29,52.063
Ahmedabad,Toluene,2018,04,2018-04,28,32.934
Ahmedabad,Toluene,2018,05,2018-05,29,32.136
Ahmedabad,Toluene,2018,06,2018-06,28,47.378
Ahmedabad,Toluene,2018,07,2018-07,31,41.229
Ahmedabad,Toluene,2018,08,2018-08,30,25.565
Ahmedabad,Toluene,2018,09,2018-09,27,16.374
Ahmedabad,Toluene,2018,10,2018-10,29,20.551
Ahmedabad,Toluene,2018,11,2018-11,30,41.476
Ahmedabad,Toluene,2018,12,2018-12,31,32.328
Ahmedabad,Toluene,2019,01,2019-01,29,32.352
Ahmedabad,Toluene,2019,02,2019-02,28,32.35
Ahmedabad,Toluene,2019,03,2019-03,31,32.383
Ahmedabad,Toluene,2019,04,2019-04,25,32.487
Ahmedabad,Toluene,2019,05,2019-05,26,66.164
Ahmedabad,Toluene,2019,06,2019-06,23,92.929
Ahmedabad,Toluene,2019,07,2019-07,31,77.715
Ahmedabad,Toluene,2019,08,2019-08,27,31.253
Ahmedabad,Toluene,2019,09,2019-09,25,28.482
Ahmedabad,Toluene,2019,10,2019-10,29,23.783
Ahmedabad,Toluene,2019,11,2019-11,30,28.636
Ahmedabad,Toluene,2019,12,2019-12,5,31.792
Ahmedabad,Toluene,2020,01,2020-01,25,31.988
Ahmedabad,Toluene,2020,02,2020-02,29,36.407
Ahmedabad,Toluene,2020,03,2020-03,25,38.751
Ahmedabad,Toluene,2020,04,2020-04,30,25.734
Ahmedabad,Toluene,2020,05,2020-05,31,18.861
Ahmedabad,Toluene,2020,06,2020-06,28,41.086
Ahmedabad,Toluene,2020,07,2020-07,0,
Ahmedabad,Xylene,2015,01,2015-01,31,3.02
Ahmedabad,Xylene,2015,02,2015-02,24,8.031
Ahmedabad,Xylene,2015,03,2015-03,27,4.307
Ahmedabad,Xylene,2015,04,2015-04,20,5.035
Ahmedabad,Xylene,2015,05,2015-05,28,4.876
Ahmedabad,Xylene,2015,06,2015-06,30,0.641
Ahmedabad,Xylene,2015,07,2015-07,29,0.301
Ahmedabad,Xylene,2015,08,2015-08,31,0.2
Ahmedabad,Xylene,2015,09,2015-09,25,0.244
Ahmedabad,Xylene,2015,10,2015-10,26,5.163
Ahmedabad,Xylene,2015,11,2015-11,1,8.375
Ahmedabad,Xylene,2015,12,2015-12,0,
Ahmedabad,Xylene,2016,01,2016-01,0,
Ahmedabad,Xylene,2016,02,2016-02,0,
Ahmedabad,Xylene,2016,03,2016-03,0,
Ahmedabad,Xylene,2016,04,2016-04,0,
Ahmedabad,Xylene,2016,05,2016-05,0,
Ahmedabad,Xylene,2016,06,2016-06,3,0.0
Ahmedabad,Xylene,2016,07,2016-07,23,0.73
Ahmedabad,Xylene,2016,08,2016-08,28,1.7
Ahmedabad,Xylene,2016,09,2016-09,25,1.273
Ahmedabad,Xylene,2016,10,2016-10,29,3.149
Ahmedabad,Xylene,2016,11,2016-11,28,0.506
Ahmedabad,Xylene,2016,12,2016-12,27,0.0
Ahmedabad,Xylene,2017,01,2017-01,31,0.0
Ahmedabad,Xylene,2017,02,2017-02,27,0.0
Ahmedabad,Xylene,2017,03,2017-03,22,0.0
Ahmedabad,Xylene,2017,04,2017-04,0,
Ahmedabad,Xylene,2017,05,2017-05,0,
Ahmedabad,Xylene,2017,06,2017-06,0,
Ahmedabad,Xylene,2017,07,2017-07,0,
Ahmedabad,Xylene,2017,08,2017-08,0,
Ahmedabad,Xylene,2017,09,2017-09,3,0.0
Ahmedabad,Xylene,2017,10,2017-10,8,2.206
Ahmedabad,Xylene,2017,11,2017-11,30,19.395
Ahmedabad,Xylene,2017,12,2017-12,30,11.542
Ahmedabad,Xylene,2018,01,2018-01,29,12.872
Ahmedabad,Xylene,2018,02,2018-02,24,7.546
Ahmedabad,Xylene,2018,03,2018-03,29,10.636
Ahmedabad,Xylene,2018,04,2018-04,28,5.42
Ahmedabad,Xylene,2018,05,2018-05,29,1.144
Ahmedabad,Xylene,2018,06,2018-06,28,1.243
Ahmedabad,Xylene,2018,07,2018-07,31,1.45
Ahmedabad,Xylene,2018,08,2018-08,30,1.312
Ahmedabad,Xylene,2018,09,2018-09,27,0.65
Ahmedabad,Xylene,2018,10,2018-10,29,10.796
Ahmedabad,Xylene,2018,11,2018-11,30,10.975
Ahmedabad,Xylene,2018,12,2018-12,31,6.946
Ahmedabad,Xylene,2019,01,2019-01,29,6.971
Ahmedabad,Xylene,2019,02,2019-02,28,6.984
Ahmedabad,Xylene,2019,03,2019-03,31,7.021
Ahmedabad,Xylene,2019,04,2019-04,25,7.114
Ahmedabad,Xylene,2019,05,2019-05,26,11.179
Ahmedabad,Xylene,2019,06,2019-06,23,9.345
Ahmedabad,Xylene,2019,07,2019-07,31,1.552
Ahmedabad,Xylene,2019,08,2019-08,27,0.784
Ahmedabad,Xylene,2019,09,2019-09,25,1.02
Ahmedabad,Xylene,2019,10,2019-10,29,2.423
Ahmedabad,Xylene,2019,11,2019-11,30,1.899
Ahmedabad,Xylene,2019,12,2019-12,5,2.045
Ahmedabad,Xylene,2020,01,2020-01,25,2.132
Ahmedabad,Xylene,2020,02,2020-02,29,0.639
Ahmedabad,Xylene,2020,03,2020-03,25,1.686
Ahmedabad,Xylene,2020,04,2020-04,30,2.476
Ahmedabad,Xylene,2020,05,2020-05,31,1.359
Ahmedabad,Xylene,2020,06,2020-06,28,3.954
Ahmedabad,Xylene,2020,07,2020-07,0,
Bengaluru,Benzene,2015,01,2015-01,18,25.314
Bengaluru,Benzene,2015,02,2015-02,6,13.9
Bengaluru,Benzene,2015,03,2015-03,6,9.595
Bengaluru,Benzene,2015,04,2015-04,7,5.788
Bengaluru,Benzene,2015,05,2015-05,28,12.093
Bengaluru,Benzene,2015,06,2015-06,16,3.733
Bengaluru,Benzene,2015,07,2015-07,11,19.745
Bengaluru,Benzene,2015,08,2015-08,13,12.929
Bengaluru,Benzene,2015,09,2015-09,0,
Bengaluru,Benzene,2015,10,2015-10,0,
Bengaluru,Benzene,2015,11,2015-11,21,1.762
Bengaluru,Benzene,2015,12,2015-12,31,1.197
Bengaluru,Benzene,2016,01,2016-01,29,1.308
Bengaluru,Benzene,2016,02,2016-02,28,1.109
Bengaluru,Benzene,2016,03,2016-03,25,1.519
Bengaluru,Benzene,2016,04,2016-04,26,5.207
Bengaluru,Benzene,2016,05,2016-05,20,3.222
Bengaluru,Benzene,2016,06,2016-06,7,1.031
Bengaluru,Benzene,2016,07,2016-07,4,0.836
Bengaluru,Benzene,2016,08,2016-08,1,0.489
Bengaluru,Benzene,2016,09,2016-09,12,0.709
Bengaluru,Benzene,2016,10,2016-10,14,1.078
Bengaluru,Benzene,2016,11,2016-11,29,2.873
Bengaluru,Benzene,2016,12,2016-12,25,3.585
Bengaluru,Benzene,2017,01,2017-01,22,2.927
Bengaluru,Benzene,2017,02,2017-02,14,3.104
Bengaluru,Benzene,2017,03,2017-03,29,2.276
Bengaluru,Benzene,2017,04,2017-04,27,2.213
Bengaluru,Benzene,2017,05,2017-05,27,1.224
Bengaluru,Benzene,2017,06,2017-06,27,0.757
Bengaluru,Benzene,2017,07,2017-07,29,0.732
Bengaluru,Benzene,2017,08,2017-08,29,0.858
Bengaluru,Benzene,2017,09,2017-09,28,1.041
Bengaluru,Benzene,2017,10,2017-10,31,1.206
Bengaluru,Benzene,2017,11,2017-11,29,0.008
Bengaluru,Benzene,2017,12,2017-12,5,0.0
Bengaluru,Benzene,2018,01,2018-01,22,0.015
Bengaluru,Benzene,2018,02,2018-02,28,0.553
Bengaluru,Benzene,2018,03,2018-03,24,0.386
Bengaluru,Benzene,2018,04,2018-04,14,1.37
Bengaluru,Benzene,2018,05,2018-05,30,0.544
Bengaluru,Benzene,2018,06,2018-06,30,0.482
Bengaluru,Benzene,2018,07,2018-07,31,0.579
Bengaluru,Benzene,2018,08,2018-08,31,0.478
Bengaluru,Benzene,2018,09,2018-09,30,0.505
Bengaluru,Benzene,2018,10,2018-10,31,0.69
Bengaluru,Benzene,2018,11,2018-11,30,0.649
Bengaluru,Benzene,2018,12,2018-12,31,0.707
Bengaluru,Benzene,2019,01,2019-01,31,0.45
Bengaluru,Benzene,2019,02,2019-02,28,0.996
Bengaluru,Benzene,2019,03,2019-03,31,1.418
Bengaluru,Benzene,2019,04,2019-04,30,0.99
Bengaluru,Benzene,2019,05,2019-05,31,1.027
Bengaluru,Benzene,2019,06,2019-06,30,0.818
Bengaluru,Benzene,2019,07,2019-07,31,0.562
Bengaluru,Benzene,2019,08,2019-08,31,0.697
Bengaluru,Benzene,2019,09,2019-09,30,0.665
Bengaluru,Benzene,2019,10,2019-10,31,0.92
Bengaluru,Benzene,2019,11,2019-11,30,1.161
Bengaluru,Benzene,2019,12,2019-12,31,0.881
Bengaluru,Benzene,2020,01,2020-01,31,0.736
Bengaluru,Benzene,2020,02,2020-02,29,0.513
Bengaluru,Benzene,2020,03,2020-03,31,0.349
Bengaluru,Benzene,2020,04,2020-04,30,0.29
Bengaluru,Benzene,2020,05,2020-05,31,0.301
Bengaluru,Benzene,2020,06,2020-06,30,0.57
Bengaluru,Benzene,2020,07,2020-07,0,
Bengaluru,CO,2015,01,2015-01,28,4.188
Bengaluru,CO,2015,02,2015-02,22,1.534
Bengaluru,CO,2015,03,2015-03,19,13.135
Bengaluru,CO,2015,04,2015-04,12,4.811
Bengaluru,CO,2015,05,2015-05,6,5.082
Bengaluru,CO,2015,06,2015-06,20,3.177
Bengaluru,CO,2015,07,2015-07,14,9.072
Bengaluru,CO,2015,08,2015-08,7,11.791
Bengaluru,CO,2015,09,2015-09,12,2.754
Bengaluru,CO,2015,10,2015-10,21,2.597
Bengaluru,CO,2015,11,2015-11,17,1.618
Bengaluru,CO,2015,12,2015-12,28,1.633
Bengaluru,CO,2016,01,2016-01,31,0.967
Bengaluru,CO,2016,02,2016-02,27,1.449
Bengaluru,CO,2016,03,2016-03,31,0.983
Bengaluru,CO,2016,04,2016-04,30,1.08
Bengaluru,CO,2016,05,2016-05,29,0.621
Bengaluru,CO,2016,06,2016-06,24,1.382
Bengaluru,CO,2016,07,2016-07,21,2.258
Bengaluru,CO,2016,08,2016-08,22,0.558
Bengaluru,CO,2016,09,2016-09,28,0.525
Bengaluru,CO,2016,10,2016-10,30,1.047
Bengaluru,CO,2016,11,2016-11,30,1.051
Bengaluru,CO,2016,12,2016-12,31,0.95
Bengaluru,CO,2017,01,2017-01,30,2.179
Bengaluru,CO,2017,02,2017-02,28,3.653
Bengaluru,CO,2017,03,2017-03,31,0.412
Bengaluru,CO,2017,04,2017-04,29,0.477
Bengaluru,CO,2017,05,2017-05,31,0.405
Bengaluru,CO,2017,06,2017-06,28,0.626
Bengaluru,CO,2017,07,2017-07,31,0.823
Bengaluru,CO,2017,08,2017-08,31,1.153
Bengaluru,CO,2017,09,2017-09,30,0.615
Bengaluru,CO,2017,10,2017-10,31,0.81
Bengaluru,CO,2017,11,2017-11,30,0.839
Bengaluru,CO,2017,12,2017-12,31,0.895
Bengaluru,CO,2018,01,2018-01,31,1.04
Bengaluru,CO,2018,02,2018-02,28,0.999
Bengaluru,CO,2018,03,2018-03,31,1.08
Bengaluru,CO,2018,04,2018-04,30,0.9
Bengaluru,CO,2018,05,2018-05,31,0.91
Bengaluru,CO,2018,06,2018-06,30,1.005
Bengaluru,CO,2018,07,2018-07,31,0.831
Bengaluru,CO,2018,08,2018-08,31,0.815
Bengaluru,CO,2018,09,2018-09,30,0.866
Bengaluru,CO,2018,10,2018-10,31,0.889
Bengaluru,CO,2018,11,2018-11,30,1.057
Bengaluru,CO,2018,12,2018-12,31,0.962
Bengaluru,CO,2019,01,2019-01,31,0.959
Bengaluru,CO,2019,02,2019-02,28,0.928
Bengaluru,CO,2019,03,2019-03,31,0.949
Bengaluru,CO,2019,04,2019-04,30,1.017
Bengaluru,CO,2019,05,2019-05,31,0.943
Bengaluru,CO,2019,06,2019-06,30,0.74
Bengaluru,CO,2019,07,2019-07,31,0.74
Bengaluru,CO,2019,08,2019-08,31,0.759
Bengaluru,CO,2019,09,2019-09,30,0.849
Bengaluru,CO,2019,10,2019-10,31,0.874
Bengaluru,CO,2019,11,2019-11,30,1.073
Bengaluru,CO,2019,12,2019-12,31,0.997
Bengaluru,CO,2020,01,2020-01,31,1.097
Bengaluru,CO,2020,02,2020-02,29,1.067
Bengaluru,CO,2020,03,2020-03,31,0.944
Bengaluru,CO,2020,04,2020-04,30,0.724
Bengaluru,CO,2020,05,2020-05,31,0.78
Bengaluru,CO,2020,06,2020-06,30,0.628
Bengaluru,CO,2020,07,2020-07,0,
Bengaluru,NH3,2015,01,2015-01,25,18.449
Bengaluru,NH3,2015,02,2015-02,18,15.705
Bengaluru,NH3,2015,03,2015-03,26,20.676
Bengaluru,NH3,2015,04,2015-04,27,22.807
Bengaluru,NH3,2015,05,2015-05,27,12.192
Bengaluru,NH3,2015,06,2015-06,30,11.571
Bengaluru,NH3,2015,07,2015-07,31,12.317
Bengaluru,NH3,2015,08,2015-08,31,24.721
Bengaluru,NH3,2015,09,2015-09,30,33.258
Bengaluru,NH3,2015,10,2015-10,31,31.524
Bengaluru,NH3,2015,11,2015-11,24,28.063
Bengaluru,NH3,2015,12,2015-12,29,31.269
Bengaluru,NH3,2016,01,2016-01,27,20.154
Bengaluru,NH3,2016,02,2016-02,23,23.742
Bengaluru,NH3,2016,03,2016-03,30,27.574
Bengaluru,NH3,2016,04,2016-04,27,23.64
Bengaluru,NH3,2016,05,2016-05,25,18.358
Bengaluru,NH3,2016,06,2016-06,9,40.298
Bengaluru,NH3,2016,07,2016-07,14,24.458
Bengaluru,NH3,2016,08,2016-08,19,36.392
Bengaluru,NH3,2016,09,2016-09,11,40.426
Bengaluru,NH3,2016,10,2016-10,18,27.611
Bengaluru,NH3,2016,11,2016-11,19,29.288
Bengaluru,NH3,2016,12,2016-12,23,24.307
Bengaluru,NH3,2017,01,2017-01,17,24.638
Bengaluru,NH3,2017,02,2017-02,27,22.483
Bengaluru,NH3,2017,03,2017-03,29,30.899
Bengaluru,NH3,2017,04,2017-04,18,27.544
Bengaluru,NH3,2017,05,2017-05,13,20.568
Bengaluru,NH3,2017,06,2017-06,28,25.951
Bengaluru,NH3,2017,07,2017-07,24,30.439
Bengaluru,NH3,2017,08,2017-08,27,24.499
Bengaluru,NH3,2017,09,2017-09,24,24.033
Bengaluru,NH3,2017,10,2017-10,31,25.945
Bengaluru,NH3,2017,11,2017-11,23,26.537
Bengaluru,NH3,2017,12,2017-12,18,48.279
Bengaluru,NH3,2018,01,2018-01,21,49.703
Bengaluru,NH3,2018,02,2018-02,9,84.793
Bengaluru,NH3,2018,03,2018-03,0,
Bengaluru,NH3,2018,04,2018-04,0,
Bengaluru,NH3,2018,05,2018-05,0,
Bengaluru,NH3,2018,06,2018-06,15,44.14
Bengaluru,NH3,2018,07,2018-07,31,21.81
Bengaluru,NH3,2018,08,2018-08,31,20.517
Bengaluru,NH3,2018,09,2018-09,30,21.096
Bengaluru,NH3,2018,10,2018-10,31,15.006
Bengaluru,NH3,2018,11,2018-11,30,18.403
Bengaluru,NH3,2018,12,2018-12,31,17.896
Bengaluru,NH3,2019,01,2019-01,31,20.384
Bengaluru,NH3,2019,02,2019-02,28,15.773
Bengaluru,NH3,2019,03,2019-03,31,15.917
Bengaluru,NH3,2019,04,2019-04,30,17.302
Bengaluru,NH3,2019,05,2019-05,31,16.547
Bengaluru,NH3,2019,06,2019-06,30,12.399
Bengaluru,NH3,2019,07,2019-07,31,11.32
Bengaluru,NH3,2019,08,2019-08,31,12.551
Bengaluru,NH3,2019,09,2019-09,30,11.989
Bengaluru,NH3,2019,10,2019-10,31,15.256
Bengaluru,NH3,2019,11,2019-11,30,17.756
Bengaluru,NH3,2019,12,2019-12,31,13.539
Bengaluru,NH3,2020,01,2020-01,31,14.284
Bengaluru,NH3,2020,02,2020-02,29,13.313
Bengaluru,NH3,2020,03,2020-03,31,12.524
Bengaluru,NH3,2020,04,2020-04,30,10.952
Bengaluru,NH3,2020,05,2020-05,31,8.918
Bengaluru,NH3,2020,06,2020-06,30,6.262
Bengaluru,NH3,2020,07,2020-07,0,
Bengaluru,NO,2015,01,2015-01,31,13.238
Bengaluru,NO,2015,02,2015-02,28,8.996
Bengaluru,NO,2015,03,2015-03,29,7.442
Bengaluru,NO,2015,04,2015-04,30,3.88
Bengaluru,NO,2015,05,2015-05,31,5.831
Bengaluru,NO,2015,06,2015-06,29,2.815
Bengaluru,NO,2015,07,2015-07,30,4.226
Bengaluru,NO,2015,08,2015-08,31,4.245
Bengaluru,NO,2015,09,2015-09,30,4.942
Bengaluru,NO,2015,10,2015-10,31,5.294
Bengaluru,NO,2015,11,2015-11,30,5.478
Bengaluru,NO,2015,12,2015-12,31,16.173
Bengaluru,NO,2016,01,2016-01,31,30.33
Bengaluru,NO,2016,02,2016-02,29,9.839
Bengaluru,NO,2016,03,2016-03,31,9.447
Bengaluru,NO,2016,04,2016-04,30,8.472
Bengaluru,NO,2016,05,2016-05,31,7.893
Bengaluru,NO,2016,06,2016-06,24,4.456
Bengaluru,NO,2016,07,2016-07,26,8.074
Bengaluru,NO,2016,08,2016-08,23,8.569
Bengaluru,NO,2016,09,2016-09,30,5.606
Bengaluru,NO,2016,10,2016-10,31,12.342
Bengaluru,NO,2016,11,2016-11,30,10.191
Bengaluru,NO,2016,12,2016-12,31,9.655
Bengaluru,NO,2017,01,2017-01,30,8.214
Bengaluru,NO,2017,02,2017-02,28,9.602
Bengaluru,NO,2017,03,2017-03,31,8.072
Bengaluru,NO,2017,04,2017-04,29,6.012
Bengaluru,NO,2017,05,2017-05,31,6.659
Bengaluru,NO,2017,06,2017-06,30,7.8
Bengaluru,NO,2017,07,2017-07,31,16.899
Bengaluru,NO,2017,08,2017-08,31,11.193
Bengaluru,NO,2017,09,2017-09,30,12.809
Bengaluru,NO,2017,10,2017-10,31,12.38
Bengaluru,NO,2017,11,2017-11,30,11.158
Bengaluru,NO,2017,12,2017-12,31,12.582
Bengaluru,NO,2018,01,2018-01,31,6.685
Bengaluru,NO,2018,02,2018-02,28,5.708
Bengaluru,NO,2018,03,2018-03,28,6.341
Bengaluru,NO,2018,04,2018-04,29,5.506
Bengaluru,NO,2018,05,2018-05,30,7.365
Bengaluru,NO,2018,06,2018-06,30,9.742
Bengaluru,NO,2018,07,2018-07,31,13.627
Bengaluru,NO,2018,08,2018-08,31,19.734
Bengaluru,NO,2018,09,2018-09,30,16.781
Bengaluru,NO,2018,10,2018-10,31,16.703
Bengaluru,NO,2018,11,2018-11,30,14.618
Bengaluru,NO,2018,12,2018-12,31,14.558
Bengaluru,NO,2019,01,2019-01,31,12.026
Bengaluru,NO,2019,02,2019-02,28,13.061
Bengaluru,NO,2019,03,2019-03,31,10.362
Bengaluru,NO,2019,04,2019-04,30,9.101
Bengaluru,NO,2019,05,2019-05,31,8.702
Bengaluru,NO,2019,06,2019-06,30,6.848
Bengaluru,NO,2019,07,2019-07,31,6.36
Bengaluru,NO,2019,08,2019-08,31,8.794
Bengaluru,NO,2019,09,2019-09,30,8.096
Bengaluru,NO,2019,10,2019-10,31,12.799
Bengaluru,NO,2019,11,2019-11,30,13.785
Bengaluru,NO,2019,12,2019-12,31,9.496
Bengaluru,NO,2020,01,2020-01,31,8.653
Bengaluru,NO,2020,02,2020-02,29,6.978
Bengaluru,NO,2020,03,2020-03,31,4.791
Bengaluru,NO,2020,04,2020-04,30,2.886
Bengaluru,NO,2020,05,2020-05,31,3.707
Bengaluru,NO,2020,06,2020-06,30,4.894
Bengaluru,NO,2020,07,2020-07,0,
Bengaluru,NO2,2015,01,2015-01,31,18.969
Bengaluru,NO2,2015,02,2015-02,28,24.082
Bengaluru,NO2,2015,03,2015-03,27,22.081
Bengaluru,NO2,2015,04,2015-04,30,8.877
Bengaluru,NO2,2015,05,2015-05,31,22.281
Bengaluru,NO2,2015,06,2015-06,30,13.467
Bengaluru,NO2,2015,07,2015-07,31,10.125
Bengaluru,NO2,2015,08,2015-08,31,13.937
Bengaluru,NO2,2015,09,2015-09,30,15.812
Bengaluru,NO2,2015,10,2015-10,31,28.082
Bengaluru,NO2,2015,11,2015-11,30,17.602
Bengaluru,NO2,2015,12,2015-12,31,43.497
Bengaluru,NO2,2016,01,2016-01,31,55.675
Bengaluru,NO2,2016,02,2016-02,29,42.615
Bengaluru,NO2,2016,03,2016-03,31,33.796
Bengaluru,NO2,2016,04,2016-04,30,23.57
Bengaluru,NO2,2016,05,2016-05,31,19.767
Bengaluru,NO2,2016,06,2016-06,24,15.811
Bengaluru,NO2,2016,07,2016-07,26,16.235
Bengaluru,NO2,2016,08,2016-08,23,18.279
Bengaluru,NO2,2016,09,2016-09,30,27.295
Bengaluru,NO2,2016,10,2016-10,31,33.332
Bengaluru,NO2,2016,11,2016-11,30,34.309
Bengaluru,NO2,2016,12,2016-12,31,37.955
Bengaluru,NO2,2017,01,2017-01,30,42.126
Bengaluru,NO2,2017,02,2017-02,28,53.115
Bengaluru,NO2,2017,03,2017-03,31,33.344
Bengaluru,NO2,2017,04,2017-04,29,32.056
Bengaluru,NO2,2017,05,2017-05,31,31.705
Bengaluru,NO2,2017,06,2017-06,30,31.122
Bengaluru,NO2,2017,07,2017-07,31,33.23
Bengaluru,NO2,2017,08,2017-08,31,28.05
Bengaluru,NO2,2017,09,2017-09,30,31.251
Bengaluru,NO2,2017,10,2017-10,31,32.427
Bengaluru,NO2,2017,11,2017-11,30,35.91
Bengaluru,NO2,2017,12,2017-12,31,52.549
Bengaluru,NO2,2018,01,2018-01,31,39.995
Bengaluru,NO2,2018,02,2018-02,28,30.148
Bengaluru,NO2,2018,03,2018-03,28,30.172
Bengaluru,NO2,2018,04,2018-04,29,28.081
Bengaluru,NO2,2018,05,2018-05,30,30.69
Bengaluru,NO2,2018,06,2018-06,30,19.108
Bengaluru,NO2,2018,07,2018-07,31,17.723
Bengaluru,NO2,2018,08,2018-08,31,17.901
Bengaluru,NO2,2018,09,2018-09,30,29.454
Bengaluru,NO2,2018,10,2018-10,31,33.368
Bengaluru,NO2,2018,11,2018-11,30,31.521
Bengaluru,NO2,2018,12,2018-12,31,34.279
Bengaluru,NO2,2019,01,2019-01,31,40.262
Bengaluru,NO2,2019,02,2019-02,28,35.757
Bengaluru,NO2,2019,03,2019-03,31,33.676
Bengaluru,NO2,2019,04,2019-04,30,33.051
Bengaluru,NO2,2019,05,2019-05,31,27.074
Bengaluru,NO2,2019,06,2019-06,30,21.201
Bengaluru,NO2,2019,07,2019-07,31,21.539
Bengaluru,NO2,2019,08,2019-08,31,20.62
Bengaluru,NO2,2019,09,2019-09,30,20.835
Bengaluru,NO2,2019,10,2019-10,31,28.244
Bengaluru,NO2,2019,11,2019-11,30,30.549
Bengaluru,NO2,2019,12,2019-12,31,28.19
Bengaluru,NO2,2020,01,2020-01,31,34.301
Bengaluru,NO2,2020,02,2020-02,29,32.096
Bengaluru,NO2,2020,03,2020-03,31,21.365
Bengaluru,NO2,2020,04,2020-04,30,11.981
Bengaluru,NO2,2020,05,2020-05,31,15.388
Bengaluru,NO2,2020,06,2020-06,30,13.731
Bengaluru,NO2,2020,07,2020-07,0,
Bengaluru,NOx,2015,01,2015-01,29,20.46
Bengaluru,NOx,2015,02,2015-02,28,18.245
Bengaluru,NOx,2015,03,2015-03,29,17.688
Bengaluru,NOx,2015,04,2015-04,30,10.609
Bengaluru,NOx,2015,05,2015-05,31,13.736
Bengaluru,NOx,2015,06,2015-06,29,9.41
Bengaluru,NOx,2015,07,2015-07,31,7.852
Bengaluru,NOx,2015,08,2015-08,31,9.788
Bengaluru,NOx,2015,09,2015-09,30,12.185
Bengaluru,NOx,2015,10,2015-10,31,20.841
Bengaluru,NOx,2015,11,2015-11,30,17.395
Bengaluru,NOx,2015,12,2015-12,31,32.604
Bengaluru,NOx,2016,01,2016-01,31,53.38
Bengaluru,NOx,2016,02,2016-02,29,27.628
Bengaluru,NOx,2016,03,2016-03,31,23.387
Bengaluru,NOx,2016,04,2016-04,30,18.019
Bengaluru,NOx,2016,05,2016-05,31,14.53
Bengaluru,NOx,2016,06,2016-06,24,11.156
Bengaluru,NOx,2016,07,2016-07,26,14.125
Bengaluru,NOx,2016,08,2016-08,27,6.468
Bengaluru,NOx,2016,09,2016-09,28,7.799
Bengaluru,NOx,2016,10,2016-10,29,6.918
Bengaluru,NOx,2016,11,2016-11,28,0.78
Bengaluru,NOx,2016,12,2016-12,30,0.0
Bengaluru,NOx,2017,01,2017-01,23,0.0
Bengaluru,NOx,2017,02,2017-02,26,0.0
Bengaluru,NOx,2017,03,2017-03,31,0.0
Bengaluru,NOx,2017,04,2017-04,29,0.0
Bengaluru,NOx,2017,05,2017-05,28,0.0
Bengaluru,NOx,2017,06,2017-06,27,0.0
Bengaluru,NOx,2017,07,2017-07,29,0.0
Bengaluru,NOx,2017,08,2017-08,22,0.0
Bengaluru,NOx,2017,09,2017-09,27,0.0
Bengaluru,NOx,2017,10,2017-10,30,17.389
Bengaluru,NOx,2017,11,2017-11,30,28.538
Bengaluru,NOx,2017,12,2017-12,31,36.033
Bengaluru,NOx,2018,01,2018-01,31,23.41
Bengaluru,NOx,2018,02,2018-02,28,20.12
Bengaluru,NOx,2018,03,2018-03,31,27.766
Bengaluru,NOx,2018,04,2018-04,30,30.325
Bengaluru,NOx,2018,05,2018-05,31,20.635
Bengaluru,NOx,2018,06,2018-06,30,19.001
Bengaluru,NOx,2018,07,2018-07,31,21.38
Bengaluru,NOx,2018,08,2018-08,31,29.171
Bengaluru,NOx,2018,09,2018-09,30,35.901
Bengaluru,NOx,2018,10,2018-10,31,42.08
Bengaluru,NOx,2018,11,2018-11,30,36.497
Bengaluru,NOx,2018,12,2018-12,31,37.941
Bengaluru,NOx,2019,01,2019-01,31,40.609
Bengaluru,NOx,2019,02,2019-02,28,35.964
Bengaluru,NOx,2019,03,2019-03,31,32.872
Bengaluru,NOx,2019,04,2019-04,30,31.158
Bengaluru,NOx,2019,05,2019-05,31,27.427
Bengaluru,NOx,2019,06,2019-06,30,24.006
Bengaluru,NOx,2019,07,2019-07,31,23.107
Bengaluru,NOx,2019,08,2019-08,31,23.795
Bengaluru,NOx,2019,09,2019-09,30,23.223
Bengaluru,NOx,2019,10,2019-10,31,32.246
Bengaluru,NOx,2019,11,2019-11,30,36.483
Bengaluru,NOx,2019,12,2019-12,31,29.385
Bengaluru,NOx,2020,01,2020-01,31,35.883
Bengaluru,NOx,2020,02,2020-02,29,32.972
Bengaluru,NOx,2020,03,2020-03,31,23.149
Bengaluru,NOx,2020,04,2020-04,30,13.224
Bengaluru,NOx,2020,05,2020-05,31,15.595
Bengaluru,NOx,2020,06,2020-06,30,15.115
Bengaluru,NOx,2020,07,2020-07,0,
Bengaluru,O3,2015,01,2015-01,26,18.124
Bengaluru,O3,2015,02,2015-02,28,37.317
Bengaluru,O3,2015,03,2015-03,30,50.797
Bengaluru,O3,2015,04,2015-04,27,57.172
Bengaluru,O3,2015,05,2015-05,27,27.007
Bengaluru,O3,2015,06,2015-06,25,18.959
Bengaluru,O3,2015,07,2015-07,27,7.351
Bengaluru,O3,2015,08,2015-08,31,6.25
Bengaluru,O3,2015,09,2015-09,24,15.35
Bengaluru,O3,2015,10,2015-10,26,18.431
Bengaluru,O3,2015,11,2015-11,22,20.521
Bengaluru,O3,2015,12,2015-12,31,21.509
Bengaluru,O3,2016,01,2016-01,29,24.813
Bengaluru,O3,2016,02,2016-02,28,40.601
Bengaluru,O3,2016,03,2016-03,26,48.106
Bengaluru,O3,2016,04,2016-04,27,51.731
Bengaluru,O3,2016,05,2016-05,20,45.849
Bengaluru,O3,2016,06,2016-06,7,36.815
Bengaluru,O3,2016,07,2016-07,4,43.677
Bengaluru,O3,2016,08,2016-08,20,23.82
Bengaluru,O3,2016,09,2016-09,29,23.188
Bengaluru,O3,2016,10,2016-10,17,21.447
Bengaluru,O3,2016,11,2016-11,29,39.609
Bengaluru,O3,2016,12,2016-12,24,21.36
Bengaluru,O3,2017,01,2017-01,22,41.67
Bengaluru,O3,2017,02,2017-02,16,40.416
Bengaluru,O3,2017,03,2017-03,29,35.072
Bengaluru,O3,2017,04,2017-04,27,51.501
Bengaluru,O3,2017,05,2017-05,24,23.088
Bengaluru,O3,2017,06,2017-06,27,12.973
Bengaluru,O3,2017,07,2017-07,29,28.525
Bengaluru,O3,2017,08,2017-08,29,24.383
Bengaluru,O3,2017,09,2017-09,28,20.431
Bengaluru,O3,2017,10,2017-10,31,26.793
Bengaluru,O3,2017,11,2017-11,29,27.834
Bengaluru,O3,2017,12,2017-12,7,17.872
Bengaluru,O3,2018,01,2018-01,31,57.49
Bengaluru,O3,2018,02,2018-02,28,39.998
Bengaluru,O3,2018,03,2018-03,24,38.233
Bengaluru,O3,2018,04,2018-04,6,46.649
Bengaluru,O3,2018,05,2018-05,30,36.288
Bengaluru,O3,2018,06,2018-06,30,16.131
Bengaluru,O3,2018,07,2018-07,31,16.11
Bengaluru,O3,2018,08,2018-08,31,13.059
Bengaluru,O3,2018,09,2018-09,30,20.579
Bengaluru,O3,2018,10,2018-10,31,23.502
Bengaluru,O3,2018,11,2018-11,30,28.444
Bengaluru,O3,2018,12,2018-12,31,52.906
Bengaluru,O3,2019,01,2019-01,31,56.949
Bengaluru,O3,2019,02,2019-02,28,55.422
Bengaluru,O3,2019,03,2019-03,31,56.366
Bengaluru,O3,2019,04,2019-04,30,53.429
Bengaluru,O3,2019,05,2019-05,31,51.274
Bengaluru,O3,2019,06,2019-06,30,36.914
Bengaluru,O3,2019,07,2019-07,31,27.81
Bengaluru,O3,2019,08,2019-08,31,19.411
Bengaluru,O3,2019,09,2019-09,30,27.198
Bengaluru,O3,2019,10,2019-10,31,28.931
Bengaluru,O3,2019,11,2019-11,30,36.551
Bengaluru,O3,2019,12,2019-12,31,35.06
Bengaluru,O3,2020,01,2020-01,31,39.278
Bengaluru,O3,2020,02,2020-02,29,40.93
Bengaluru,O3,2020,03,2020-03,31,44.946
Bengaluru,O3,2020,04,2020-04,30,40.517
Bengaluru,O3,2020,05,2020-05,31,32.435
Bengaluru,O3,2020,06,2020-06,30,16.245
Bengaluru,O3,2020,07,2020-07,0,
Bengaluru,PM10,2015,01,2015-01,0,
Bengaluru,PM10,2015,02,2015-02,0,
Bengaluru,PM10,2015,03,2015-03,0,
Bengaluru,PM10,2015,04,2015-04,0,
Bengaluru,PM10,2015,05,2015-05,0,
Bengaluru,PM10,2015,06,2015-06,0,
Bengaluru,PM10,2015,07,2015-07,0,
Bengaluru,PM10,2015,08,2015-08,0,
Bengaluru,PM10,2015,09,2015-09,0,
Bengaluru,PM10,2015,10,2015-10,0,
Bengaluru,PM10,2015,11,2015-11,17,51.563
Bengaluru,PM10,2015,12,2015-12,27,73.331
Bengaluru,PM10,2016,01,2016-01,28,113.333
Bengaluru,PM10,2016,02,2016-02,24,132.697
Bengaluru,PM10,2016,03,2016-03,31,158.401
Bengaluru,PM10,2016,04,2016-04,30,150.225
Bengaluru,PM10,2016,05,2016-05,27,43.092
Bengaluru,PM10,2016,06,2016-06,24,41.879
Bengaluru,PM10,2016,07,2016-07,18,44.419
Bengaluru,PM10,2016,08,2016-08,13,53.408
Bengaluru,PM10,2016,09,2016-09,26,68.615
Bengaluru,PM10,2016,10,2016-10,20,131.596
Bengaluru,PM10,2016,11,2016-11,15,136.796
Bengaluru,PM10,2016,12,2016-12,22,131.203
Bengaluru,PM10,2017,01,2017-01,25,111.397
Bengaluru,PM10,2017,02,2017-02,23,95.865
Bengaluru,PM10,2017,03,2017-03,17,91.229
Bengaluru,PM10,2017,04,2017-04,24,90.278
Bengaluru,PM10,2017,05,2017-05,28,65.927
Bengaluru,PM10,2017,06,2017-06,26,84.425
Bengaluru,PM10,2017,07,2017-07,29,98.462
Bengaluru,PM10,2017,08,2017-08,30,81.112
Bengaluru,PM10,2017,09,2017-09,29,81.724
Bengaluru,PM10,2017,10,2017-10,31,92.973
Bengaluru,PM10,2017,11,2017-11,30,59.517
Bengaluru,PM10,2017,12,2017-12,31,71.411
Bengaluru,PM10,2018,01,2018-01,31,100.316
Bengaluru,PM10,2018,02,2018-02,28,74.297
Bengaluru,PM10,2018,03,2018-03,27,100.549
Bengaluru,PM10,2018,04,2018-04,23,79.788
Bengaluru,PM10,2018,05,2018-05,13,58.435
Bengaluru,PM10,2018,06,2018-06,30,49.892
Bengaluru,PM10,2018,07,2018-07,31,56.049
Bengaluru,PM10,2018,08,2018-08,31,59.188
Bengaluru,PM10,2018,09,2018-09,30,69.284
Bengaluru,PM10,2018,10,2018-10,31,94.316
Bengaluru,PM10,2018,11,2018-11,30,91.376
Bengaluru,PM10,2018,12,2018-12,31,106.599
Bengaluru,PM10,2019,01,2019-01,31,102.306
Bengaluru,PM10,2019,02,2019-02,28,97.486
Bengaluru,PM10,2019,03,2019-03,31,109.819
Bengaluru,PM10,2019,04,2019-04,30,99.07
Bengaluru,PM10,2019,05,2019-05,31,88.254
Bengaluru,PM10,2019,06,2019-06,30,54.627
Bengaluru,PM10,2019,07,2019-07,31,53.673
Bengaluru,PM10,2019,08,2019-08,31,45.026
Bengaluru,PM10,2019,09,2019-09,30,52.048
Bengaluru,PM10,2019,10,2019-10,31,54.186
Bengaluru,PM10,2019,11,2019-11,30,80.773
Bengaluru,PM10,2019,12,2019-12,31,71.765
Bengaluru,PM10,2020,01,2020-01,31,83.495
Bengaluru,PM10,2020,02,2020-02,29,92.37
Bengaluru,PM10,2020,03,2020-03,31,79.966
Bengaluru,PM10,2020,04,2020-04,30,46.863
Bengaluru,PM10,2020,05,2020-05,31,59.759
Bengaluru,PM10,2020,06,2020-06,30,41.063
Bengaluru,PM10,2020,07,2020-07,0,
Bengaluru,PM2.5,2015,01,2015-01,0,
Bengaluru,PM2.5,2015,02,2015-02,0,
Bengaluru,PM2.5,2015,03,2015-03,11,48.128
Bengaluru,PM2.5,2015,04,2015-04,28,27.469
Bengaluru,PM2.5,2015,05,2015-05,31,33.549
Bengaluru,PM2.5,2015,06,2015-06,30,18.317
Bengaluru,PM2.5,2015,07,2015-07,31,21.025
Bengaluru,PM2.5,2015,08,2015-08,31,21.113
Bengaluru,PM2.5,2015,09,2015-09,30,20.229
Bengaluru,PM2.5,2015,10,2015-10,31,31.424
Bengaluru,PM2.5,2015,11,2015-11,27,31.744
Bengaluru,PM2.5,2015,12,2015-12,31,46.011
Bengaluru,PM2.5,2016,01,2016-01,31,67.895
Bengaluru,PM2.5,2016,02,2016-02,29,69.77
Bengaluru,PM2.5,2016,03,2016-03,31,63.098
Bengaluru,PM2.5,2016,04,2016-04,28,40.963
Bengaluru,PM2.5,2016,05,2016-05,22,34.142
Bengaluru,PM2.5,2016,06,2016-06,11,32.16
Bengaluru,PM2.5,2016,07,2016-07,10,24.367
Bengaluru,PM2.5,2016,08,2016-08,22,34.982
Bengaluru,PM2.5,2016,09,2016-09,18,34.277
Bengaluru,PM2.5,2016,10,2016-10,24,48.459
Bengaluru,PM2.5,2016,11,2016-11,30,50.65
Bengaluru,PM2.5,2016,12,2016-12,31,41.65
Bengaluru,PM2.5,2017,01,2017-01,26,32.824
Bengaluru,PM2.5,2017,02,2017-02,28,38.543
Bengaluru,PM2.5,2017,03,2017-03,31,37.084
Bengaluru,PM2.5,2017,04,2017-04,29,35.405
Bengaluru,PM2.5,2017,05,2017-05,30,28.429
Bengaluru,PM2.5,2017,06,2017-06,30,23.722
Bengaluru,PM2.5,2017,07,2017-07,24,24.749
Bengaluru,PM2.5,2017,08,2017-08,31,20.824
Bengaluru,PM2.5,2017,09,2017-09,30,25.802
Bengaluru,PM2.5,2017,10,2017-10,31,39.632
Bengaluru,PM2.5,2017,11,2017-11,29,34.62
Bengaluru,PM2.5,2017,12,2017-12,26,65.08
Bengaluru,PM2.5,2018,01,2018-01,30,38.425
Bengaluru,PM2.5,2018,02,2018-02,28,29.885
Bengaluru,PM2.5,2018,03,2018-03,24,35.023
Bengaluru,PM2.5,2018,04,2018-04,14,50.864
Bengaluru,PM2.5,2018,05,2018-05,30,42.818
Bengaluru,PM2.5,2018,06,2018-06,30,25.44
Bengaluru,PM2.5,2018,07,2018-07,31,19.727
Bengaluru,PM2.5,2018,08,2018-08,31,19.12
Bengaluru,PM2.5,2018,09,2018-09,30,25.099
Bengaluru,PM2.5,2018,10,2018-10,31,36.834
Bengaluru,PM2.5,2018,11,2018-11,30,45.174
Bengaluru,PM2.5,2018,12,2018-12,31,56.349
Bengaluru,PM2.5,2019,01,2019-01,31,54.725
Bengaluru,PM2.5,2019,02,2019-02,28,45.544
Bengaluru,PM2.5,2019,03,2019-03,31,48.905
Bengaluru,PM2.5,2019,04,2019-04,30,49.287
Bengaluru,PM2.5,2019,05,2019-05,31,40.169
Bengaluru,PM2.5,2019,06,2019-06,30,23.319
Bengaluru,PM2.5,2019,07,2019-07,31,21.327
Bengaluru,PM2.5,2019,08,2019-08,31,17.168
Bengaluru,PM2.5,2019,09,2019-09,30,22.512
Bengaluru,PM2.5,2019,10,2019-10,31,27.418
Bengaluru,PM2.5,2019,11,2019-11,30,40.261
Bengaluru,PM2.5,2019,12,2019-12,31,35.258
Bengaluru,PM2.5,2020,01,2020-01,31,39.314
Bengaluru,PM2.5,2020,02,2020-02,29,41.607
Bengaluru,PM2.5,2020,03,2020-03,31,38.193
Bengaluru,PM2.5,2020,04,2020-04,30,24.931
Bengaluru,PM2.5,2020,05,2020-05,31,21.27
Bengaluru,PM2.5,2020,06,2020-06,30,18.036
Bengaluru,PM2.5,2020,07,2020-07,0,
Bengaluru,SO2,2015,01,2015-01,30,17.776
Bengaluru,SO2,2015,02,2015-02,27,7.651
Bengaluru,SO2,2015,03,2015-03,31,9.527
Bengaluru,SO2,2015,04,2015-04,30,9.702
Bengaluru,SO2,2015,05,2015-05,31,5.291
Bengaluru,SO2,2015,06,2015-06,30,6.589
Bengaluru,SO2,2015,07,2015-07,31,4.044
Bengaluru,SO2,2015,08,2015-08,31,3.021
Bengaluru,SO2,2015,09,2015-09,30,2.52
Bengaluru,SO2,2015,10,2015-10,31,3.132
Bengaluru,SO2,2015,11,2015-11,30,2.796
Bengaluru,SO2,2015,12,2015-12,31,5.655
Bengaluru,SO2,2016,01,2016-01,31,11.996
Bengaluru,SO2,2016,02,2016-02,29,5.416
Bengaluru,SO2,2016,03,2016-03,31,3.216
Bengaluru,SO2,2016,04,2016-04,30,3.767
Bengaluru,SO2,2016,05,2016-05,31,4.277
Bengaluru,SO2,2016,06,2016-06,24,2.703
Bengaluru,SO2,2016,07,2016-07,26,2.615
Bengaluru,SO2,2016,08,2016-08,23,2.915
Bengaluru,SO2,2016,09,2016-09,30,4.209
Bengaluru,SO2,2016,10,2016-10,31,5.927
Bengaluru,SO2,2016,11,2016-11,30,5.006
Bengaluru,SO2,2016,12,2016-12,31,5.007
Bengaluru,SO2,2017,01,2017-01,30,5.29
Bengaluru,SO2,2017,02,2017-02,28,7.394
Bengaluru,SO2,2017,03,2017-03,31,6.045
Bengaluru,SO2,2017,04,2017-04,29,4.032
Bengaluru,SO2,2017,05,2017-05,31,4.702
Bengaluru,SO2,2017,06,2017-06,30,5.196
Bengaluru,SO2,2017,07,2017-07,31,5.198
Bengaluru,SO2,2017,08,2017-08,31,5.001
Bengaluru,SO2,2017,09,2017-09,30,5.199
Bengaluru,SO2,2017,10,2017-10,31,4.698
Bengaluru,SO2,2017,11,2017-11,30,3.718
Bengaluru,SO2,2017,12,2017-12,31,3.674
Bengaluru,SO2,2018,01,2018-01,31,4.39
Bengaluru,SO2,2018,02,2018-02,28,4.061
Bengaluru,SO2,2018,03,2018-03,28,3.676
Bengaluru,SO2,2018,04,2018-04,29,3.865
Bengaluru,SO2,2018,05,2018-05,30,5.124
Bengaluru,SO2,2018,06,2018-06,30,4.868
Bengaluru,SO2,2018,07,2018-07,31,7.277
Bengaluru,SO2,2018,08,2018-08,31,6.667
Bengaluru,SO2,2018,09,2018-09,30,7.406
Bengaluru,SO2,2018,10,2018-10,31,6.736
Bengaluru,SO2,2018,11,2018-11,30,6.058
Bengaluru,SO2,2018,12,2018-12,31,6.072
Bengaluru,SO2,2019,01,2019-01,31,5.853
Bengaluru,SO2,2019,02,2019-02,28,4.931
Bengaluru,SO2,2019,03,2019-03,31,5.93
Bengaluru,SO2,2019,04,2019-04,30,5.294
Bengaluru,SO2,2019,05,2019-05,31,4.348
Bengaluru,SO2,2019,06,2019-06,30,5.343
Bengaluru,SO2,2019,07,2019-07,31,5.196
Bengaluru,SO2,2019,08,2019-08,31,4.345
Bengaluru,SO2,2019,09,2019-09,30,5.229
Bengaluru,SO2,2019,10,2019-10,31,4.994
Bengaluru,SO2,2019,11,2019-11,30,6.107
Bengaluru,SO2,2019,12,2019-12,31,6.622
Bengaluru,SO2,2020,01,2020-01,31,7.581
Bengaluru,SO2,2020,02,2020-02,29,7.236
Bengaluru,SO2,2020,03,2020-03,31,6.867
Bengaluru,SO2,2020,04,2020-04,30,5.991
Bengaluru,SO2,2020,05,2020-05,31,6.476
Bengaluru,SO2,2020,06,2020-06,30,7.102
Bengaluru,SO2,2020,07,2020-07,0,
Bengaluru,Toluene,2015,01,2015-01,25,12.25
Bengaluru,Toluene,2015,02,2015-02,11,5.536
Bengaluru,Toluene,2015,03,2015-03,20,43.678
Bengaluru,Toluene,2015,04,2015-04,9,7.087
Bengaluru,Toluene,2015,05,2015-05,29,3.945
Bengaluru,Toluene,2015,06,2015-06,18,2.149
Bengaluru,Toluene,2015,07,2015-07,19,4.17
Bengaluru,Toluene,2015,08,2015-08,15,35.494
Bengaluru,Toluene,2015,09,2015-09,12,2.52
Bengaluru,Toluene,2015,10,2015-10,11,2.33
Bengaluru,Toluene,2015,11,2015-11,21,4.64
Bengaluru,Toluene,2015,12,2015-12,31,1.536
Bengaluru,Toluene,2016,01,2016-01,30,0.729
Bengaluru,Toluene,2016,02,2016-02,29,0.536
Bengaluru,Toluene,2016,03,2016-03,28,1.23
Bengaluru,Toluene,2016,04,2016-04,29,3.378
Bengaluru,Toluene,2016,05,2016-05,23,5.278
Bengaluru,Toluene,2016,06,2016-06,10,2.315
Bengaluru,Toluene,2016,07,2016-07,10,1.21
Bengaluru,Toluene,2016,08,2016-08,3,0.859
Bengaluru,Toluene,2016,09,2016-09,8,2.21
Bengaluru,Toluene,2016,10,2016-10,19,1.745
Bengaluru,Toluene,2016,11,2016-11,30,2.973
Bengaluru,Toluene,2016,12,2016-12,27,4.703
Bengaluru,Toluene,2017,01,2017-01,22,2.403
Bengaluru,Toluene,2017,02,2017-02,14,2.717
Bengaluru,Toluene,2017,03,2017-03,29,2.135
Bengaluru,Toluene,2017,04,2017-04,27,1.714
Bengaluru,Toluene,2017,05,2017-05,27,1.006
Bengaluru,Toluene,2017,06,2017-06,27,0.761
Bengaluru,Toluene,2017,07,2017-07,30,0.98
Bengaluru,Toluene,2017,08,2017-08,29,1.19
Bengaluru,Toluene,2017,09,2017-09,30,1.313
Bengaluru,Toluene,2017,10,2017-10,31,1.658
Bengaluru,Toluene,2017,11,2017-11,29,0.087
Bengaluru,Toluene,2017,12,2017-12,26,0.986
Bengaluru,Toluene,2018,01,2018-01,22,0.379
Bengaluru,Toluene,2018,02,2018-02,28,0.987
Bengaluru,Toluene,2018,03,2018-03,29,0.925
Bengaluru,Toluene,2018,04,2018-04,30,1.128
Bengaluru,Toluene,2018,05,2018-05,30,1.114
Bengaluru,Toluene,2018,06,2018-06,30,1.335
Bengaluru,Toluene,2018,07,2018-07,31,3.407
Bengaluru,Toluene,2018,08,2018-08,31,2.574
Bengaluru,Toluene,2018,09,2018-09,30,2.471
Bengaluru,Toluene,2018,10,2018-10,31,2.16
Bengaluru,Toluene,2018,11,2018-11,30,2.268
Bengaluru,Toluene,2018,12,2018-12,31,2.182
Bengaluru,Toluene,2019,01,2019-01,31,1.678
Bengaluru,Toluene,2019,02,2019-02,28,2.927
Bengaluru,Toluene,2019,03,2019-03,31,4.862
Bengaluru,Toluene,2019,04,2019-04,30,3.318
Bengaluru,Toluene,2019,05,2019-05,31,2.751
Bengaluru,Toluene,2019,06,2019-06,30,2.152
Bengaluru,Toluene,2019,07,2019-07,31,1.535
Bengaluru,Toluene,2019,08,2019-08,31,1.744
Bengaluru,Toluene,2019,09,2019-09,30,1.81
Bengaluru,Toluene,2019,10,2019-10,31,2.888
Bengaluru,Toluene,2019,11,2019-11,30,8.249
Bengaluru,Toluene,2019,12,2019-12,31,33.248
Bengaluru,Toluene,2020,01,2020-01,31,11.489
Bengaluru,Toluene,2020,02,2020-02,29,1.811
Bengaluru,Toluene,2020,03,2020-03,31,1.525
Bengaluru,Toluene,2020,04,2020-04,30,4.98
Bengaluru,Toluene,2020,05,2020-05,31,1.648
Bengaluru,Toluene,2020,06,2020-06,30,1.917
Bengaluru,Toluene,2020,07,2020-07,0,
Bengaluru,Xylene,2015,01,2015-01,0,
Bengaluru,Xylene,2015,02,2015-02,0,
Bengaluru,Xylene,2015,03,2015-03,0,
Bengaluru,Xylene,2015,04,2015-04,0,
Bengaluru,Xylene,2015,05,2015-05,0,
Bengaluru,Xylene,2015,06,2015-06,0,
Bengaluru,Xylene,2015,07,2015-07,0,
Bengaluru,Xylene,2015,08,2015-08,0,
Bengaluru,Xylene,2015,09,2015-09,0,
Bengaluru,Xylene,2015,10,2015-10,0,
Bengaluru,Xylene,2015,11,2015-11,0,
Bengaluru,Xylene,2015,12,2015-12,0,
Bengaluru,Xylene,2016,01,2016-01,0,
Bengaluru,Xylene,2016,02,2016-02,0,
Bengaluru,Xylene,2016,03,2016-03,0,
Bengaluru,Xylene,2016,04,2016-04,0,
Bengaluru,Xylene,2016,05,2016-05,0,
Bengaluru,Xylene,2016,06,2016-06,0,
Bengaluru,Xylene,2016,07,2016-07,0,
Bengaluru,Xylene,2016,08,2016-08,0,
Bengaluru,Xylene,2016,09,2016-09,0,
Bengaluru,Xylene,2016,10,2016-10,0,
Bengaluru,Xylene,2016,11,2016-11,0,
Bengaluru,Xylene,2016,12,2016-12,0,
Bengaluru,Xylene,2017,01,2017-01,0,
Bengaluru,Xylene,2017,02,2017-02,0,
Bengaluru,Xylene,2017,03,2017-03,0,
Bengaluru,Xylene,2017,04,2017-04,0,
Bengaluru,Xylene,2017,05,2017-05,0,
Bengaluru,Xylene,2017,06,2017-06,0,
Bengaluru,Xylene,2017,07,2017-07,0,
Bengaluru,Xylene,2017,08,2017-08,0,
Bengaluru,Xylene,2017,09,2017-09,0,
Bengaluru,Xylene,2017,10,2017-10,0,
Bengaluru,Xylene,2017,11,2017-11,0,
Bengaluru,Xylene,2017,12,2017-12,0,
Bengaluru,Xylene,2018,01,2018-01,0,
Bengaluru,Xylene,2018,02,2018-02,0,
Bengaluru,Xylene,2018,03,2018-03,0,
Bengaluru,Xylene,2018,04,2018-04,0,
Bengaluru,Xylene,2018,05,2018-05,0,
Bengaluru,Xylene,2018,06,2018-06,0,
Bengaluru,Xylene,2018,07,2018-07,0,
Bengaluru,Xylene,2018,08,2018-08,0,
Bengaluru,Xylene,2018,09,2018-09,0,
Bengaluru,Xylene,2018,10,2018-10,0,
Bengaluru,Xylene,2018,11,2018-11,0,
Bengaluru,Xylene,2018,12,2018-12,0,
Bengaluru,Xylene,2019,01,2019-01,0,
Bengaluru,Xylene,2019,02,2019-02,0,
Bengaluru,Xylene,2019,03,2019-03,0,
Bengaluru,Xylene,2019,04,2019-04,0,
Bengaluru,Xylene,2019,05,2019-05,0,
Bengaluru,Xylene,2019,06,2019-06,0,
Bengaluru,Xylene,2019,07,2019-07,0,
Bengaluru,Xylene,2019,08,2019-08,0,
Bengaluru,Xylene,2019,09,2019-09,0,
Bengaluru,Xylene,2019,10,2019-10,0,
Bengaluru,Xylene,2019,11,2019-11,0,
Bengaluru,Xylene,2019,12,2019-12,0,
Bengaluru,Xylene,2020,01,2020-01,0,
Bengaluru,Xylene,2020,02,2020-02,0,
Bengaluru,Xylene,2020,03,2020-03,0,
Bengaluru,Xylene,2020,04,2020-04,0,
Bengaluru,Xylene,2020,05,2020-05,0,
Bengaluru,Xylene,2020,06,2020-06,0,
Bengaluru,Xylene,2020,07,2020-07,0,
Chennai,Benzene,2015,01,2015-01,17,1.295
Chennai,Benzene,2015,02,2015-02,0,
Chennai,Benzene,2015,03,2015-03,4,7.863
Chennai,Benzene,2015,04,2015-04,4,6.385
Chennai,Benzene,2015,05,2015-05,11,2.204
Chennai,Benzene,2015,06,2015-06,7,1.307
Chennai,Benzene,2015,07,2015-07,7,1.004
Chennai,Benzene,2015,08,2015-08,6,13.605
Chennai,Benzene,2015,09,2015-09,0,
Chennai,Benzene,2015,10,2015-10,1,2.637
Chennai,Benzene,2015,11,2015-11,0,
Chennai,Benzene,2015,12,2015-12,0,
Chennai,Benzene,2016,01,2016-01,10,7.58
Chennai,Benzene,2016,02,2016-02,28,5.628
Chennai,Benzene,2016,03,2016-03,31,2.111
Chennai,Benzene,2016,04,2016-04,30,2.07
Chennai,Benzene,2016,05,2016-05,31,1.711
Chennai,Benzene,2016,06,2016-06,15,3.395
Chennai,Benzene,2016,07,2016-07,20,2.166
Chennai,Benzene,2016,08,2016-08,27,1.332
Chennai,Benzene,2016,09,2016-09,25,1.052
Chennai,Benzene,2016,10,2016-10,27,1.003
Chennai,Benzene,2016,11,2016-11,30,0.367
Chennai,Benzene,2016,12,2016-12,16,0.165
Chennai,Benzene,2017,01,2017-01,31,0.183
Chennai,Benzene,2017,02,2017-02,28,0.12
Chennai,Benzene,2017,03,2017-03,31,0.337
Chennai,Benzene,2017,04,2017-04,29,0.075
Chennai,Benzene,2017,05,2017-05,31,0.213
Chennai,Benzene,2017,06,2017-06,30,0.021
Chennai,Benzene,2017,07,2017-07,31,0.074
Chennai,Benzene,2017,08,2017-08,28,0.053
Chennai,Benzene,2017,09,2017-09,30,0.096
Chennai,Benzene,2017,10,2017-10,31,0.056
Chennai,Benzene,2017,11,2017-11,30,0.349
Chennai,Benzene,2017,12,2017-12,31,1.689
Chennai,Benzene,2018,01,2018-01,31,1.548
Chennai,Benzene,2018,02,2018-02,28,0.958
Chennai,Benzene,2018,03,2018-03,31,0.955
Chennai,Benzene,2018,04,2018-04,30,1.386
Chennai,Benzene,2018,05,2018-05,26,0.892
Chennai,Benzene,2018,06,2018-06,30,0.05
Chennai,Benzene,2018,07,2018-07,31,0.086
Chennai,Benzene,2018,08,2018-08,29,0.015
Chennai,Benzene,2018,09,2018-09,30,0.021
Chennai,Benzene,2018,10,2018-10,31,0.147
Chennai,Benzene,2018,11,2018-11,30,0.108
Chennai,Benzene,2018,12,2018-12,31,0.144
Chennai,Benzene,2019,01,2019-01,31,0.157
Chennai,Benzene,2019,02,2019-02,28,0.027
Chennai,Benzene,2019,03,2019-03,31,0.024
Chennai,Benzene,2019,04,2019-04,30,0.099
Chennai,Benzene,2019,05,2019-05,31,0.155
Chennai,Benzene,2019,06,2019-06,30,0.088
Chennai,Benzene,2019,07,2019-07,31,0.551
Chennai,Benzene,2019,08,2019-08,31,0.966
Chennai,Benzene,2019,09,2019-09,30,0.836
Chennai,Benzene,2019,10,2019-10,31,0.056
Chennai,Benzene,2019,11,2019-11,30,0.107
Chennai,Benzene,2019,12,2019-12,31,1.605
Chennai,Benzene,2020,01,2020-01,31,1.502
Chennai,Benzene,2020,02,2020-02,29,1.649
Chennai,Benzene,2020,03,2020-03,31,2.496
Chennai,Benzene,2020,04,2020-04,30,0.315
Chennai,Benzene,2020,05,2020-05,31,0.173
Chennai,Benzene,2020,06,2020-06,30,0.095
Chennai,Benzene,2020,07,2020-07,0,
Chennai,CO,2015,01,2015-01,31,1.323
Chennai,CO,2015,02,2015-02,28,2.015
Chennai,CO,2015,03,2015-03,31,3.36
Chennai,CO,2015,04,2015-04,30,4.062
Chennai,CO,2015,05,2015-05,31,3.945
Chennai,CO,2015,06,2015-06,30,2.078
Chennai,CO,2015,07,2015-07,31,3.242
Chennai,CO,2015,08,2015-08,31,1.687
Chennai,CO,2015,09,2015-09,30,1.878
Chennai,CO,2015,10,2015-10,31,1.806
Chennai,CO,2015,11,2015-11,30,1.536
Chennai,CO,2015,12,2015-12,26,1.573
Chennai,CO,2016,01,2016-01,29,1.526
Chennai,CO,2016,02,2016-02,29,1.367
Chennai,CO,2016,03,2016-03,31,1.053
Chennai,CO,2016,04,2016-04,30,0.894
Chennai,CO,2016,05,2016-05,31,1.253
Chennai,CO,2016,06,2016-06,14,1.694
Chennai,CO,2016,07,2016-07,27,1.187
Chennai,CO,2016,08,2016-08,31,1.626
Chennai,CO,2016,09,2016-09,30,2.901
Chennai,CO,2016,10,2016-10,31,0.158
Chennai,CO,2016,11,2016-11,30,0.066
Chennai,CO,2016,12,2016-12,16,0.088
Chennai,CO,2017,01,2017-01,31,0.042
Chennai,CO,2017,02,2017-02,28,0.062
Chennai,CO,2017,03,2017-03,31,0.033
Chennai,CO,2017,04,2017-04,30,0.041
Chennai,CO,2017,05,2017-05,31,0.116
Chennai,CO,2017,06,2017-06,30,0.036
Chennai,CO,2017,07,2017-07,31,0.055
Chennai,CO,2017,08,2017-08,31,0.34
Chennai,CO,2017,09,2017-09,30,0.251
Chennai,CO,2017,10,2017-10,31,0.584
Chennai,CO,2017,11,2017-11,30,0.785
Chennai,CO,2017,12,2017-12,31,0.288
Chennai,CO,2018,01,2018-01,31,0.607
Chennai,CO,2018,02,2018-02,28,0.846
Chennai,CO,2018,03,2018-03,31,0.937
Chennai,CO,2018,04,2018-04,30,0.823
Chennai,CO,2018,05,2018-05,31,0.955
Chennai,CO,2018,06,2018-06,30,0.803
Chennai,CO,2018,07,2018-07,31,0.813
Chennai,CO,2018,08,2018-08,31,0.812
Chennai,CO,2018,09,2018-09,30,0.855
Chennai,CO,2018,10,2018-10,31,0.957
Chennai,CO,2018,11,2018-11,30,1.014
Chennai,CO,2018,12,2018-12,31,1.023
Chennai,CO,2019,01,2019-01,31,0.933
Chennai,CO,2019,02,2019-02,28,0.985
Chennai,CO,2019,03,2019-03,31,0.787
Chennai,CO,2019,04,2019-04,30,1.019
Chennai,CO,2019,05,2019-05,31,1.051
Chennai,CO,2019,06,2019-06,30,1.02
Chennai,CO,2019,07,2019-07,31,0.873
Chennai,CO,2019,08,2019-08,31,0.745
Chennai,CO,2019,09,2019-09,30,0.868
Chennai,CO,2019,10,2019-10,31,0.821
Chennai,CO,2019,11,2019-11,30,0.659
Chennai,CO,2019,12,2019-12,31,0.621
Chennai,CO,2020,01,2020-01,31,0.845
Chennai,CO,2020,02,2020-02,29,0.818
Chennai,CO,2020,03,2020-03,31,0.701
Chennai,CO,2020,04,2020-04,30,0.619
Chennai,CO,2020,05,2020-05,31,0.856
Chennai,CO,2020,06,2020-06,30,1.082
Chennai,CO,2020,07,2020-07,0,
Chennai,NH3,2015,01,2015-01,31,5.179
Chennai,NH3,2015,02,2015-02,27,63.478
Chennai,NH3,2015,03,2015-03,28,18.103
Chennai,NH3,2015,04,2015-04,29,11.426
Chennai,NH3,2015,05,2015-05,30,39.23
Chennai,NH3,2015,06,2015-06,30,54.666
Chennai,NH3,2015,07,2015-07,30,48.93
Chennai,NH3,2015,08,2015-08,29,36.444
Chennai,NH3,2015,09,2015-09,30,24.576
Chennai,NH3,2015,10,2015-10,29,38.844
Chennai,NH3,2015,11,2015-11,30,114.874
Chennai,NH3,2015,12,2015-12,25,188.172
Chennai,NH3,2016,01,2016-01,29,144.918
Chennai,NH3,2016,02,2016-02,8,1.492
Chennai,NH3,2016,03,2016-03,25,95.146
Chennai,NH3,2016,04,2016-04,30,112.896
Chennai,NH3,2016,05,2016-05,31,113.497
Chennai,NH3,2016,06,2016-06,13,68.809
Chennai,NH3,2016,07,2016-07,28,99.117
Chennai,NH3,2016,08,2016-08,11,106.725
Chennai,NH3,2016,09,2016-09,0,
Chennai,NH3,2016,10,2016-10,0,
Chennai,NH3,2016,11,2016-11,0,
Chennai,NH3,2016,12,2016-12,0,
Chennai,NH3,2017,01,2017-01,0,
Chennai,NH3,2017,02,2017-02,0,
Chennai,NH3,2017,03,2017-03,0,
Chennai,NH3,2017,04,2017-04,0,
Chennai,NH3,2017,05,2017-05,0,
Chennai,NH3,2017,06,2017-06,0,
Chennai,NH3,2017,07,2017-07,0,
Chennai,NH3,2017,08,2017-08,0,
Chennai,NH3,2017,09,2017-09,1,37.516
Chennai,NH3,2017,10,2017-10,27,103.725
Chennai,NH3,2017,11,2017-11,26,204.871
Chennai,NH3,2017,12,2017-12,31,207.135
Chennai,NH3,2018,01,2018-01,30,125.232
Chennai,NH3,2018,02,2018-02,27,105.272
Chennai,NH3,2018,03,2018-03,31,41.73
Chennai,NH3,2018,04,2018-04,30,45.311
Chennai,NH3,2018,05,2018-05,28,58.996
Chennai,NH3,2018,06,2018-06,30,28.175
Chennai,NH3,2018,07,2018-07,31,51.652
Chennai,NH3,2018,08,2018-08,30,38.66
Chennai,NH3,2018,09,2018-09,30,31.173
Chennai,NH3,2018,10,2018-10,31,71.311
Chennai,NH3,2018,11,2018-11,30,83.093
Chennai,NH3,2018,12,2018-12,31,39.429
Chennai,NH3,2019,01,2019-01,30,64.331
Chennai,NH3,2019,02,2019-02,27,57.872
Chennai,NH3,2019,03,2019-03,22,27.23
Chennai,NH3,2019,04,2019-04,28,2.406
Chennai,NH3,2019,05,2019-05,23,21.906
Chennai,NH3,2019,06,2019-06,25,17.158
Chennai,NH3,2019,07,2019-07,31,34.622
Chennai,NH3,2019,08,2019-08,25,34.71
Chennai,NH3,2019,09,2019-09,29,24.968
Chennai,NH3,2019,10,2019-10,31,38.746
Chennai,NH3,2019,11,2019-11,29,48.342
Chennai,NH3,2019,12,2019-12,29,98.797
Chennai,NH3,2020,01,2020-01,31,52.057
Chennai,NH3,2020,02,2020-02,29,53.01
Chennai,NH3,2020,03,2020-03,31,49.521
Chennai,NH3,2020,04,2020-04,30,43.952
Chennai,NH3,2020,05,2020-05,31,38.244
Chennai,NH3,2020,06,2020-06,30,38.092
Chennai,NH3,2020,07,2020-07,0,
Chennai,NO,2015,01,2015-01,31,26.784
Chennai,NO,2015,02,2015-02,28,11.0
Chennai,NO,2015,03,2015-03,31,18.95
Chennai,NO,2015,04,2015-04,30,21.997
Chennai,NO,2015,05,2015-05,31,14.536
Chennai,NO,2015,06,2015-06,30,4.975
Chennai,NO,2015,07,2015-07,31,6.715
Chennai,NO,2015,08,2015-08,31,8.862
Chennai,NO,2015,09,2015-09,30,10.689
Chennai,NO,2015,10,2015-10,31,13.792
Chennai,NO,2015,11,2015-11,30,7.004
Chennai,NO,2015,12,2015-12,27,7.743
Chennai,NO,2016,01,2016-01,30,7.001
Chennai,NO,2016,02,2016-02,29,8.429
Chennai,NO,2016,03,2016-03,31,5.792
Chennai,NO,2016,04,2016-04,30,6.218
Chennai,NO,2016,05,2016-05,31,5.081
Chennai,NO,2016,06,2016-06,16,6.548
Chennai,NO,2016,07,2016-07,28,6.397
Chennai,NO,2016,08,2016-08,30,6.429
Chennai,NO,2016,09,2016-09,28,7.797
Chennai,NO,2016,10,2016-10,27,6.838
Chennai,NO,2016,11,2016-11,30,4.967
Chennai,NO,2016,12,2016-12,13,5.649
Chennai,NO,2017,01,2017-01,30,5.868
Chennai,NO,2017,02,2017-02,28,7.309
Chennai,NO,2017,03,2017-03,31,3.794
Chennai,NO,2017,04,2017-04,29,3.105
Chennai,NO,2017,05,2017-05,31,4.444
Chennai,NO,2017,06,2017-06,28,7.247
Chennai,NO,2017,07,2017-07,31,8.039
Chennai,NO,2017,08,2017-08,27,5.724
Chennai,NO,2017,09,2017-09,30,7.004
Chennai,NO,2017,10,2017-10,31,9.847
Chennai,NO,2017,11,2017-11,30,10.111
Chennai,NO,2017,12,2017-12,31,10.459
Chennai,NO,2018,01,2018-01,31,11.12
Chennai,NO,2018,02,2018-02,28,11.081
Chennai,NO,2018,03,2018-03,31,10.114
Chennai,NO,2018,04,2018-04,30,16.177
Chennai,NO,2018,05,2018-05,31,15.837
Chennai,NO,2018,06,2018-06,30,10.042
Chennai,NO,2018,07,2018-07,31,9.141
Chennai,NO,2018,08,2018-08,31,9.904
Chennai,NO,2018,09,2018-09,30,10.84
Chennai,NO,2018,10,2018-10,31,11.772
Chennai,NO,2018,11,2018-11,30,11.036
Chennai,NO,2018,12,2018-12,31,10.08
Chennai,NO,2019,01,2019-01,31,6.41
Chennai,NO,2019,02,2019-02,28,6.024
Chennai,NO,2019,03,2019-03,31,15.626
Chennai,NO,2019,04,2019-04,30,7.1
Chennai,NO,2019,05,2019-05,31,10.463
Chennai,NO,2019,06,2019-06,30,9.009
Chennai,NO,2019,07,2019-07,31,7.857
Chennai,NO,2019,08,2019-08,31,8.204
Chennai,NO,2019,09,2019-09,30,5.9
Chennai,NO,2019,10,2019-10,31,10.408
Chennai,NO,2019,11,2019-11,30,9.332
Chennai,NO,2019,12,2019-12,31,7.163
Chennai,NO,2020,01,2020-01,31,8.738
Chennai,NO,2020,02,2020-02,29,9.084
Chennai,NO,2020,03,2020-03,31,8.435
Chennai,NO,2020,04,2020-04,30,6.526
Chennai,NO,2020,05,2020-05,31,6.446
Chennai,NO,2020,06,2020-06,30,9.087
Chennai,NO,2020,07,2020-07,0,
Chennai,NO2,2015,01,2015-01,31,29.71
Chennai,NO2,2015,02,2015-02,28,14.333
Chennai,NO2,2015,03,2015-03,29,26.361
Chennai,NO2,2015,04,2015-04,30,29.99
Chennai,NO2,2015,05,2015-05,31,23.551
Chennai,NO2,2015,06,2015-06,30,15.608
Chennai,NO2,2015,07,2015-07,31,19.275
Chennai,NO2,2015,08,2015-08,31,15.407
Chennai,NO2,2015,09,2015-09,30,13.498
Chennai,NO2,2015,10,2015-10,31,13.882
Chennai,NO2,2015,11,2015-11,30,12.236
Chennai,NO2,2015,12,2015-12,27,11.405
Chennai,NO2,2016,01,2016-01,30,15.936
Chennai,NO2,2016,02,2016-02,29,12.465
Chennai,NO2,2016,03,2016-03,31,10.084
Chennai,NO2,2016,04,2016-04,30,12.282
Chennai,NO2,2016,05,2016-05,31,16.559
Chennai,NO2,2016,06,2016-06,16,13.798
Chennai,NO2,2016,07,2016-07,28,13.656
Chennai,NO2,2016,08,2016-08,30,12.546
Chennai,NO2,2016,09,2016-09,28,19.818
Chennai,NO2,2016,10,2016-10,27,25.058
Chennai,NO2,2016,11,2016-11,30,23.938
Chennai,NO2,2016,12,2016-12,13,26.21
Chennai,NO2,2017,01,2017-01,30,13.961
Chennai,NO2,2017,02,2017-02,28,14.626
Chennai,NO2,2017,03,2017-03,31,11.272
Chennai,NO2,2017,04,2017-04,29,10.676
Chennai,NO2,2017,05,2017-05,31,14.061
Chennai,NO2,2017,06,2017-06,28,12.14
Chennai,NO2,2017,07,2017-07,31,14.155
Chennai,NO2,2017,08,2017-08,27,11.203
Chennai,NO2,2017,09,2017-09,30,12.357
Chennai,NO2,2017,10,2017-10,31,19.038
Chennai,NO2,2017,11,2017-11,30,23.503
Chennai,NO2,2017,12,2017-12,31,23.25
Chennai,NO2,2018,01,2018-01,31,18.056
Chennai,NO2,2018,02,2018-02,28,17.397
Chennai,NO2,2018,03,2018-03,31,16.422
Chennai,NO2,2018,04,2018-04,30,22.714
Chennai,NO2,2018,05,2018-05,31,33.69
Chennai,NO2,2018,06,2018-06,30,22.545
Chennai,NO2,2018,07,2018-07,31,21.06
Chennai,NO2,2018,08,2018-08,31,19.511
Chennai,NO2,2018,09,2018-09,30,16.739
Chennai,NO2,2018,10,2018-10,31,17.435
Chennai,NO2,2018,11,2018-11,30,17.844
Chennai,NO2,2018,12,2018-12,31,16.935
Chennai,NO2,2019,01,2019-01,31,12.721
Chennai,NO2,2019,02,2019-02,28,11.699
Chennai,NO2,2019,03,2019-03,31,19.564
Chennai,NO2,2019,04,2019-04,30,12.796
Chennai,NO2,2019,05,2019-05,31,17.339
Chennai,NO2,2019,06,2019-06,30,20.035
Chennai,NO2,2019,07,2019-07,31,18.879
Chennai,NO2,2019,08,2019-08,31,17.785
Chennai,NO2,2019,09,2019-09,30,13.002
Chennai,NO2,2019,10,2019-10,31,17.889
Chennai,NO2,2019,11,2019-11,30,14.879
Chennai,NO2,2019,12,2019-12,31,17.328
Chennai,NO2,2020,01,2020-01,31,15.766
Chennai,NO2,2020,02,2020-02,29,13.747
Chennai,NO2,2020,03,2020-03,31,9.533
Chennai,NO2,2020,04,2020-04,30,8.776
Chennai,NO2,2020,05,2020-05,31,7.926
Chennai,NO2,2020,06,2020-06,30,11.839
Chennai,NO2,2020,07,2020-07,0,
Chennai,NOx,2015,01,2015-01,31,13.236
Chennai,NOx,2015,02,2015-02,28,15.201
Chennai,NOx,2015,03,2015-03,31,14.693
Chennai,NOx,2015,04,2015-04,30,15.159
Chennai,NOx,2015,05,2015-05,31,21.168
Chennai,NOx,2015,06,2015-06,30,15.993
Chennai,NOx,2015,07,2015-07,31,17.9
Chennai,NOx,2015,08,2015-08,31,19.444
Chennai,NOx,2015,09,2015-09,30,18.267
Chennai,NOx,2015,10,2015-10,31,19.491
Chennai,NOx,2015,11,2015-11,30,15.017
Chennai,NOx,2015,12,2015-12,27,17.624
Chennai,NOx,2016,01,2016-01,30,17.36
Chennai,NOx,2016,02,2016-02,29,13.127
Chennai,NOx,2016,03,2016-03,31,10.8
Chennai,NOx,2016,04,2016-04,30,11.613
Chennai,NOx,2016,05,2016-05,31,14.591
Chennai,NOx,2016,06,2016-06,16,15.387
Chennai,NOx,2016,07,2016-07,28,14.617
Chennai,NOx,2016,08,2016-08,30,14.177
Chennai,NOx,2016,09,2016-09,28,17.57
Chennai,NOx,2016,10,2016-10,27,14.878
Chennai,NOx,2016,11,2016-11,30,14.673
Chennai,NOx,2016,12,2016-12,13,16.425
Chennai,NOx,2017,01,2017-01,30,11.686
Chennai,NOx,2017,02,2017-02,28,13.108
Chennai,NOx,2017,03,2017-03,31,9.349
Chennai,NOx,2017,04,2017-04,29,8.56
Chennai,NOx,2017,05,2017-05,31,9.742
Chennai,NOx,2017,06,2017-06,28,10.08
Chennai,NOx,2017,07,2017-07,31,11.148
Chennai,NOx,2017,08,2017-08,27,8.466
Chennai,NOx,2017,09,2017-09,30,10.459
Chennai,NOx,2017,10,2017-10,31,16.06
Chennai,NOx,2017,11,2017-11,30,17.536
Chennai,NOx,2017,12,2017-12,31,17.883
Chennai,NOx,2018,01,2018-01,31,15.657
Chennai,NOx,2018,02,2018-02,28,14.811
Chennai,NOx,2018,03,2018-03,31,13.664
Chennai,NOx,2018,04,2018-04,30,19.686
Chennai,NOx,2018,05,2018-05,31,27.774
Chennai,NOx,2018,06,2018-06,30,17.665
Chennai,NOx,2018,07,2018-07,31,16.018
Chennai,NOx,2018,08,2018-08,31,23.402
Chennai,NOx,2018,09,2018-09,30,27.56
Chennai,NOx,2018,10,2018-10,31,28.872
Chennai,NOx,2018,11,2018-11,30,27.822
Chennai,NOx,2018,12,2018-12,31,26.127
Chennai,NOx,2019,01,2019-01,31,18.697
Chennai,NOx,2019,02,2019-02,28,17.495
Chennai,NOx,2019,03,2019-03,31,30.084
Chennai,NOx,2019,04,2019-04,30,20.194
Chennai,NOx,2019,05,2019-05,31,24.359
Chennai,NOx,2019,06,2019-06,30,23.191
Chennai,NOx,2019,07,2019-07,31,26.492
Chennai,NOx,2019,08,2019-08,31,24.373
Chennai,NOx,2019,09,2019-09,30,17.193
Chennai,NOx,2019,10,2019-10,31,23.747
Chennai,NOx,2019,11,2019-11,30,22.033
Chennai,NOx,2019,12,2019-12,31,24.045
Chennai,NOx,2020,01,2020-01,31,23.79
Chennai,NOx,2020,02,2020-02,29,21.563
Chennai,NOx,2020,03,2020-03,31,17.033
Chennai,NOx,2020,04,2020-04,30,13.529
Chennai,NOx,2020,05,2020-05,31,13.756
Chennai,NOx,2020,06,2020-06,30,19.783
Chennai,NOx,2020,07,2020-07,0,
Chennai,O3,2015,01,2015-01,31,22.485
Chennai,O3,2015,02,2015-02,28,32.957
Chennai,O3,2015,03,2015-03,29,49.592
Chennai,O3,2015,04,2015-04,23,25.898
Chennai,O3,2015,05,2015-05,26,31.765
Chennai,O3,2015,06,2015-06,30,40.929
Chennai,O3,2015,07,2015-07,30,31.719
Chennai,O3,2015,08,2015-08,31,15.559
Chennai,O3,2015,09,2015-09,30,27.301
Chennai,O3,2015,10,2015-10,31,31.075
Chennai,O3,2015,11,2015-11,30,52.724
Chennai,O3,2015,12,2015-12,27,32.503
Chennai,O3,2016,01,2016-01,28,27.998
Chennai,O3,2016,02,2016-02,29,31.27
Chennai,O3,2016,03,2016-03,31,28.685
Chennai,O3,2016,04,2016-04,30,32.531
Chennai,O3,2016,05,2016-05,31,45.055
Chennai,O3,2016,06,2016-06,15,33.758
Chennai,O3,2016,07,2016-07,21,17.473
Chennai,O3,2016,08,2016-08,29,22.944
Chennai,O3,2016,09,2016-09,28,22.629
Chennai,O3,2016,10,2016-10,27,49.163
Chennai,O3,2016,11,2016-11,30,39.236
Chennai,O3,2016,12,2016-12,13,33.134
Chennai,O3,2017,01,2017-01,30,38.428
Chennai,O3,2017,02,2017-02,28,34.532
Chennai,O3,2017,03,2017-03,30,22.789
Chennai,O3,2017,04,2017-04,29,32.701
Chennai,O3,2017,05,2017-05,31,44.201
Chennai,O3,2017,06,2017-06,28,28.765
Chennai,O3,2017,07,2017-07,31,23.022
Chennai,O3,2017,08,2017-08,27,25.016
Chennai,O3,2017,09,2017-09,29,31.288
Chennai,O3,2017,10,2017-10,31,28.157
Chennai,O3,2017,11,2017-11,30,23.175
Chennai,O3,2017,12,2017-12,31,37.145
Chennai,O3,2018,01,2018-01,31,39.851
Chennai,O3,2018,02,2018-02,28,31.244
Chennai,O3,2018,03,2018-03,31,28.429
Chennai,O3,2018,04,2018-04,30,33.109
Chennai,O3,2018,05,2018-05,31,35.057
Chennai,O3,2018,06,2018-06,30,30.551
Chennai,O3,2018,07,2018-07,30,19.561
Chennai,O3,2018,08,2018-08,29,12.88
Chennai,O3,2018,09,2018-09,30,28.61
Chennai,O3,2018,10,2018-10,31,23.036
Chennai,O3,2018,11,2018-11,30,26.288
Chennai,O3,2018,12,2018-12,31,32.063
Chennai,O3,2019,01,2019-01,31,41.06
Chennai,O3,2019,02,2019-02,28,34.059
Chennai,O3,2019,03,2019-03,31,25.987
Chennai,O3,2019,04,2019-04,30,14.304
Chennai,O3,2019,05,2019-05,31,31.745
Chennai,O3,2019,06,2019-06,30,45.337
Chennai,O3,2019,07,2019-07,31,29.154
Chennai,O3,2019,08,2019-08,31,42.859
Chennai,O3,2019,09,2019-09,30,49.069
Chennai,O3,2019,10,2019-10,31,42.654
Chennai,O3,2019,11,2019-11,30,37.336
Chennai,O3,2019,12,2019-12,31,28.996
Chennai,O3,2020,01,2020-01,31,29.705
Chennai,O3,2020,02,2020-02,29,28.165
Chennai,O3,2020,03,2020-03,31,31.816
Chennai,O3,2020,04,2020-04,30,36.497
Chennai,O3,2020,05,2020-05,31,46.672
Chennai,O3,2020,06,2020-06,30,58.941
Chennai,O3,2020,07,2020-07,0,
Chennai,PM10,2015,01,2015-01,0,
Chennai,PM10,2015,02,2015-02,0,
Chennai,PM10,2015,03,2015-03,0,
Chennai,PM10,2015,04,2015-04,0,
Chennai,PM10,2015,05,2015-05,0,
Chennai,PM10,2015,06,2015-06,0,
Chennai,PM10,2015,07,2015-07,0,
Chennai,PM10,2015,08,2015-08,0,
Chennai,PM10,2015,09,2015-09,0,
Chennai,PM10,2015,10,2015-10,0,
Chennai,PM10,2015,11,2015-11,0,
Chennai,PM10,2015,12,2015-12,0,
Chennai,PM10,2016,01,2016-01,0,
Chennai,PM10,2016,02,2016-02,0,
Chennai,PM10,2016,03,2016-03,0,
Chennai,PM10,2016,04,2016-04,0,
Chennai,PM10,2016,05,2016-05,0,
Chennai,PM10,2016,06,2016-06,0,
Chennai,PM10,2016,07,2016-07,0,
Chennai,PM10,2016,08,2016-08,0,
Chennai,PM10,2016,09,2016-09,0,
Chennai,PM10,2016,10,2016-10,0,
Chennai,PM10,2016,11,2016-11,0,
Chennai,PM10,2016,12,2016-12,0,
Chennai,PM10,2017,01,2017-01,0,
Chennai,PM10,2017,02,2017-02,0,
Chennai,PM10,2017,03,2017-03,0,
Chennai,PM10,2017,04,2017-04,0,
Chennai,PM10,2017,05,2017-05,0,
Chennai,PM10,2017,06,2017-06,0,
Chennai,PM10,2017,07,2017-07,0,
Chennai,PM10,2017,08,2017-08,0,
Chennai,PM10,2017,09,2017-09,0,
Chennai,PM10,2017,10,2017-10,0,
Chennai,PM10,2017,11,2017-11,0,
Chennai,PM10,2017,12,2017-12,0,
Chennai,PM10,2018,01,2018-01,0,
Chennai,PM10,2018,02,2018-02,0,
Chennai,PM10,2018,03,2018-03,0,
Chennai,PM10,2018,04,2018-04,0,
Chennai,PM10,2018,05,2018-05,0,
Chennai,PM10,2018,06,2018-06,0,
Chennai,PM10,2018,07,2018-07,0,
Chennai,PM10,2018,08,2018-08,0,
Chennai,PM10,2018,09,2018-09,0,
Chennai,PM10,2018,10,2018-10,0,
Chennai,PM10,2018,11,2018-11,0,
Chennai,PM10,2018,12,2018-12,0,
Chennai,PM10,2019,01,2019-01,0,
Chennai,PM10,2019,02,2019-02,0,
Chennai,PM10,2019,03,2019-03,0,
Chennai,PM10,2019,04,2019-04,0,
Chennai,PM10,2019,05,2019-05,0,
Chennai,PM10,2019,06,2019-06,3,52.316
Chennai,PM10,2019,07,2019-07,8,30.982
Chennai,PM10,2019,08,2019-08,20,33.587
Chennai,PM10,2019,09,2019-09,27,47.988
Chennai,PM10,2019,10,2019-10,29,60.436
Chennai,PM10,2019,11,2019-11,25,99.869
Chennai,PM10,2019,12,2019-12,27,61.258
Chennai,PM10,2020,01,2020-01,30,66.602
Chennai,PM10,2020,02,2020-02,28,65.317
Chennai,PM10,2020,03,2020-03,12,56.931
Chennai,PM10,2020,04,2020-04,1,185.821
Chennai,PM10,2020,05,2020-05,1,230.278
Chennai,PM10,2020,06,2020-06,23,42.809
Chennai,PM10,2020,07,2020-07,0,
Chennai,PM2.5,2015,01,2015-01,0,
Chennai,PM2.5,2015,02,2015-02,0,
Chennai,PM2.5,2015,03,2015-03,5,150.756
Chennai,PM2.5,2015,04,2015-04,27,74.796
Chennai,PM2.5,2015,05,2015-05,30,82.661
Chennai,PM2.5,2015,06,2015-06,30,69.567
Chennai,PM2.5,2015,07,2015-07,30,59.865
Chennai,PM2.5,2015,08,2015-08,31,53.68
Chennai,PM2.5,2015,09,2015-09,30,35.453
Chennai,PM2.5,2015,10,2015-10,31,48.967
Chennai,PM2.5,2015,11,2015-11,30,39.73
Chennai,PM2.5,2015,12,2015-12,27,55.922
Chennai,PM2.5,2016,01,2016-01,30,56.397
Chennai,PM2.5,2016,02,2016-02,29,72.564
Chennai,PM2.5,2016,03,2016-03,31,70.686
Chennai,PM2.5,2016,04,2016-04,30,59.277
Chennai,PM2.5,2016,05,2016-05,31,56.55
Chennai,PM2.5,2016,06,2016-06,16,47.481
Chennai,PM2.5,2016,07,2016-07,28,40.213
Chennai,PM2.5,2016,08,2016-08,30,35.258
Chennai,PM2.5,2016,09,2016-09,28,31.992
Chennai,PM2.5,2016,10,2016-10,27,66.12
Chennai,PM2.5,2016,11,2016-11,30,70.271
Chennai,PM2.5,2016,12,2016-12,13,59.846
Chennai,PM2.5,2017,01,2017-01,30,70.792
Chennai,PM2.5,2017,02,2017-02,28,62.582
Chennai,PM2.5,2017,03,2017-03,31,60.3
Chennai,PM2.5,2017,04,2017-04,29,57.565
Chennai,PM2.5,2017,05,2017-05,31,57.311
Chennai,PM2.5,2017,06,2017-06,28,43.548
Chennai,PM2.5,2017,07,2017-07,31,54.125
Chennai,PM2.5,2017,08,2017-08,27,42.295
Chennai,PM2.5,2017,09,2017-09,30,40.23
Chennai,PM2.5,2017,10,2017-10,31,50.231
Chennai,PM2.5,2017,11,2017-11,30,43.467
Chennai,PM2.5,2017,12,2017-12,31,55.7
Chennai,PM2.5,2018,01,2018-01,31,75.99
Chennai,PM2.5,2018,02,2018-02,28,57.041
Chennai,PM2.5,2018,03,2018-03,31,52.099
Chennai,PM2.5,2018,04,2018-04,30,33.741
Chennai,PM2.5,2018,05,2018-05,31,39.211
Chennai,PM2.5,2018,06,2018-06,30,53.541
Chennai,PM2.5,2018,07,2018-07,31,51.472
Chennai,PM2.5,2018,08,2018-08,31,43.241
Chennai,PM2.5,2018,09,2018-09,30,47.005
Chennai,PM2.5,2018,10,2018-10,31,49.961
Chennai,PM2.5,2018,11,2018-11,30,55.976
Chennai,PM2.5,2018,12,2018-12,31,66.3
Chennai,PM2.5,2019,01,2019-01,31,62.089
Chennai,PM2.5,2019,02,2019-02,28,52.948
Chennai,PM2.5,2019,03,2019-03,31,51.381
Chennai,PM2.5,2019,04,2019-04,30,34.409
Chennai,PM2.5,2019,05,2019-05,31,44.653
Chennai,PM2.5,2019,06,2019-06,30,49.134
Chennai,PM2.5,2019,07,2019-07,31,41.289
Chennai,PM2.5,2019,08,2019-08,31,26.19
Chennai,PM2.5,2019,09,2019-09,30,28.723
Chennai,PM2.5,2019,10,2019-10,31,39.087
Chennai,PM2.5,2019,11,2019-11,30,54.879
Chennai,PM2.5,2019,12,2019-12,31,43.068
Chennai,PM2.5,2020,01,2020-01,31,44.23
Chennai,PM2.5,2020,02,2020-02,29,37.013
Chennai,PM2.5,2020,03,2020-03,31,31.877
Chennai,PM2.5,2020,04,2020-04,30,15.453
Chennai,PM2.5,2020,05,2020-05,31,18.9
Chennai,PM2.5,2020,06,2020-06,30,29.448
Chennai,PM2.5,2020,07,2020-07,0,
Chennai,SO2,2015,01,2015-01,31,15.247
Chennai,SO2,2015,02,2015-02,28,7.432
Chennai,SO2,2015,03,2015-03,31,8.857
Chennai,SO2,2015,04,2015-04,29,4.944
Chennai,SO2,2015,05,2015-05,31,11.508
Chennai,SO2,2015,06,2015-06,30,10.398
Chennai,SO2,2015,07,2015-07,30,11.397
Chennai,SO2,2015,08,2015-08,31,14.194
Chennai,SO2,2015,09,2015-09,30,12.411
Chennai,SO2,2015,10,2015-10,31,9.846
Chennai,SO2,2015,11,2015-11,30,5.684
Chennai,SO2,2015,12,2015-12,27,3.11
Chennai,SO2,2016,01,2016-01,30,3.5
Chennai,SO2,2016,02,2016-02,29,3.977
Chennai,SO2,2016,03,2016-03,31,3.793
Chennai,SO2,2016,04,2016-04,30,3.619
Chennai,SO2,2016,05,2016-05,31,4.489
Chennai,SO2,2016,06,2016-06,16,4.149
Chennai,SO2,2016,07,2016-07,28,3.973
Chennai,SO2,2016,08,2016-08,30,4.491
Chennai,SO2,2016,09,2016-09,28,3.386
Chennai,SO2,2016,10,2016-10,27,7.413
Chennai,SO2,2016,11,2016-11,30,4.66
Chennai,SO2,2016,12,2016-12,13,4.093
Chennai,SO2,2017,01,2017-01,30,4.816
Chennai,SO2,2017,02,2017-02,28,3.825
Chennai,SO2,2017,03,2017-03,31,3.402
Chennai,SO2,2017,04,2017-04,29,5.629
Chennai,SO2,2017,05,2017-05,31,7.964
Chennai,SO2,2017,06,2017-06,28,5.417
Chennai,SO2,2017,07,2017-07,31,4.934
Chennai,SO2,2017,08,2017-08,27,4.967
Chennai,SO2,2017,09,2017-09,30,12.043
Chennai,SO2,2017,10,2017-10,31,12.117
Chennai,SO2,2017,11,2017-11,30,12.455
Chennai,SO2,2017,12,2017-12,31,11.941
Chennai,SO2,2018,01,2018-01,31,15.764
Chennai,SO2,2018,02,2018-02,28,8.716
Chennai,SO2,2018,03,2018-03,31,8.403
Chennai,SO2,2018,04,2018-04,30,7.237
Chennai,SO2,2018,05,2018-05,31,6.62
Chennai,SO2,2018,06,2018-06,30,5.718
Chennai,SO2,2018,07,2018-07,31,6.65
Chennai,SO2,2018,08,2018-08,31,9.867
Chennai,SO2,2018,09,2018-09,30,8.033
Chennai,SO2,2018,10,2018-10,31,10.204
Chennai,SO2,2018,11,2018-11,30,9.775
Chennai,SO2,2018,12,2018-12,31,10.646
Chennai,SO2,2019,01,2019-01,31,14.787
Chennai,SO2,2019,02,2019-02,28,12.799
Chennai,SO2,2019,03,2019-03,31,9.268
Chennai,SO2,2019,04,2019-04,30,6.579
Chennai,SO2,2019,05,2019-05,31,6.293
Chennai,SO2,2019,06,2019-06,30,6.244
Chennai,SO2,2019,07,2019-07,31,5.551
Chennai,SO2,2019,08,2019-08,31,7.047
Chennai,SO2,2019,09,2019-09,30,6.386
Chennai,SO2,2019,10,2019-10,31,6.883
Chennai,SO2,2019,11,2019-11,30,7.232
Chennai,SO2,2019,12,2019-12,31,9.199
Chennai,SO2,2020,01,2020-01,31,14.273
Chennai,SO2,2020,02,2020-02,29,12.713
Chennai,SO2,2020,03,2020-03,31,7.835
Chennai,SO2,2020,04,2020-04,30,5.4
Chennai,SO2,2020,05,2020-05,31,5.096
Chennai,SO2,2020,06,2020-06,30,6.241
Chennai,SO2,2020,07,2020-07,0,
Chennai,Toluene,2015,01,2015-01,1,3.935
Chennai,Toluene,2015,02,2015-02,4,7.22
Chennai,Toluene,2015,03,2015-03,6,8.508
Chennai,Toluene,2015,04,2015-04,4,6.545
Chennai,Toluene,2015,05,2015-05,15,5.727
Chennai,Toluene,2015,06,2015-06,15,2.606
Chennai,Toluene,2015,07,2015-07,7,0.194
Chennai,Toluene,2015,08,2015-08,7,10.201
Chennai,Toluene,2015,09,2015-09,0,
Chennai,Toluene,2015,10,2015-10,1,0.367
Chennai,Toluene,2015,11,2015-11,0,
Chennai,Toluene,2015,12,2015-12,0,
Chennai,Toluene,2016,01,2016-01,7,6.972
Chennai,Toluene,2016,02,2016-02,27,7.283
Chennai,Toluene,2016,03,2016-03,31,3.87
Chennai,Toluene,2016,04,2016-04,30,4.651
Chennai,Toluene,2016,05,2016-05,31,5.815
Chennai,Toluene,2016,06,2016-06,14,11.313
Chennai,Toluene,2016,07,2016-07,17,6.681
Chennai,Toluene,2016,08,2016-08,29,3.344
Chennai,Toluene,2016,09,2016-09,30,2.74
Chennai,Toluene,2016,10,2016-10,31,1.78
Chennai,Toluene,2016,11,2016-11,30,0.526
Chennai,Toluene,2016,12,2016-12,16,0.171
Chennai,Toluene,2017,01,2017-01,31,0.039
Chennai,Toluene,2017,02,2017-02,28,0.08
Chennai,Toluene,2017,03,2017-03,31,0.184
Chennai,Toluene,2017,04,2017-04,29,0.183
Chennai,Toluene,2017,05,2017-05,31,0.267
Chennai,Toluene,2017,06,2017-06,30,0.027
Chennai,Toluene,2017,07,2017-07,31,0.155
Chennai,Toluene,2017,08,2017-08,28,0.081
Chennai,Toluene,2017,09,2017-09,30,0.256
Chennai,Toluene,2017,10,2017-10,31,0.13
Chennai,Toluene,2017,11,2017-11,30,1.895
Chennai,Toluene,2017,12,2017-12,31,2.437
Chennai,Toluene,2018,01,2018-01,31,2.942
Chennai,Toluene,2018,02,2018-02,28,1.986
Chennai,Toluene,2018,03,2018-03,31,1.827
Chennai,Toluene,2018,04,2018-04,30,5.189
Chennai,Toluene,2018,05,2018-05,26,1.825
Chennai,Toluene,2018,06,2018-06,30,4.005
Chennai,Toluene,2018,07,2018-07,31,2.848
Chennai,Toluene,2018,08,2018-08,29,5.142
Chennai,Toluene,2018,09,2018-09,30,1.77
Chennai,Toluene,2018,10,2018-10,31,3.742
Chennai,Toluene,2018,11,2018-11,30,0.564
Chennai,Toluene,2018,12,2018-12,31,0.674
Chennai,Toluene,2019,01,2019-01,31,1.599
Chennai,Toluene,2019,02,2019-02,28,0.478
Chennai,Toluene,2019,03,2019-03,31,1.219
Chennai,Toluene,2019,04,2019-04,30,1.537
Chennai,Toluene,2019,05,2019-05,31,0.484
Chennai,Toluene,2019,06,2019-06,30,1.489
Chennai,Toluene,2019,07,2019-07,31,1.546
Chennai,Toluene,2019,08,2019-08,31,2.198
Chennai,Toluene,2019,09,2019-09,30,3.352
Chennai,Toluene,2019,10,2019-10,31,0.898
Chennai,Toluene,2019,11,2019-11,30,2.025
Chennai,Toluene,2019,12,2019-12,31,0.169
Chennai,Toluene,2020,01,2020-01,31,0.072
Chennai,Toluene,2020,02,2020-02,29,0.022
Chennai,Toluene,2020,03,2020-03,31,0.09
Chennai,Toluene,2020,04,2020-04,30,0.002
Chennai,Toluene,2020,05,2020-05,31,0.025
Chennai,Toluene,2020,06,2020-06,30,0.033
Chennai,Toluene,2020,07,2020-07,0,
Chennai,Xylene,2015,01,2015-01,0,
Chennai,Xylene,2015,02,2015-02,0,
Chennai,Xylene,2015,03,2015-03,0,
Chennai,Xylene,2015,04,2015-04,0,
Chennai,Xylene,2015,05,2015-05,0,
Chennai,Xylene,2015,06,2015-06,0,
Chennai,Xylene,2015,07,2015-07,0,
Chennai,Xylene,2015,08,2015-08,0,
Chennai,Xylene,2015,09,2015-09,0,
Chennai,Xylene,2015,10,2015-10,0,
Chennai,Xylene,2015,11,2015-11,0,
Chennai,Xylene,2015,12,2015-12,0,
Chennai,Xylene,2016,01,2016-01,0,
Chennai,Xylene,2016,02,2016-02,0,
Chennai,Xylene,2016,03,2016-03,0,
Chennai,Xylene,2016,04,2016-04,0,
Chennai,Xylene,2016,05,2016-05,0,
Chennai,Xylene,2016,06,2016-06,0,
Chennai,Xylene,2016,07,2016-07,0,
Chennai,Xylene,2016,08,2016-08,0,
Chennai,Xylene,2016,09,2016-09,0,
Chennai,Xylene,2016,10,2016-10,0,
Chennai,Xylene,2016,11,2016-11,0,
Chennai,Xylene,2016,12,2016-12,0,
Chennai,Xylene,2017,01,2017-01,0,
Chennai,Xylene,2017,02,2017-02,0,
Chennai,Xylene,2017,03,2017-03,0,
Chennai,Xylene,2017,04,2017-04,0,
Chennai,Xylene,2017,05,2017-05,0,
Chennai,Xylene,2017,06,2017-06,0,
Chennai,Xylene,2017,07,2017-07,0,
Chennai,Xylene,2017,08,2017-08,0,
Chennai,Xylene,2017,09,2017-09,0,
Chennai,Xylene,2017,10,2017-10,0,
Chennai,Xylene,2017,11,2017-11,0,
Chennai,Xylene,2017,12,2017-12,0,
Chennai,Xylene,2018,01,2018-01,0,
Chennai,Xylene,2018,02,2018-02,0,
Chennai,Xylene,2018,03,2018-03,0,
Chennai,Xylene,2018,04,2018-04,0,
Chennai,Xylene,2018,05,2018-05,0,
Chennai,Xylene,2018,06,2018-06,0,
Chennai,Xylene,2018,07,2018-07,0,
Chennai,Xylene,2018,08,2018-08,0,
Chennai,Xylene,2018,09,2018-09,0,
Chennai,Xylene,2018,10,2018-10,0,
Chennai,Xylene,2018,11,2018-11,0,
Chennai,Xylene,2018,12,2018-12,0,
Chennai,Xylene,2019,01,2019-01,0,
Chennai,Xylene,2019,02,2019-02,0,
Chennai,Xylene,2019,03,2019-03,0,
Chennai,Xylene,2019,04,2019-04,0,
Chennai,Xylene,2019,05,2019-05,0,
Chennai,Xylene,2019,06,2019-06,0,
Chennai,Xylene,2019,07,2019-07,0,
Chennai,Xylene,2019,08,2019-08,0,
Chennai,Xylene,2019,09,2019-09,0,
Chennai,Xylene,2019,10,2019-10,0,
Chennai,Xylene,2019,11,2019-11,0,
Chennai,Xylene,2019,12,2019-12,0,
Chennai,Xylene,2020,01,2020-01,0,
Chennai,Xylene,2020,02,2020-02,0,
Chennai,Xylene,2020,03,2020-03,0,
Chennai,Xylene,2020,04,2020-04,0,
Chennai,Xylene,2020,05,2020-05,0,
Chennai,Xylene,2020,06,2020-06,0,
Chennai,Xylene,2020,07,2020-07,0,
Delhi,Benzene,2015,01,2015-01,31,5.266
Delhi,Benzene,2015,02,2015-02,28,3.969
Delhi,Benzene,2015,03,2015-03,31,3.066
Delhi,Benzene,2015,04,2015-04,30,3.143
Delhi,Benzene,2015,05,2015-05,31,3.072
Delhi,Benzene,2015,06,2015-06,30,2.093
Delhi,Benzene,2015,07,2015-07,31,1.96
Delhi,Benzene,2015,08,2015-08,31,2.032
Delhi,Benzene,2015,09,2015-09,30,3.42
Delhi,Benzene,2015,10,2015-10,31,5.945
Delhi,Benzene,2015,11,2015-11,30,5.913
Delhi,Benzene,2015,12,2015-12,31,4.432
Delhi,Benzene,2016,01,2016-01,31,6.571
Delhi,Benzene,2016,02,2016-02,29,6.262
Delhi,Benzene,2016,03,2016-03,31,4.011
Delhi,Benzene,2016,04,2016-04,30,5.23
Delhi,Benzene,2016,05,2016-05,31,3.361
Delhi,Benzene,2016,06,2016-06,30,3.745
Delhi,Benzene,2016,07,2016-07,29,3.42
Delhi,Benzene,2016,08,2016-08,31,2.957
Delhi,Benzene,2016,09,2016-09,30,1.877
Delhi,Benzene,2016,10,2016-10,31,3.678
Delhi,Benzene,2016,11,2016-11,30,6.471
Delhi,Benzene,2016,12,2016-12,31,6.809
Delhi,Benzene,2017,01,2017-01,31,4.932
Delhi,Benzene,2017,02,2017-02,28,3.461
Delhi,Benzene,2017,03,2017-03,31,3.033
Delhi,Benzene,2017,04,2017-04,30,2.885
Delhi,Benzene,2017,05,2017-05,31,2.819
Delhi,Benzene,2017,06,2017-06,30,1.021
Delhi,Benzene,2017,07,2017-07,31,0.229
Delhi,Benzene,2017,08,2017-08,31,0.173
Delhi,Benzene,2017,09,2017-09,30,0.227
Delhi,Benzene,2017,10,2017-10,31,0.977
Delhi,Benzene,2017,11,2017-11,30,5.765
Delhi,Benzene,2017,12,2017-12,31,4.83
Delhi,Benzene,2018,01,2018-01,31,3.567
Delhi,Benzene,2018,02,2018-02,28,2.467
Delhi,Benzene,2018,03,2018-03,31,2.617
Delhi,Benzene,2018,04,2018-04,30,2.91
Delhi,Benzene,2018,05,2018-05,31,2.776
Delhi,Benzene,2018,06,2018-06,30,2.721
Delhi,Benzene,2018,07,2018-07,31,1.576
Delhi,Benzene,2018,08,2018-08,31,1.411
Delhi,Benzene,2018,09,2018-09,30,2.396
Delhi,Benzene,2018,10,2018-10,31,6.602
Delhi,Benzene,2018,11,2018-11,30,6.593
Delhi,Benzene,2018,12,2018-12,31,7.558
Delhi,Benzene,2019,01,2019-01,31,6.264
Delhi,Benzene,2019,02,2019-02,28,3.923
Delhi,Benzene,2019,03,2019-03,31,3.875
Delhi,Benzene,2019,04,2019-04,30,3.89
Delhi,Benzene,2019,05,2019-05,31,3.99
Delhi,Benzene,2019,06,2019-06,30,2.718
Delhi,Benzene,2019,07,2019-07,31,2.128
Delhi,Benzene,2019,08,2019-08,31,2.156
Delhi,Benzene,2019,09,2019-09,30,2.035
Delhi,Benzene,2019,10,2019-10,31,4.435
Delhi,Benzene,2019,11,2019-11,30,4.909
Delhi,Benzene,2019,12,2019-12,31,5.28
Delhi,Benzene,2020,01,2020-01,31,4.599
Delhi,Benzene,2020,02,2020-02,29,4.059
Delhi,Benzene,2020,03,2020-03,31,2.346
Delhi,Benzene,2020,04,2020-04,30,1.634
Delhi,Benzene,2020,05,2020-05,31,1.74
Delhi,Benzene,2020,06,2020-06,30,1.837
Delhi,Benzene,2020,07,2020-07,0,
Delhi,CO,2015,01,2015-01,31,10.269
Delhi,CO,2015,02,2015-02,28,11.138
Delhi,CO,2015,03,2015-03,31,9.864
Delhi,CO,2015,04,2015-04,30,7.219
Delhi,CO,2015,05,2015-05,31,8.008
Delhi,CO,2015,06,2015-06,30,2.653
Delhi,CO,2015,07,2015-07,29,1.482
Delhi,CO,2015,08,2015-08,31,1.2
Delhi,CO,2015,09,2015-09,30,1.22
Delhi,CO,2015,10,2015-10,30,2.08
Delhi,CO,2015,11,2015-11,30,2.284
Delhi,CO,2015,12,2015-12,29,6.368
Delhi,CO,2016,01,2016-01,30,2.245
Delhi,CO,2016,02,2016-02,29,1.571
Delhi,CO,2016,03,2016-03,28,1.463
Delhi,CO,2016,04,2016-04,25,1.487
Delhi,CO,2016,05,2016-05,29,1.217
Delhi,CO,2016,06,2016-06,30,2.126
Delhi,CO,2016,07,2016-07,27,1.993
Delhi,CO,2016,08,2016-08,31,1.665
Delhi,CO,2016,09,2016-09,30,1.293
Delhi,CO,2016,10,2016-10,31,1.555
Delhi,CO,2016,11,2016-11,30,1.505
Delhi,CO,2016,12,2016-12,31,1.275
Delhi,CO,2017,01,2017-01,31,0.768
Delhi,CO,2017,02,2017-02,28,0.741
Delhi,CO,2017,03,2017-03,31,0.515
Delhi,CO,2017,04,2017-04,30,0.608
Delhi,CO,2017,05,2017-05,31,0.848
Delhi,CO,2017,06,2017-06,30,0.179
Delhi,CO,2017,07,2017-07,31,0.0
Delhi,CO,2017,08,2017-08,31,0.025
Delhi,CO,2017,09,2017-09,30,0.395
Delhi,CO,2017,10,2017-10,31,0.777
Delhi,CO,2017,11,2017-11,30,1.828
Delhi,CO,2017,12,2017-12,31,1.701
Delhi,CO,2018,01,2018-01,31,1.598
Delhi,CO,2018,02,2018-02,28,1.461
Delhi,CO,2018,03,2018-03,31,1.225
Delhi,CO,2018,04,2018-04,30,1.401
Delhi,CO,2018,05,2018-05,31,1.503
Delhi,CO,2018,06,2018-06,30,0.824
Delhi,CO,2018,07,2018-07,31,0.846
Delhi,CO,2018,08,2018-08,31,0.888
Delhi,CO,2018,09,2018-09,30,0.936
Delhi,CO,2018,10,2018-10,31,1.815
Delhi,CO,2018,11,2018-11,30,2.068
Delhi,CO,2018,12,2018-12,31,2.308
Delhi,CO,2019,01,2019-01,31,1.904
Delhi,CO,2019,02,2019-02,28,1.348
Delhi,CO,2019,03,2019-03,31,1.186
Delhi,CO,2019,04,2019-04,30,1.338
Delhi,CO,2019,05,2019-05,31,1.373
Delhi,CO,2019,06,2019-06,30,1.141
Delhi,CO,2019,07,2019-07,31,1.1
Delhi,CO,2019,08,2019-08,31,1.085
Delhi,CO,2019,09,2019-09,30,0.961
Delhi,CO,2019,10,2019-10,31,1.549
Delhi,CO,2019,11,2019-11,30,1.696
Delhi,CO,2019,12,2019-12,31,1.762
Delhi,CO,2020,01,2020-01,31,1.57
Delhi,CO,2020,02,2020-02,29,1.295
Delhi,CO,2020,03,2020-03,31,0.882
Delhi,CO,2020,04,2020-04,30,0.781
Delhi,CO,2020,05,2020-05,31,0.908
Delhi,CO,2020,06,2020-06,30,0.915
Delhi,CO,2020,07,2020-07,0,
Delhi,NH3,2015,01,2015-01,31,97.868
Delhi,NH3,2015,02,2015-02,28,65.826
Delhi,NH3,2015,03,2015-03,31,27.79
Delhi,NH3,2015,04,2015-04,30,32.522
Delhi,NH3,2015,05,2015-05,31,38.924
Delhi,NH3,2015,06,2015-06,30,51.19
Delhi,NH3,2015,07,2015-07,31,40.415
Delhi,NH3,2015,08,2015-08,31,32.428
Delhi,NH3,2015,09,2015-09,28,31.048
Delhi,NH3,2015,10,2015-10,30,29.805
Delhi,NH3,2015,11,2015-11,30,54.622
Delhi,NH3,2015,12,2015-12,31,69.243
Delhi,NH3,2016,01,2016-01,30,62.647
Delhi,NH3,2016,02,2016-02,29,40.785
Delhi,NH3,2016,03,2016-03,23,37.829
Delhi,NH3,2016,04,2016-04,25,27.922
Delhi,NH3,2016,05,2016-05,30,42.204
Delhi,NH3,2016,06,2016-06,30,36.453
Delhi,NH3,2016,07,2016-07,29,41.156
Delhi,NH3,2016,08,2016-08,26,28.957
Delhi,NH3,2016,09,2016-09,28,26.054
Delhi,NH3,2016,10,2016-10,31,46.8
Delhi,NH3,2016,11,2016-11,30,65.716
Delhi,NH3,2016,12,2016-12,31,54.088
Delhi,NH3,2017,01,2017-01,31,41.214
Delhi,NH3,2017,02,2017-02,28,53.054
Delhi,NH3,2017,03,2017-03,31,44.483
Delhi,NH3,2017,04,2017-04,30,48.223
Delhi,NH3,2017,05,2017-05,31,36.421
Delhi,NH3,2017,06,2017-06,25,48.029
Delhi,NH3,2017,07,2017-07,31,31.811
Delhi,NH3,2017,08,2017-08,20,29.838
Delhi,NH3,2017,09,2017-09,17,34.444
Delhi,NH3,2017,10,2017-10,31,48.003
Delhi,NH3,2017,11,2017-11,30,58.8
Delhi,NH3,2017,12,2017-12,31,63.088
Delhi,NH3,2018,01,2018-01,31,53.168
Delhi,NH3,2018,02,2018-02,28,48.62
Delhi,NH3,2018,03,2018-03,31,40.203
Delhi,NH3,2018,04,2018-04,30,40.683
Delhi,NH3,2018,05,2018-05,31,46.085
Delhi,NH3,2018,06,2018-06,30,39.17
Delhi,NH3,2018,07,2018-07,31,40.473
Delhi,NH3,2018,08,2018-08,31,33.986
Delhi,NH3,2018,09,2018-09,30,27.069
Delhi,NH3,2018,10,2018-10,31,39.947
Delhi,NH3,2018,11,2018-11,30,47.435
Delhi,NH3,2018,12,2018-12,31,52.039
Delhi,NH3,2019,01,2019-01,31,49.322
Delhi,NH3,2019,02,2019-02,28,38.21
Delhi,NH3,2019,03,2019-03,31,32.303
Delhi,NH3,2019,04,2019-04,30,33.702
Delhi,NH3,2019,05,2019-05,31,33.912
Delhi,NH3,2019,06,2019-06,30,31.952
Delhi,NH3,2019,07,2019-07,31,32.635
Delhi,NH3,2019,08,2019-08,31,31.963
Delhi,NH3,2019,09,2019-09,30,28.23
Delhi,NH3,2019,10,2019-10,31,34.048
Delhi,NH3,2019,11,2019-11,30,38.813
Delhi,NH3,2019,12,2019-12,31,51.487
Delhi,NH3,2020,01,2020-01,31,44.219
Delhi,NH3,2020,02,2020-02,29,38.544
Delhi,NH3,2020,03,2020-03,31,31.798
Delhi,NH3,2020,04,2020-04,30,27.784
Delhi,NH3,2020,05,2020-05,31,29.726
Delhi,NH3,2020,06,2020-06,30,32.771
Delhi,NH3,2020,07,2020-07,0,
Delhi,NO,2015,01,2015-01,31,26.392
Delhi,NO,2015,02,2015-02,28,29.287
Delhi,NO,2015,03,2015-03,31,15.01
Delhi,NO,2015,04,2015-04,30,18.511
Delhi,NO,2015,05,2015-05,31,30.83
Delhi,NO,2015,06,2015-06,30,19.972
Delhi,NO,2015,07,2015-07,31,16.723
Delhi,NO,2015,08,2015-08,31,28.196
Delhi,NO,2015,09,2015-09,30,25.61
Delhi,NO,2015,10,2015-10,31,46.706
Delhi,NO,2015,11,2015-11,30,68.578
Delhi,NO,2015,12,2015-12,31,68.8
Delhi,NO,2016,01,2016-01,31,67.324
Delhi,NO,2016,02,2016-02,29,50.806
Delhi,NO,2016,03,2016-03,31,40.46
Delhi,NO,2016,04,2016-04,30,40.432
Delhi,NO,2016,05,2016-05,31,19.985
Delhi,NO,2016,06,2016-06,30,14.27
Delhi,NO,2016,07,2016-07,29,20.191
Delhi,NO,2016,08,2016-08,31,20.074
Delhi,NO,2016,09,2016-09,30,26.586
Delhi,NO,2016,10,2016-10,31,97.589
Delhi,NO,2016,11,2016-11,30,120.81
Delhi,NO,2016,12,2016-12,31,95.04
Delhi,NO,2017,01,2017-01,31,83.702
Delhi,NO,2017,02,2017-02,28,79.576
Delhi,NO,2017,03,2017-03,31,55.639
Delhi,NO,2017,04,2017-04,30,71.205
Delhi,NO,2017,05,2017-05,31,53.206
Delhi,NO,2017,06,2017-06,25,44.941
Delhi,NO,2017,07,2017-07,31,27.787
Delhi,NO,2017,08,2017-08,21,29.879
Delhi,NO,2017,09,2017-09,30,26.263
Delhi,NO,2017,10,2017-10,31,40.484
Delhi,NO,2017,11,2017-11,30,48.759
Delhi,NO,2017,12,2017-12,31,49.352
Delhi,NO,2018,01,2018-01,31,38.324
Delhi,NO,2018,02,2018-02,28,39.805
Delhi,NO,2018,03,2018-03,31,29.993
Delhi,NO,2018,04,2018-04,30,26.716
Delhi,NO,2018,05,2018-05,31,26.576
Delhi,NO,2018,06,2018-06,30,11.795
Delhi,NO,2018,07,2018-07,31,12.546
Delhi,NO,2018,08,2018-08,31,16.896
Delhi,NO,2018,09,2018-09,30,25.509
Delhi,NO,2018,10,2018-10,31,60.269
Delhi,NO,2018,11,2018-11,30,64.009
Delhi,NO,2018,12,2018-12,31,85.258
Delhi,NO,2019,01,2019-01,31,60.299
Delhi,NO,2019,02,2019-02,28,36.67
Delhi,NO,2019,03,2019-03,31,29.61
Delhi,NO,2019,04,2019-04,30,29.016
Delhi,NO,2019,05,2019-05,31,31.952
Delhi,NO,2019,06,2019-06,30,19.799
Delhi,NO,2019,07,2019-07,31,14.487
Delhi,NO,2019,08,2019-08,31,17.793
Delhi,NO,2019,09,2019-09,30,12.252
Delhi,NO,2019,10,2019-10,31,39.928
Delhi,NO,2019,11,2019-11,30,43.44
Delhi,NO,2019,12,2019-12,31,49.792
Delhi,NO,2020,01,2020-01,31,47.914
Delhi,NO,2020,02,2020-02,29,39.056
Delhi,NO,2020,03,2020-03,31,21.95
Delhi,NO,2020,04,2020-04,30,9.71
Delhi,NO,2020,05,2020-05,31,9.77
Delhi,NO,2020,06,2020-06,30,8.459
Delhi,NO,2020,07,2020-07,0,
Delhi,NO2,2015,01,2015-01,31,36.926
Delhi,NO2,2015,02,2015-02,28,41.657
Delhi,NO2,2015,03,2015-03,31,24.385
Delhi,NO2,2015,04,2015-04,30,44.28
Delhi,NO2,2015,05,2015-05,31,61.484
Delhi,NO2,2015,06,2015-06,30,58.515
Delhi,NO2,2015,07,2015-07,31,42.89
Delhi,NO2,2015,08,2015-08,31,43.701
Delhi,NO2,2015,09,2015-09,30,43.715
Delhi,NO2,2015,10,2015-10,31,54.274
Delhi,NO2,2015,11,2015-11,30,74.486
Delhi,NO2,2015,12,2015-12,31,78.672
Delhi,NO2,2016,01,2016-01,31,77.35
Delhi,NO2,2016,02,2016-02,29,69.579
Delhi,NO2,2016,03,2016-03,30,55.108
Delhi,NO2,2016,04,2016-04,30,53.53
Delhi,NO2,2016,05,2016-05,30,55.019
Delhi,NO2,2016,06,2016-06,30,42.872
Delhi,NO2,2016,07,2016-07,29,35.227
Delhi,NO2,2016,08,2016-08,31,35.065
Delhi,NO2,2016,09,2016-09,28,50.751
Delhi,NO2,2016,10,2016-10,31,92.107
Delhi,NO2,2016,11,2016-11,30,112.663
Delhi,NO2,2016,12,2016-12,31,82.685
Delhi,NO2,2017,01,2017-01,31,67.708
Delhi,NO2,2017,02,2017-02,28,67.246
Delhi,NO2,2017,03,2017-03,31,58.462
Delhi,NO2,2017,04,2017-04,30,80.339
Delhi,NO2,2017,05,2017-05,31,69.641
Delhi,NO2,2017,06,2017-06,25,74.825
Delhi,NO2,2017,07,2017-07,31,35.224
Delhi,NO2,2017,08,2017-08,21,45.725
Delhi,NO2,2017,09,2017-09,30,26.724
Delhi,NO2,2017,10,2017-10,31,47.222
Delhi,NO2,2017,11,2017-11,30,60.69
Delhi,NO2,2017,12,2017-12,31,56.635
Delhi,NO2,2018,01,2018-01,31,51.847
Delhi,NO2,2018,02,2018-02,28,57.44
Delhi,NO2,2018,03,2018-03,31,46.579
Delhi,NO2,2018,04,2018-04,30,48.954
Delhi,NO2,2018,05,2018-05,31,49.042
Delhi,NO2,2018,06,2018-06,30,31.185
Delhi,NO2,2018,07,2018-07,31,30.528
Delhi,NO2,2018,08,2018-08,31,26.342
Delhi,NO2,2018,09,2018-09,30,29.861
Delhi,NO2,2018,10,2018-10,31,55.536
Delhi,NO2,2018,11,2018-11,30,60.387
Delhi,NO2,2018,12,2018-12,31,64.053
Delhi,NO2,2019,01,2019-01,31,60.671
Delhi,NO2,2019,02,2019-02,28,47.77
Delhi,NO2,2019,03,2019-03,31,45.96
Delhi,NO2,2019,04,2019-04,30,48.454
Delhi,NO2,2019,05,2019-05,31,51.666
Delhi,NO2,2019,06,2019-06,30,38.506
Delhi,NO2,2019,07,2019-07,31,30.462
Delhi,NO2,2019,08,2019-08,31,30.381
Delhi,NO2,2019,09,2019-09,30,30.785
Delhi,NO2,2019,10,2019-10,31,47.941
Delhi,NO2,2019,11,2019-11,30,54.722
Delhi,NO2,2019,12,2019-12,31,55.485
Delhi,NO2,2020,01,2020-01,31,47.605
Delhi,NO2,2020,02,2020-02,29,48.893
Delhi,NO2,2020,03,2020-03,31,33.78
Delhi,NO2,2020,04,2020-04,30,21.008
Delhi,NO2,2020,05,2020-05,31,24.903
Delhi,NO2,2020,06,2020-06,30,23.727
Delhi,NO2,2020,07,2020-07,0,
Delhi,NOx,2015,01,2015-01,31,51.794
Delhi,NOx,2015,02,2015-02,28,54.208
Delhi,NOx,2015,03,2015-03,31,30.733
Delhi,NOx,2015,04,2015-04,30,54.751
Delhi,NOx,2015,05,2015-05,31,78.593
Delhi,NOx,2015,06,2015-06,30,73.305
Delhi,NOx,2015,07,2015-07,31,123.626
Delhi,NOx,2015,08,2015-08,31,130.24
Delhi,NOx,2015,09,2015-09,30,62.834
Delhi,NOx,2015,10,2015-10,31,86.827
Delhi,NOx,2015,11,2015-11,30,116.404
Delhi,NOx,2015,12,2015-12,31,114.951
Delhi,NOx,2016,01,2016-01,31,119.731
Delhi,NOx,2016,02,2016-02,29,102.45
Delhi,NOx,2016,03,2016-03,31,79.184
Delhi,NOx,2016,04,2016-04,30,78.506
Delhi,NOx,2016,05,2016-05,31,62.964
Delhi,NOx,2016,06,2016-06,30,53.026
Delhi,NOx,2016,07,2016-07,29,53.654
Delhi,NOx,2016,08,2016-08,31,52.02
Delhi,NOx,2016,09,2016-09,30,70.469
Delhi,NOx,2016,10,2016-10,31,113.227
Delhi,NOx,2016,11,2016-11,30,71.849
Delhi,NOx,2016,12,2016-12,31,51.144
Delhi,NOx,2017,01,2017-01,31,47.6
Delhi,NOx,2017,02,2017-02,28,53.038
Delhi,NOx,2017,03,2017-03,31,36.462
Delhi,NOx,2017,04,2017-04,30,47.132
Delhi,NOx,2017,05,2017-05,31,42.312
Delhi,NOx,2017,06,2017-06,30,19.877
Delhi,NOx,2017,07,2017-07,31,6.529
Delhi,NOx,2017,08,2017-08,31,6.664
Delhi,NOx,2017,09,2017-09,30,13.026
Delhi,NOx,2017,10,2017-10,31,36.393
Delhi,NOx,2017,11,2017-11,30,85.775
Delhi,NOx,2017,12,2017-12,31,25.32
Delhi,NOx,2018,01,2018-01,31,32.544
Delhi,NOx,2018,02,2018-02,28,70.334
Delhi,NOx,2018,03,2018-03,31,60.766
Delhi,NOx,2018,04,2018-04,30,58.058
Delhi,NOx,2018,05,2018-05,31,56.705
Delhi,NOx,2018,06,2018-06,30,33.891
Delhi,NOx,2018,07,2018-07,31,28.91
Delhi,NOx,2018,08,2018-08,31,29.725
Delhi,NOx,2018,09,2018-09,30,37.759
Delhi,NOx,2018,10,2018-10,31,79.611
Delhi,NOx,2018,11,2018-11,30,88.318
Delhi,NOx,2018,12,2018-12,31,111.396
Delhi,NOx,2019,01,2019-01,31,87.5
Delhi,NOx,2019,02,2019-02,28,58.743
Delhi,NOx,2019,03,2019-03,31,52.28
Delhi,NOx,2019,04,2019-04,30,51.956
Delhi,NOx,2019,05,2019-05,31,54.668
Delhi,NOx,2019,06,2019-06,30,38.963
Delhi,NOx,2019,07,2019-07,31,30.047
Delhi,NOx,2019,08,2019-08,31,33.421
Delhi,NOx,2019,09,2019-09,30,28.459
Delhi,NOx,2019,10,2019-10,31,60.294
Delhi,NOx,2019,11,2019-11,30,68.694
Delhi,NOx,2019,12,2019-12,31,73.678
Delhi,NOx,2020,01,2020-01,31,69.345
Delhi,NOx,2020,02,2020-02,29,62.028
Delhi,NOx,2020,03,2020-03,31,38.555
Delhi,NOx,2020,04,2020-04,30,20.548
Delhi,NOx,2020,05,2020-05,31,22.486
Delhi,NOx,2020,06,2020-06,30,21.124
Delhi,NOx,2020,07,2020-07,0,
Delhi,O3,2015,01,2015-01,31,25.869
Delhi,O3,2015,02,2015-02,28,30.829
Delhi,O3,2015,03,2015-03,31,28.739
Delhi,O3,2015,04,2015-04,30,58.172
Delhi,O3,2015,05,2015-05,31,69.061
Delhi,O3,2015,06,2015-06,30,67.083
Delhi,O3,2015,07,2015-07,31,49.435
Delhi,O3,2015,08,2015-08,31,53.344
Delhi,O3,2015,09,2015-09,30,60.622
Delhi,O3,2015,10,2015-10,31,64.291
Delhi,O3,2015,11,2015-11,30,98.812
Delhi,O3,2015,12,2015-12,31,80.966
Delhi,O3,2016,01,2016-01,31,118.718
Delhi,O3,2016,02,2016-02,29,105.205
Delhi,O3,2016,03,2016-03,30,82.041
Delhi,O3,2016,04,2016-04,29,67.571
Delhi,O3,2016,05,2016-05,29,89.529
Delhi,O3,2016,06,2016-06,30,73.056
Delhi,O3,2016,07,2016-07,29,50.377
Delhi,O3,2016,08,2016-08,31,61.023
Delhi,O3,2016,09,2016-09,28,74.143
Delhi,O3,2016,10,2016-10,31,104.605
Delhi,O3,2016,11,2016-11,29,57.527
Delhi,O3,2016,12,2016-12,31,38.139
Delhi,O3,2017,01,2017-01,31,36.211
Delhi,O3,2017,02,2017-02,28,36.973
Delhi,O3,2017,03,2017-03,31,30.93
Delhi,O3,2017,04,2017-04,28,38.861
Delhi,O3,2017,05,2017-05,31,48.739
Delhi,O3,2017,06,2017-06,7,38.667
Delhi,O3,2017,07,2017-07,0,
Delhi,O3,2017,08,2017-08,1,27.784
Delhi,O3,2017,09,2017-09,29,27.132
Delhi,O3,2017,10,2017-10,31,49.763
Delhi,O3,2017,11,2017-11,30,61.706
Delhi,O3,2017,12,2017-12,31,50.821
Delhi,O3,2018,01,2018-01,31,57.42
Delhi,O3,2018,02,2018-02,28,46.803
Delhi,O3,2018,03,2018-03,31,47.739
Delhi,O3,2018,04,2018-04,30,57.817
Delhi,O3,2018,05,2018-05,31,58.698
Delhi,O3,2018,06,2018-06,30,48.221
Delhi,O3,2018,07,2018-07,31,33.487
Delhi,O3,2018,08,2018-08,31,28.046
Delhi,O3,2018,09,2018-09,30,28.739
Delhi,O3,2018,10,2018-10,31,46.094
Delhi,O3,2018,11,2018-11,30,41.795
Delhi,O3,2018,12,2018-12,31,37.817
Delhi,O3,2019,01,2019-01,31,33.859
Delhi,O3,2019,02,2019-02,28,34.104
Delhi,O3,2019,03,2019-03,31,40.262
Delhi,O3,2019,04,2019-04,30,52.132
Delhi,O3,2019,05,2019-05,31,53.003
Delhi,O3,2019,06,2019-06,30,55.483
Delhi,O3,2019,07,2019-07,31,33.465
Delhi,O3,2019,08,2019-08,31,27.618
Delhi,O3,2019,09,2019-09,30,30.567
Delhi,O3,2019,10,2019-10,31,42.792
Delhi,O3,2019,11,2019-11,30,34.247
Delhi,O3,2019,12,2019-12,31,29.832
Delhi,O3,2020,01,2020-01,31,26.304
Delhi,O3,2020,02,2020-02,29,37.458
Delhi,O3,2020,03,2020-03,31,37.86
Delhi,O3,2020,04,2020-04,30,46.186
Delhi,O3,2020,05,2020-05,31,56.768
Delhi,O3,2020,06,2020-06,30,39.616
Delhi,O3,2020,07,2020-07,0,
Delhi,PM10,2015,01,2015-01,31,277.937
Delhi,PM10,2015,02,2015-02,28,234.939
Delhi,PM10,2015,03,2015-03,31,134.601
Delhi,PM10,2015,04,2015-04,30,187.991
Delhi,PM10,2015,05,2015-05,31,271.05
Delhi,PM10,2015,06,2015-06,27,191.047
Delhi,PM10,2015,07,2015-07,29,110.913
Delhi,PM10,2015,08,2015-08,31,156.174
Delhi,PM10,2015,09,2015-09,30,193.36
Delhi,PM10,2015,10,2015-10,30,263.301
Delhi,PM10,2015,11,2015-11,30,377.321
Delhi,PM10,2015,12,2015-12,22,398.198
Delhi,PM10,2016,01,2016-01,30,423.395
Delhi,PM10,2016,02,2016-02,29,246.839
Delhi,PM10,2016,03,2016-03,23,167.833
Delhi,PM10,2016,04,2016-04,22,257.738
Delhi,PM10,2016,05,2016-05,26,214.653
Delhi,PM10,2016,06,2016-06,30,178.76
Delhi,PM10,2016,07,2016-07,27,104.356
Delhi,PM10,2016,08,2016-08,26,99.668
Delhi,PM10,2016,09,2016-09,28,177.317
Delhi,PM10,2016,10,2016-10,31,347.857
Delhi,PM10,2016,11,2016-11,29,451.281
Delhi,PM10,2016,12,2016-12,31,413.749
Delhi,PM10,2017,01,2017-01,31,284.653
Delhi,PM10,2017,02,2017-02,28,299.783
Delhi,PM10,2017,03,2017-03,31,263.128
Delhi,PM10,2017,04,2017-04,30,302.356
Delhi,PM10,2017,05,2017-05,31,313.412
Delhi,PM10,2017,06,2017-06,22,237.579
Delhi,PM10,2017,07,2017-07,2,224.094
Delhi,PM10,2017,08,2017-08,1,60.148
Delhi,PM10,2017,09,2017-09,29,96.838
Delhi,PM10,2017,10,2017-10,31,221.261
Delhi,PM10,2017,11,2017-11,30,354.228
Delhi,PM10,2017,12,2017-12,31,287.687
Delhi,PM10,2018,01,2018-01,31,300.289
Delhi,PM10,2018,02,2018-02,28,265.064
Delhi,PM10,2018,03,2018-03,31,224.216
Delhi,PM10,2018,04,2018-04,30,254.447
Delhi,PM10,2018,05,2018-05,31,242.444
Delhi,PM10,2018,06,2018-06,30,245.543
Delhi,PM10,2018,07,2018-07,31,102.671
Delhi,PM10,2018,08,2018-08,31,117.763
Delhi,PM10,2018,09,2018-09,30,114.685
Delhi,PM10,2018,10,2018-10,31,295.135
Delhi,PM10,2018,11,2018-11,30,342.432
Delhi,PM10,2018,12,2018-12,31,378.942
Delhi,PM10,2019,01,2019-01,31,320.044
Delhi,PM10,2019,02,2019-02,28,212.379
Delhi,PM10,2019,03,2019-03,31,181.935
Delhi,PM10,2019,04,2019-04,30,229.141
Delhi,PM10,2019,05,2019-05,31,246.819
Delhi,PM10,2019,06,2019-06,30,208.547
Delhi,PM10,2019,07,2019-07,31,140.827
Delhi,PM10,2019,08,2019-08,31,81.957
Delhi,PM10,2019,09,2019-09,30,96.855
Delhi,PM10,2019,10,2019-10,31,238.371
Delhi,PM10,2019,11,2019-11,30,314.439
Delhi,PM10,2019,12,2019-12,31,308.64
Delhi,PM10,2020,01,2020-01,31,238.522
Delhi,PM10,2020,02,2020-02,29,219.876
Delhi,PM10,2020,03,2020-03,31,122.189
Delhi,PM10,2020,04,2020-04,30,104.877
Delhi,PM10,2020,05,2020-05,31,137.662
Delhi,PM10,2020,06,2020-06,30,121.209
Delhi,PM10,2020,07,2020-07,0,
Delhi,PM2.5,2015,01,2015-01,31,175.619
Delhi,PM2.5,2015,02,2015-02,28,153.92
Delhi,PM2.5,2015,03,2015-03,31,80.338
Delhi,PM2.5,2015,04,2015-04,30,91.562
Delhi,PM2.5,2015,05,2015-05,31,97.109
Delhi,PM2.5,2015,06,2015-06,30,85.786
Delhi,PM2.5,2015,07,2015-07,31,52.732
Delhi,PM2.5,2015,08,2015-08,31,56.932
Delhi,PM2.5,2015,09,2015-09,30,74.223
Delhi,PM2.5,2015,10,2015-10,30,133.43
Delhi,PM2.5,2015,11,2015-11,30,227.707
Delhi,PM2.5,2015,12,2015-12,31,183.906
Delhi,PM2.5,2016,01,2016-01,31,258.543
Delhi,PM2.5,2016,02,2016-02,29,144.997
Delhi,PM2.5,2016,03,2016-03,30,96.473
Delhi,PM2.5,2016,04,2016-04,30,119.057
Delhi,PM2.5,2016,05,2016-05,30,94.533
Delhi,PM2.5,2016,06,2016-06,30,80.086
Delhi,PM2.5,2016,07,2016-07,29,56.553
Delhi,PM2.5,2016,08,2016-08,31,45.638
Delhi,PM2.5,2016,09,2016-09,28,63.554
Delhi,PM2.5,2016,10,2016-10,31,167.836
Delhi,PM2.5,2016,11,2016-11,30,306.019
Delhi,PM2.5,2016,12,2016-12,31,232.421
Delhi,PM2.5,2017,01,2017-01,31,199.433
Delhi,PM2.5,2017,02,2017-02,28,171.872
Delhi,PM2.5,2017,03,2017-03,31,109.241
Delhi,PM2.5,2017,04,2017-04,30,117.265
Delhi,PM2.5,2017,05,2017-05,31,129.618
Delhi,PM2.5,2017,06,2017-06,25,61.297
Delhi,PM2.5,2017,07,2017-07,31,34.721
Delhi,PM2.5,2017,08,2017-08,21,38.47
Delhi,PM2.5,2017,09,2017-09,30,52.037
Delhi,PM2.5,2017,10,2017-10,31,146.696
Delhi,PM2.5,2017,11,2017-11,30,249.79
Delhi,PM2.5,2017,12,2017-12,31,189.342
Delhi,PM2.5,2018,01,2018-01,31,189.786
Delhi,PM2.5,2018,02,2018-02,28,137.887
Delhi,PM2.5,2018,03,2018-03,31,99.287
Delhi,PM2.5,2018,04,2018-04,30,90.472
Delhi,PM2.5,2018,05,2018-05,31,88.476
Delhi,PM2.5,2018,06,2018-06,30,80.962
Delhi,PM2.5,2018,07,2018-07,31,41.642
Delhi,PM2.5,2018,08,2018-08,31,41.038
Delhi,PM2.5,2018,09,2018-09,30,45.348
Delhi,PM2.5,2018,10,2018-10,31,134.321
Delhi,PM2.5,2018,11,2018-11,30,202.317
Delhi,PM2.5,2018,12,2018-12,31,229.591
Delhi,PM2.5,2019,01,2019-01,31,204.347
Delhi,PM2.5,2019,02,2019-02,28,122.316
Delhi,PM2.5,2019,03,2019-03,31,84.152
Delhi,PM2.5,2019,04,2019-04,30,82.312
Delhi,PM2.5,2019,05,2019-05,31,89.748
Delhi,PM2.5,2019,06,2019-06,30,63.84
Delhi,PM2.5,2019,07,2019-07,31,46.733
Delhi,PM2.5,2019,08,2019-08,31,34.117
Delhi,PM2.5,2019,09,2019-09,30,40.133
Delhi,PM2.5,2019,10,2019-10,31,123.656
Delhi,PM2.5,2019,11,2019-11,30,205.393
Delhi,PM2.5,2019,12,2019-12,31,205.242
Delhi,PM2.5,2020,01,2020-01,31,157.113
Delhi,PM2.5,2020,02,2020-02,29,121.484
Delhi,PM2.5,2020,03,2020-03,31,57.506
Delhi,PM2.5,2020,04,2020-04,30,44.94
Delhi,PM2.5,2020,05,2020-05,31,55.448
Delhi,PM2.5,2020,06,2020-06,30,46.696
Delhi,PM2.5,2020,07,2020-07,0,
Delhi,SO2,2015,01,2015-01,31,5.593
Delhi,SO2,2015,02,2015-02,28,7.864
Delhi,SO2,2015,03,2015-03,31,7.387
Delhi,SO2,2015,04,2015-04,30,16.101
Delhi,SO2,2015,05,2015-05,31,16.129
Delhi,SO2,2015,06,2015-06,30,7.273
Delhi,SO2,2015,07,2015-07,31,10.311
Delhi,SO2,2015,08,2015-08,31,9.93
Delhi,SO2,2015,09,2015-09,30,11.458
Delhi,SO2,2015,10,2015-10,31,14.607
Delhi,SO2,2015,11,2015-11,30,24.316
Delhi,SO2,2015,12,2015-12,31,20.055
Delhi,SO2,2016,01,2016-01,31,19.273
Delhi,SO2,2016,02,2016-02,29,24.19
Delhi,SO2,2016,03,2016-03,30,22.595
Delhi,SO2,2016,04,2016-04,30,28.329
Delhi,SO2,2016,05,2016-05,30,17.965
Delhi,SO2,2016,06,2016-06,30,11.688
Delhi,SO2,2016,07,2016-07,29,8.213
Delhi,SO2,2016,08,2016-08,31,8.973
Delhi,SO2,2016,09,2016-09,28,12.399
Delhi,SO2,2016,10,2016-10,31,23.81
Delhi,SO2,2016,11,2016-11,29,26.699
Delhi,SO2,2016,12,2016-12,31,22.321
Delhi,SO2,2017,01,2017-01,31,21.403
Delhi,SO2,2017,02,2017-02,28,18.73
Delhi,SO2,2017,03,2017-03,31,21.998
Delhi,SO2,2017,04,2017-04,28,34.7
Delhi,SO2,2017,05,2017-05,31,42.532
Delhi,SO2,2017,06,2017-06,7,21.761
Delhi,SO2,2017,07,2017-07,0,
Delhi,SO2,2017,08,2017-08,0,
Delhi,SO2,2017,09,2017-09,4,6.52
Delhi,SO2,2017,10,2017-10,31,18.228
Delhi,SO2,2017,11,2017-11,30,17.379
Delhi,SO2,2017,12,2017-12,31,19.46
Delhi,SO2,2018,01,2018-01,31,16.001
Delhi,SO2,2018,02,2018-02,28,13.507
Delhi,SO2,2018,03,2018-03,31,15.958
Delhi,SO2,2018,04,2018-04,30,14.734
Delhi,SO2,2018,05,2018-05,31,12.54
Delhi,SO2,2018,06,2018-06,30,8.907
Delhi,SO2,2018,07,2018-07,31,10.242
Delhi,SO2,2018,08,2018-08,31,10.104
Delhi,SO2,2018,09,2018-09,30,11.39
Delhi,SO2,2018,10,2018-10,31,17.276
Delhi,SO2,2018,11,2018-11,30,16.796
Delhi,SO2,2018,12,2018-12,31,16.16
Delhi,SO2,2019,01,2019-01,31,16.772
Delhi,SO2,2019,02,2019-02,28,15.843
Delhi,SO2,2019,03,2019-03,31,18.183
Delhi,SO2,2019,04,2019-04,30,21.646
Delhi,SO2,2019,05,2019-05,31,19.663
Delhi,SO2,2019,06,2019-06,30,13.422
Delhi,SO2,2019,07,2019-07,31,9.602
Delhi,SO2,2019,08,2019-08,31,8.796
Delhi,SO2,2019,09,2019-09,30,9.173
Delhi,SO2,2019,10,2019-10,31,12.077
Delhi,SO2,2019,11,2019-11,30,13.11
Delhi,SO2,2019,12,2019-12,31,10.303
Delhi,SO2,2020,01,2020-01,31,11.367
Delhi,SO2,2020,02,2020-02,29,14.945
Delhi,SO2,2020,03,2020-03,31,14.001
Delhi,SO2,2020,04,2020-04,30,15.494
Delhi,SO2,2020,05,2020-05,31,15.425
Delhi,SO2,2020,06,2020-06,30,12.402
Delhi,SO2,2020,07,2020-07,0,
Delhi,Toluene,2015,01,2015-01,31,10.914
Delhi,Toluene,2015,02,2015-02,28,9.411
Delhi,Toluene,2015,03,2015-03,31,8.617
Delhi,Toluene,2015,04,2015-04,30,9.827
Delhi,Toluene,2015,05,2015-05,31,10.062
Delhi,Toluene,2015,06,2015-06,30,6.22
Delhi,Toluene,2015,07,2015-07,31,6.409
Delhi,Toluene,2015,08,2015-08,31,7.37
Delhi,Toluene,2015,09,2015-09,30,10.317
Delhi,Toluene,2015,10,2015-10,31,19.338
Delhi,Toluene,2015,11,2015-11,30,17.311
Delhi,Toluene,2015,12,2015-12,31,13.046
Delhi,Toluene,2016,01,2016-01,31,16.848
Delhi,Toluene,2016,02,2016-02,29,15.497
Delhi,Toluene,2016,03,2016-03,31,10.76
Delhi,Toluene,2016,04,2016-04,30,12.546
Delhi,Toluene,2016,05,2016-05,31,10.038
Delhi,Toluene,2016,06,2016-06,30,12.018
Delhi,Toluene,2016,07,2016-07,29,11.504
Delhi,Toluene,2016,08,2016-08,31,13.464
Delhi,Toluene,2016,09,2016-09,30,8.095
Delhi,Toluene,2016,10,2016-10,31,12.688
Delhi,Toluene,2016,11,2016-11,30,17.527
Delhi,Toluene,2016,12,2016-12,31,15.126
Delhi,Toluene,2017,01,2017-01,31,10.519
Delhi,Toluene,2017,02,2017-02,28,7.827
Delhi,Toluene,2017,03,2017-03,31,6.591
Delhi,Toluene,2017,04,2017-04,30,14.089
Delhi,Toluene,2017,05,2017-05,31,15.447
Delhi,Toluene,2017,06,2017-06,30,3.216
Delhi,Toluene,2017,07,2017-07,31,0.0
Delhi,Toluene,2017,08,2017-08,31,0.019
Delhi,Toluene,2017,09,2017-09,30,0.281
Delhi,Toluene,2017,10,2017-10,31,3.902
Delhi,Toluene,2017,11,2017-11,30,15.572
Delhi,Toluene,2017,12,2017-12,31,14.322
Delhi,Toluene,2018,01,2018-01,31,8.816
Delhi,Toluene,2018,02,2018-02,28,5.098
Delhi,Toluene,2018,03,2018-03,31,4.445
Delhi,Toluene,2018,04,2018-04,30,4.84
Delhi,Toluene,2018,05,2018-05,31,4.54
Delhi,Toluene,2018,06,2018-06,30,9.275
Delhi,Toluene,2018,07,2018-07,31,24.907
Delhi,Toluene,2018,08,2018-08,31,26.145
Delhi,Toluene,2018,09,2018-09,30,31.889
Delhi,Toluene,2018,10,2018-10,31,64.523
Delhi,Toluene,2018,11,2018-11,30,51.766
Delhi,Toluene,2018,12,2018-12,31,53.689
Delhi,Toluene,2019,01,2019-01,31,42.006
Delhi,Toluene,2019,02,2019-02,28,30.507
Delhi,Toluene,2019,03,2019-03,31,29.383
Delhi,Toluene,2019,04,2019-04,30,28.245
Delhi,Toluene,2019,05,2019-05,31,29.15
Delhi,Toluene,2019,06,2019-06,30,21.041
Delhi,Toluene,2019,07,2019-07,31,20.437
Delhi,Toluene,2019,08,2019-08,31,21.614
Delhi,Toluene,2019,09,2019-09,30,20.163
Delhi,Toluene,2019,10,2019-10,31,32.037
Delhi,Toluene,2019,11,2019-11,30,37.232
Delhi,Toluene,2019,12,2019-12,31,35.332
Delhi,Toluene,2020,01,2020-01,31,30.737
Delhi,Toluene,2020,02,2020-02,29,23.898
Delhi,Toluene,2020,03,2020-03,31,20.715
Delhi,Toluene,2020,04,2020-04,30,10.364
Delhi,Toluene,2020,05,2020-05,31,13.97
Delhi,Toluene,2020,06,2020-06,30,19.003
Delhi,Toluene,2020,07,2020-07,0,
Delhi,Xylene,2015,01,2015-01,31,3.731
Delhi,Xylene,2015,02,2015-02,28,6.013
Delhi,Xylene,2015,03,2015-03,31,5.791
Delhi,Xylene,2015,04,2015-04,30,2.949
Delhi,Xylene,2015,05,2015-05,0,
Delhi,Xylene,2015,06,2015-06,0,
Delhi,Xylene,2015,07,2015-07,0,
Delhi,Xylene,2015,08,2015-08,0,
Delhi,Xylene,2015,09,2015-09,30,3.285
Delhi,Xylene,2015,10,2015-10,29,2.597
Delhi,Xylene,2015,11,2015-11,30,2.101
Delhi,Xylene,2015,12,2015-12,1,0.002
Delhi,Xylene,2016,01,2016-01,0,
Delhi,Xylene,2016,02,2016-02,0,
Delhi,Xylene,2016,03,2016-03,0,
Delhi,Xylene,2016,04,2016-04,0,
Delhi,Xylene,2016,05,2016-05,0,
Delhi,Xylene,2016,06,2016-06,0,
Delhi,Xylene,2016,07,2016-07,0,
Delhi,Xylene,2016,08,2016-08,0,
Delhi,Xylene,2016,09,2016-09,0,
Delhi,Xylene,2016,10,2016-10,0,
Delhi,Xylene,2016,11,2016-11,0,
Delhi,Xylene,2016,12,2016-12,0,
Delhi,Xylene,2017,01,2017-01,0,
Delhi,Xylene,2017,02,2017-02,0,
Delhi,Xylene,2017,03,2017-03,0,
Delhi,Xylene,2017,04,2017-04,0,
Delhi,Xylene,2017,05,2017-05,0,
Delhi,Xylene,2017,06,2017-06,0,
Delhi,Xylene,2017,07,2017-07,0,
Delhi,Xylene,2017,08,2017-08,1,0.194
Delhi,Xylene,2017,09,2017-09,5,0.118
Delhi,Xylene,2017,10,2017-10,31,0.082
Delhi,Xylene,2017,11,2017-11,30,0.088
Delhi,Xylene,2017,12,2017-12,31,0.225
Delhi,Xylene,2018,01,2018-01,31,0.57
Delhi,Xylene,2018,02,2018-02,28,0.436
Delhi,Xylene,2018,03,2018-03,31,0.066
Delhi,Xylene,2018,04,2018-04,30,0.0
Delhi,Xylene,2018,05,2018-05,31,0.0
Delhi,Xylene,2018,06,2018-06,29,1.864
Delhi,Xylene,2018,07,2018-07,31,1.513
Delhi,Xylene,2018,08,2018-08,31,0.203
Delhi,Xylene,2018,09,2018-09,30,0.088
Delhi,Xylene,2018,10,2018-10,31,1.896
Delhi,Xylene,2018,11,2018-11,30,2.152
Delhi,Xylene,2018,12,2018-12,31,3.843
Delhi,Xylene,2019,01,2019-01,31,1.016
Delhi,Xylene,2019,02,2019-02,28,2.147
Delhi,Xylene,2019,03,2019-03,31,0.602
Delhi,Xylene,2019,04,2019-04,30,1.095
Delhi,Xylene,2019,05,2019-05,31,0.512
Delhi,Xylene,2019,06,2019-06,30,0.43
Delhi,Xylene,2019,07,2019-07,31,0.57
Delhi,Xylene,2019,08,2019-08,31,1.63
Delhi,Xylene,2019,09,2019-09,30,1.018
Delhi,Xylene,2019,10,2019-10,31,2.363
Delhi,Xylene,2019,11,2019-11,30,1.299
Delhi,Xylene,2019,12,2019-12,31,1.089
Delhi,Xylene,2020,01,2020-01,31,0.968
Delhi,Xylene,2020,02,2020-02,29,1.065
Delhi,Xylene,2020,03,2020-03,31,1.381
Delhi,Xylene,2020,04,2020-04,30,0.224
Delhi,Xylene,2020,05,2020-05,31,0.8
Delhi,Xylene,2020,06,2020-06,30,0.766
Delhi,Xylene,2020,07,2020-07,0,
Hyderabad,Benzene,2015,01,2015-01,27,0.899
Hyderabad,Benzene,2015,02,2015-02,22,0.798
Hyderabad,Benzene,2015,03,2015-03,31,0.651
Hyderabad,Benzene,2015,04,2015-04,5,0.328
Hyderabad,Benzene,2015,05,2015-05,0,
Hyderabad,Benzene,2015,06,2015-06,0,
Hyderabad,Benzene,2015,07,2015-07,3,0.702
Hyderabad,Benzene,2015,08,2015-08,31,0.812
Hyderabad,Benzene,2015,09,2015-09,29,0.919
Hyderabad,Benzene,2015,10,2015-10,31,1.424
Hyderabad,Benzene,2015,11,2015-11,30,1.303
Hyderabad,Benzene,2015,12,2015-12,31,1.386
Hyderabad,Benzene,2016,01,2016-01,25,1.087
Hyderabad,Benzene,2016,02,2016-02,25,0.753
Hyderabad,Benzene,2016,03,2016-03,31,1.124
Hyderabad,Benzene,2016,04,2016-04,28,0.821
Hyderabad,Benzene,2016,05,2016-05,31,0.295
Hyderabad,Benzene,2016,06,2016-06,29,0.164
Hyderabad,Benzene,2016,07,2016-07,30,0.146
Hyderabad,Benzene,2016,08,2016-08,22,0.047
Hyderabad,Benzene,2016,09,2016-09,30,0.067
Hyderabad,Benzene,2016,10,2016-10,31,0.121
Hyderabad,Benzene,2016,11,2016-11,30,0.071
Hyderabad,Benzene,2016,12,2016-12,31,0.038
Hyderabad,Benzene,2017,01,2017-01,31,0.038
Hyderabad,Benzene,2017,02,2017-02,28,0.113
Hyderabad,Benzene,2017,03,2017-03,31,0.122
Hyderabad,Benzene,2017,04,2017-04,29,0.183
Hyderabad,Benzene,2017,05,2017-05,31,0.064
Hyderabad,Benzene,2017,06,2017-06,30,0.054
Hyderabad,Benzene,2017,07,2017-07,31,0.157
Hyderabad,Benzene,2017,08,2017-08,31,0.444
Hyderabad,Benzene,2017,09,2017-09,30,0.286
Hyderabad,Benzene,2017,10,2017-10,31,1.078
Hyderabad,Benzene,2017,11,2017-11,30,4.62
Hyderabad,Benzene,2017,12,2017-12,31,4.145
Hyderabad,Benzene,2018,01,2018-01,31,3.712
Hyderabad,Benzene,2018,02,2018-02,28,2.605
Hyderabad,Benzene,2018,03,2018-03,31,1.696
Hyderabad,Benzene,2018,04,2018-04,30,1.213
Hyderabad,Benzene,2018,05,2018-05,31,0.898
Hyderabad,Benzene,2018,06,2018-06,30,0.513
Hyderabad,Benzene,2018,07,2018-07,31,0.586
Hyderabad,Benzene,2018,08,2018-08,31,0.833
Hyderabad,Benzene,2018,09,2018-09,30,2.133
Hyderabad,Benzene,2018,10,2018-10,31,3.603
Hyderabad,Benzene,2018,11,2018-11,30,3.478
Hyderabad,Benzene,2018,12,2018-12,31,2.983
Hyderabad,Benzene,2019,01,2019-01,31,3.14
Hyderabad,Benzene,2019,02,2019-02,28,2.06
Hyderabad,Benzene,2019,03,2019-03,31,1.862
Hyderabad,Benzene,2019,04,2019-04,30,1.59
Hyderabad,Benzene,2019,05,2019-05,31,2.611
Hyderabad,Benzene,2019,06,2019-06,30,0.606
Hyderabad,Benzene,2019,07,2019-07,31,0.28
Hyderabad,Benzene,2019,08,2019-08,31,0.435
Hyderabad,Benzene,2019,09,2019-09,30,0.306
Hyderabad,Benzene,2019,10,2019-10,31,0.747
Hyderabad,Benzene,2019,11,2019-11,30,2.021
Hyderabad,Benzene,2019,12,2019-12,31,1.53
Hyderabad,Benzene,2020,01,2020-01,31,0.387
Hyderabad,Benzene,2020,02,2020-02,29,0.939
Hyderabad,Benzene,2020,03,2020-03,31,2.045
Hyderabad,Benzene,2020,04,2020-04,30,1.308
Hyderabad,Benzene,2020,05,2020-05,31,1.629
Hyderabad,Benzene,2020,06,2020-06,30,0.79
Hyderabad,Benzene,2020,07,2020-07,0,
Hyderabad,CO,2015,01,2015-01,27,0.464
Hyderabad,CO,2015,02,2015-02,24,0.523
Hyderabad,CO,2015,03,2015-03,31,0.522
Hyderabad,CO,2015,04,2015-04,27,0.915
Hyderabad,CO,2015,05,2015-05,31,0.953
Hyderabad,CO,2015,06,2015-06,30,0.772
Hyderabad,CO,2015,07,2015-07,31,0.541
Hyderabad,CO,2015,08,2015-08,31,0.697
Hyderabad,CO,2015,09,2015-09,29,0.556
Hyderabad,CO,2015,10,2015-10,31,0.95
Hyderabad,CO,2015,11,2015-11,30,0.973
Hyderabad,CO,2015,12,2015-12,31,1.065
Hyderabad,CO,2016,01,2016-01,31,1.129
Hyderabad,CO,2016,02,2016-02,29,1.01
Hyderabad,CO,2016,03,2016-03,31,1.046
Hyderabad,CO,2016,04,2016-04,28,0.953
Hyderabad,CO,2016,05,2016-05,31,0.821
Hyderabad,CO,2016,06,2016-06,29,0.838
Hyderabad,CO,2016,07,2016-07,30,1.826
Hyderabad,CO,2016,08,2016-08,29,0.878
Hyderabad,CO,2016,09,2016-09,30,0.203
Hyderabad,CO,2016,10,2016-10,31,0.384
Hyderabad,CO,2016,11,2016-11,30,0.503
Hyderabad,CO,2016,12,2016-12,31,0.387
Hyderabad,CO,2017,01,2017-01,31,0.033
Hyderabad,CO,2017,02,2017-02,28,0.112
Hyderabad,CO,2017,03,2017-03,31,0.165
Hyderabad,CO,2017,04,2017-04,29,0.167
Hyderabad,CO,2017,05,2017-05,31,0.112
Hyderabad,CO,2017,06,2017-06,30,0.129
Hyderabad,CO,2017,07,2017-07,31,0.161
Hyderabad,CO,2017,08,2017-08,31,0.188
Hyderabad,CO,2017,09,2017-09,30,0.089
Hyderabad,CO,2017,10,2017-10,31,0.197
Hyderabad,CO,2017,11,2017-11,30,0.748
Hyderabad,CO,2017,12,2017-12,31,0.94
Hyderabad,CO,2018,01,2018-01,31,0.96
Hyderabad,CO,2018,02,2018-02,28,0.858
Hyderabad,CO,2018,03,2018-03,31,0.866
Hyderabad,CO,2018,04,2018-04,30,0.698
Hyderabad,CO,2018,05,2018-05,31,0.699
Hyderabad,CO,2018,06,2018-06,30,0.515
Hyderabad,CO,2018,07,2018-07,31,0.287
Hyderabad,CO,2018,08,2018-08,31,0.3
Hyderabad,CO,2018,09,2018-09,30,0.472
Hyderabad,CO,2018,10,2018-10,31,0.556
Hyderabad,CO,2018,11,2018-11,30,0.605
Hyderabad,CO,2018,12,2018-12,31,0.662
Hyderabad,CO,2019,01,2019-01,31,0.717
Hyderabad,CO,2019,02,2019-02,28,0.604
Hyderabad,CO,2019,03,2019-03,31,0.621
Hyderabad,CO,2019,04,2019-04,30,0.596
Hyderabad,CO,2019,05,2019-05,31,0.639
Hyderabad,CO,2019,06,2019-06,30,0.407
Hyderabad,CO,2019,07,2019-07,31,0.377
Hyderabad,CO,2019,08,2019-08,31,0.391
Hyderabad,CO,2019,09,2019-09,30,0.423
Hyderabad,CO,2019,10,2019-10,31,0.598
Hyderabad,CO,2019,11,2019-11,30,0.687
Hyderabad,CO,2019,12,2019-12,31,0.781
Hyderabad,CO,2020,01,2020-01,31,0.552
Hyderabad,CO,2020,02,2020-02,29,0.494
Hyderabad,CO,2020,03,2020-03,31,0.491
Hyderabad,CO,2020,04,2020-04,30,0.477
Hyderabad,CO,2020,05,2020-05,31,0.46
Hyderabad,CO,2020,06,2020-06,30,0.312
Hyderabad,CO,2020,07,2020-07,0,
Hyderabad,NH3,2015,01,2015-01,0,
Hyderabad,NH3,2015,02,2015-02,0,
Hyderabad,NH3,2015,03,2015-03,0,
Hyderabad,NH3,2015,04,2015-04,0,
Hyderabad,NH3,2015,05,2015-05,0,
Hyderabad,NH3,2015,06,2015-06,0,
Hyderabad,NH3,2015,07,2015-07,0,
Hyderabad,NH3,2015,08,2015-08,0,
Hyderabad,NH3,2015,09,2015-09,8,23.295
Hyderabad,NH3,2015,10,2015-10,27,10.711
Hyderabad,NH3,2015,11,2015-11,28,9.255
Hyderabad,NH3,2015,12,2015-12,27,10.348
Hyderabad,NH3,2016,01,2016-01,31,10.454
Hyderabad,NH3,2016,02,2016-02,29,10.399
Hyderabad,NH3,2016,03,2016-03,27,10.287
Hyderabad,NH3,2016,04,2016-04,25,23.594
Hyderabad,NH3,2016,05,2016-05,26,29.586
Hyderabad,NH3,2016,06,2016-06,0,
Hyderabad,NH3,2016,07,2016-07,0,
Hyderabad,NH3,2016,08,2016-08,1,11.816
Hyderabad,NH3,2016,09,2016-09,21,22.758
Hyderabad,NH3,2016,10,2016-10,27,29.278
Hyderabad,NH3,2016,11,2016-11,30,25.791
Hyderabad,NH3,2016,12,2016-12,29,28.647
Hyderabad,NH3,2017,01,2017-01,31,19.752
Hyderabad,NH3,2017,02,2017-02,22,25.493
Hyderabad,NH3,2017,03,2017-03,31,21.624
Hyderabad,NH3,2017,04,2017-04,29,25.894
Hyderabad,NH3,2017,05,2017-05,26,27.925
Hyderabad,NH3,2017,06,2017-06,28,9.867
Hyderabad,NH3,2017,07,2017-07,30,5.649
Hyderabad,NH3,2017,08,2017-08,27,6.22
Hyderabad,NH3,2017,09,2017-09,29,6.217
Hyderabad,NH3,2017,10,2017-10,31,11.549
Hyderabad,NH3,2017,11,2017-11,30,15.698
Hyderabad,NH3,2017,12,2017-12,31,17.489
Hyderabad,NH3,2018,01,2018-01,31,23.571
Hyderabad,NH3,2018,02,2018-02,28,24.628
Hyderabad,NH3,2018,03,2018-03,31,20.847
Hyderabad,NH3,2018,04,2018-04,30,16.103
Hyderabad,NH3,2018,05,2018-05,31,13.851
Hyderabad,NH3,2018,06,2018-06,30,14.954
Hyderabad,NH3,2018,07,2018-07,31,15.396
Hyderabad,NH3,2018,08,2018-08,31,15.632
Hyderabad,NH3,2018,09,2018-09,30,15.504
Hyderabad,NH3,2018,10,2018-10,31,13.975
Hyderabad,NH3,2018,11,2018-11,30,10.448
Hyderabad,NH3,2018,12,2018-12,31,12.03
Hyderabad,NH3,2019,01,2019-01,31,18.929
Hyderabad,NH3,2019,02,2019-02,28,16.167
Hyderabad,NH3,2019,03,2019-03,31,14.923
Hyderabad,NH3,2019,04,2019-04,30,13.411
Hyderabad,NH3,2019,05,2019-05,31,16.917
Hyderabad,NH3,2019,06,2019-06,30,11.724
Hyderabad,NH3,2019,07,2019-07,31,9.437
Hyderabad,NH3,2019,08,2019-08,31,16.241
Hyderabad,NH3,2019,09,2019-09,30,11.201
Hyderabad,NH3,2019,10,2019-10,31,10.175
Hyderabad,NH3,2019,11,2019-11,30,13.617
Hyderabad,NH3,2019,12,2019-12,31,15.138
Hyderabad,NH3,2020,01,2020-01,31,18.25
Hyderabad,NH3,2020,02,2020-02,29,20.285
Hyderabad,NH3,2020,03,2020-03,31,13.95
Hyderabad,NH3,2020,04,2020-04,30,14.33
Hyderabad,NH3,2020,05,2020-05,31,13.457
Hyderabad,NH3,2020,06,2020-06,30,14.947
Hyderabad,NH3,2020,07,2020-07,0,
Hyderabad,NO,2015,01,2015-01,27,12.036
Hyderabad,NO,2015,02,2015-02,24,14.816
Hyderabad,NO,2015,03,2015-03,31,11.404
Hyderabad,NO,2015,04,2015-04,27,13.569
Hyderabad,NO,2015,05,2015-05,31,13.076
Hyderabad,NO,2015,06,2015-06,30,10.802
Hyderabad,NO,2015,07,2015-07,31,8.639
Hyderabad,NO,2015,08,2015-08,31,8.857
Hyderabad,NO,2015,09,2015-09,29,5.178
Hyderabad,NO,2015,10,2015-10,31,3.525
Hyderabad,NO,2015,11,2015-11,30,7.502
Hyderabad,NO,2015,12,2015-12,31,8.832
Hyderabad,NO,2016,01,2016-01,31,8.764
Hyderabad,NO,2016,02,2016-02,29,6.256
Hyderabad,NO,2016,03,2016-03,29,6.028
Hyderabad,NO,2016,04,2016-04,26,7.627
Hyderabad,NO,2016,05,2016-05,31,9.258
Hyderabad,NO,2016,06,2016-06,29,7.017
Hyderabad,NO,2016,07,2016-07,30,7.238
Hyderabad,NO,2016,08,2016-08,12,7.479
Hyderabad,NO,2016,09,2016-09,21,11.303
Hyderabad,NO,2016,10,2016-10,27,11.843
Hyderabad,NO,2016,11,2016-11,30,9.514
Hyderabad,NO,2016,12,2016-12,29,10.822
Hyderabad,NO,2017,01,2017-01,31,11.902
Hyderabad,NO,2017,02,2017-02,24,11.188
Hyderabad,NO,2017,03,2017-03,31,10.526
Hyderabad,NO,2017,04,2017-04,29,9.805
Hyderabad,NO,2017,05,2017-05,31,5.512
Hyderabad,NO,2017,06,2017-06,30,7.79
Hyderabad,NO,2017,07,2017-07,31,7.023
Hyderabad,NO,2017,08,2017-08,31,8.056
Hyderabad,NO,2017,09,2017-09,29,8.654
Hyderabad,NO,2017,10,2017-10,23,11.352
Hyderabad,NO,2017,11,2017-11,30,9.655
Hyderabad,NO,2017,12,2017-12,31,8.753
Hyderabad,NO,2018,01,2018-01,31,8.598
Hyderabad,NO,2018,02,2018-02,28,10.554
Hyderabad,NO,2018,03,2018-03,31,5.534
Hyderabad,NO,2018,04,2018-04,30,5.684
Hyderabad,NO,2018,05,2018-05,31,3.205
Hyderabad,NO,2018,06,2018-06,30,3.304
Hyderabad,NO,2018,07,2018-07,31,4.812
Hyderabad,NO,2018,08,2018-08,31,6.16
Hyderabad,NO,2018,09,2018-09,30,7.958
Hyderabad,NO,2018,10,2018-10,31,7.289
Hyderabad,NO,2018,11,2018-11,30,6.807
Hyderabad,NO,2018,12,2018-12,31,5.549
Hyderabad,NO,2019,01,2019-01,31,7.359
Hyderabad,NO,2019,02,2019-02,28,4.664
Hyderabad,NO,2019,03,2019-03,31,4.467
Hyderabad,NO,2019,04,2019-04,30,4.065
Hyderabad,NO,2019,05,2019-05,31,3.863
Hyderabad,NO,2019,06,2019-06,30,2.184
Hyderabad,NO,2019,07,2019-07,31,3.067
Hyderabad,NO,2019,08,2019-08,31,4.737
Hyderabad,NO,2019,09,2019-09,30,4.619
Hyderabad,NO,2019,10,2019-10,31,5.703
Hyderabad,NO,2019,11,2019-11,30,5.349
Hyderabad,NO,2019,12,2019-12,31,10.358
Hyderabad,NO,2020,01,2020-01,31,10.572
Hyderabad,NO,2020,02,2020-02,29,12.571
Hyderabad,NO,2020,03,2020-03,31,8.241
Hyderabad,NO,2020,04,2020-04,30,7.852
Hyderabad,NO,2020,05,2020-05,31,6.007
Hyderabad,NO,2020,06,2020-06,30,6.047
Hyderabad,NO,2020,07,2020-07,0,
Hyderabad,NO2,2015,01,2015-01,27,23.458
Hyderabad,NO2,2015,02,2015-02,24,27.019
Hyderabad,NO2,2015,03,2015-03,31,21.328
Hyderabad,NO2,2015,04,2015-04,27,16.339
Hyderabad,NO2,2015,05,2015-05,31,15.886
Hyderabad,NO2,2015,06,2015-06,30,10.375
Hyderabad,NO2,2015,07,2015-07,31,6.687
Hyderabad,NO2,2015,08,2015-08,31,13.14
Hyderabad,NO2,2015,09,2015-09,29,17.37
Hyderabad,NO2,2015,10,2015-10,31,5.686
Hyderabad,NO2,2015,11,2015-11,30,10.685
Hyderabad,NO2,2015,12,2015-12,31,15.507
Hyderabad,NO2,2016,01,2016-01,31,12.124
Hyderabad,NO2,2016,02,2016-02,29,10.237
Hyderabad,NO2,2016,03,2016-03,29,10.488
Hyderabad,NO2,2016,04,2016-04,26,30.837
Hyderabad,NO2,2016,05,2016-05,31,29.503
Hyderabad,NO2,2016,06,2016-06,29,12.771
Hyderabad,NO2,2016,07,2016-07,30,10.42
Hyderabad,NO2,2016,08,2016-08,12,8.205
Hyderabad,NO2,2016,09,2016-09,21,51.289
Hyderabad,NO2,2016,10,2016-10,27,57.231
Hyderabad,NO2,2016,11,2016-11,30,38.686
Hyderabad,NO2,2016,12,2016-12,29,57.405
Hyderabad,NO2,2017,01,2017-01,31,48.16
Hyderabad,NO2,2017,02,2017-02,24,44.134
Hyderabad,NO2,2017,03,2017-03,31,36.511
Hyderabad,NO2,2017,04,2017-04,29,37.184
Hyderabad,NO2,2017,05,2017-05,31,39.9
Hyderabad,NO2,2017,06,2017-06,30,15.957
Hyderabad,NO2,2017,07,2017-07,31,13.225
Hyderabad,NO2,2017,08,2017-08,31,14.259
Hyderabad,NO2,2017,09,2017-09,29,16.351
Hyderabad,NO2,2017,10,2017-10,23,23.54
Hyderabad,NO2,2017,11,2017-11,30,39.549
Hyderabad,NO2,2017,12,2017-12,31,49.897
Hyderabad,NO2,2018,01,2018-01,31,53.534
Hyderabad,NO2,2018,02,2018-02,28,51.735
Hyderabad,NO2,2018,03,2018-03,31,45.59
Hyderabad,NO2,2018,04,2018-04,30,37.668
Hyderabad,NO2,2018,05,2018-05,31,30.978
Hyderabad,NO2,2018,06,2018-06,30,24.035
Hyderabad,NO2,2018,07,2018-07,31,23.354
Hyderabad,NO2,2018,08,2018-08,31,24.073
Hyderabad,NO2,2018,09,2018-09,30,30.92
Hyderabad,NO2,2018,10,2018-10,31,42.162
Hyderabad,NO2,2018,11,2018-11,30,45.537
Hyderabad,NO2,2018,12,2018-12,31,41.537
Hyderabad,NO2,2019,01,2019-01,31,48.299
Hyderabad,NO2,2019,02,2019-02,28,43.218
Hyderabad,NO2,2019,03,2019-03,31,36.566
Hyderabad,NO2,2019,04,2019-04,30,32.824
Hyderabad,NO2,2019,05,2019-05,31,30.842
Hyderabad,NO2,2019,06,2019-06,30,18.223
Hyderabad,NO2,2019,07,2019-07,31,12.817
Hyderabad,NO2,2019,08,2019-08,31,19.242
Hyderabad,NO2,2019,09,2019-09,30,16.988
Hyderabad,NO2,2019,10,2019-10,31,24.07
Hyderabad,NO2,2019,11,2019-11,30,33.525
Hyderabad,NO2,2019,12,2019-12,31,40.176
Hyderabad,NO2,2020,01,2020-01,31,34.109
Hyderabad,NO2,2020,02,2020-02,29,34.824
Hyderabad,NO2,2020,03,2020-03,31,23.72
Hyderabad,NO2,2020,04,2020-04,30,22.405
Hyderabad,NO2,2020,05,2020-05,31,26.234
Hyderabad,NO2,2020,06,2020-06,30,21.728
Hyderabad,NO2,2020,07,2020-07,0,
Hyderabad,NOx,2015,01,2015-01,27,35.494
Hyderabad,NOx,2015,02,2015-02,24,41.835
Hyderabad,NOx,2015,03,2015-03,31,32.731
Hyderabad,NOx,2015,04,2015-04,27,29.783
Hyderabad,NOx,2015,05,2015-05,31,28.613
Hyderabad,NOx,2015,06,2015-06,30,20.985
Hyderabad,NOx,2015,07,2015-07,31,15.261
Hyderabad,NOx,2015,08,2015-08,31,21.49
Hyderabad,NOx,2015,09,2015-09,29,18.814
Hyderabad,NOx,2015,10,2015-10,31,7.179
Hyderabad,NOx,2015,11,2015-11,30,15.896
Hyderabad,NOx,2015,12,2015-12,31,22.49
Hyderabad,NOx,2016,01,2016-01,31,19.076
Hyderabad,NOx,2016,02,2016-02,29,14.946
Hyderabad,NOx,2016,03,2016-03,29,15.023
Hyderabad,NOx,2016,04,2016-04,26,25.779
Hyderabad,NOx,2016,05,2016-05,31,27.249
Hyderabad,NOx,2016,06,2016-06,29,19.787
Hyderabad,NOx,2016,07,2016-07,30,17.649
Hyderabad,NOx,2016,08,2016-08,29,5.902
Hyderabad,NOx,2016,09,2016-09,30,13.205
Hyderabad,NOx,2016,10,2016-10,31,16.658
Hyderabad,NOx,2016,11,2016-11,30,12.858
Hyderabad,NOx,2016,12,2016-12,31,12.649
Hyderabad,NOx,2017,01,2017-01,31,11.966
Hyderabad,NOx,2017,02,2017-02,28,10.754
Hyderabad,NOx,2017,03,2017-03,31,10.944
Hyderabad,NOx,2017,04,2017-04,29,11.604
Hyderabad,NOx,2017,05,2017-05,31,11.424
Hyderabad,NOx,2017,06,2017-06,30,7.31
Hyderabad,NOx,2017,07,2017-07,31,6.563
Hyderabad,NOx,2017,08,2017-08,31,7.252
Hyderabad,NOx,2017,09,2017-09,30,8.372
Hyderabad,NOx,2017,10,2017-10,31,6.217
Hyderabad,NOx,2017,11,2017-11,30,27.465
Hyderabad,NOx,2017,12,2017-12,31,33.265
Hyderabad,NOx,2018,01,2018-01,31,35.011
Hyderabad,NOx,2018,02,2018-02,28,35.408
Hyderabad,NOx,2018,03,2018-03,31,28.52
Hyderabad,NOx,2018,04,2018-04,30,24.35
Hyderabad,NOx,2018,05,2018-05,31,18.94
Hyderabad,NOx,2018,06,2018-06,30,15.266
Hyderabad,NOx,2018,07,2018-07,31,15.971
Hyderabad,NOx,2018,08,2018-08,31,17.144
Hyderabad,NOx,2018,09,2018-09,30,22.341
Hyderabad,NOx,2018,10,2018-10,31,27.794
Hyderabad,NOx,2018,11,2018-11,30,29.026
Hyderabad,NOx,2018,12,2018-12,31,25.944
Hyderabad,NOx,2019,01,2019-01,31,31.048
Hyderabad,NOx,2019,02,2019-02,28,26.416
Hyderabad,NOx,2019,03,2019-03,31,22.635
Hyderabad,NOx,2019,04,2019-04,30,20.448
Hyderabad,NOx,2019,05,2019-05,31,19.318
Hyderabad,NOx,2019,06,2019-06,30,11.175
Hyderabad,NOx,2019,07,2019-07,31,8.779
Hyderabad,NOx,2019,08,2019-08,31,13.322
Hyderabad,NOx,2019,09,2019-09,30,11.127
Hyderabad,NOx,2019,10,2019-10,31,15.081
Hyderabad,NOx,2019,11,2019-11,30,21.256
Hyderabad,NOx,2019,12,2019-12,31,28.538
Hyderabad,NOx,2020,01,2020-01,31,25.249
Hyderabad,NOx,2020,02,2020-02,29,27.046
Hyderabad,NOx,2020,03,2020-03,31,18.141
Hyderabad,NOx,2020,04,2020-04,30,16.785
Hyderabad,NOx,2020,05,2020-05,31,17.749
Hyderabad,NOx,2020,06,2020-06,30,15.23
Hyderabad,NOx,2020,07,2020-07,0,
Hyderabad,O3,2015,01,2015-01,22,25.476
Hyderabad,O3,2015,02,2015-02,24,32.706
Hyderabad,O3,2015,03,2015-03,31,32.535
Hyderabad,O3,2015,04,2015-04,27,34.87
Hyderabad,O3,2015,05,2015-05,31,37.414
Hyderabad,O3,2015,06,2015-06,30,22.449
Hyderabad,O3,2015,07,2015-07,31,15.443
Hyderabad,O3,2015,08,2015-08,31,15.301
Hyderabad,O3,2015,09,2015-09,29,23.533
Hyderabad,O3,2015,10,2015-10,31,34.635
Hyderabad,O3,2015,11,2015-11,30,34.778
Hyderabad,O3,2015,12,2015-12,31,32.794
Hyderabad,O3,2016,01,2016-01,31,42.718
Hyderabad,O3,2016,02,2016-02,29,32.153
Hyderabad,O3,2016,03,2016-03,31,42.702
Hyderabad,O3,2016,04,2016-04,28,41.737
Hyderabad,O3,2016,05,2016-05,31,30.983
Hyderabad,O3,2016,06,2016-06,29,20.025
Hyderabad,O3,2016,07,2016-07,30,10.566
Hyderabad,O3,2016,08,2016-08,12,8.563
Hyderabad,O3,2016,09,2016-09,21,19.677
Hyderabad,O3,2016,10,2016-10,27,34.387
Hyderabad,O3,2016,11,2016-11,30,64.15
Hyderabad,O3,2016,12,2016-12,29,51.203
Hyderabad,O3,2017,01,2017-01,29,52.066
Hyderabad,O3,2017,02,2017-02,24,57.531
Hyderabad,O3,2017,03,2017-03,31,51.008
Hyderabad,O3,2017,04,2017-04,29,47.401
Hyderabad,O3,2017,05,2017-05,31,48.156
Hyderabad,O3,2017,06,2017-06,30,41.128
Hyderabad,O3,2017,07,2017-07,31,29.43
Hyderabad,O3,2017,08,2017-08,31,29.965
Hyderabad,O3,2017,09,2017-09,29,33.773
Hyderabad,O3,2017,10,2017-10,23,53.322
Hyderabad,O3,2017,11,2017-11,30,51.898
Hyderabad,O3,2017,12,2017-12,31,50.704
Hyderabad,O3,2018,01,2018-01,31,49.05
Hyderabad,O3,2018,02,2018-02,28,42.784
Hyderabad,O3,2018,03,2018-03,31,46.428
Hyderabad,O3,2018,04,2018-04,30,43.409
Hyderabad,O3,2018,05,2018-05,31,49.41
Hyderabad,O3,2018,06,2018-06,30,28.214
Hyderabad,O3,2018,07,2018-07,31,17.828
Hyderabad,O3,2018,08,2018-08,31,14.17
Hyderabad,O3,2018,09,2018-09,30,21.06
Hyderabad,O3,2018,10,2018-10,31,27.759
Hyderabad,O3,2018,11,2018-11,30,33.459
Hyderabad,O3,2018,12,2018-12,31,34.853
Hyderabad,O3,2019,01,2019-01,31,32.395
Hyderabad,O3,2019,02,2019-02,28,31.825
Hyderabad,O3,2019,03,2019-03,31,31.302
Hyderabad,O3,2019,04,2019-04,30,42.397
Hyderabad,O3,2019,05,2019-05,31,44.304
Hyderabad,O3,2019,06,2019-06,30,34.812
Hyderabad,O3,2019,07,2019-07,31,19.763
Hyderabad,O3,2019,08,2019-08,31,16.727
Hyderabad,O3,2019,09,2019-09,30,16.384
Hyderabad,O3,2019,10,2019-10,31,19.918
Hyderabad,O3,2019,11,2019-11,30,30.543
Hyderabad,O3,2019,12,2019-12,31,27.887
Hyderabad,O3,2020,01,2020-01,31,28.284
Hyderabad,O3,2020,02,2020-02,29,28.11
Hyderabad,O3,2020,03,2020-03,31,26.852
Hyderabad,O3,2020,04,2020-04,30,28.037
Hyderabad,O3,2020,05,2020-05,31,31.244
Hyderabad,O3,2020,06,2020-06,30,18.501
Hyderabad,O3,2020,07,2020-07,0,
Hyderabad,PM10,2015,01,2015-01,0,
Hyderabad,PM10,2015,02,2015-02,0,
Hyderabad,PM10,2015,03,2015-03,0,
Hyderabad,PM10,2015,04,2015-04,0,
Hyderabad,PM10,2015,05,2015-05,0,
Hyderabad,PM10,2015,06,2015-06,0,
Hyderabad,PM10,2015,07,2015-07,0,
Hyderabad,PM10,2015,08,2015-08,0,
Hyderabad,PM10,2015,09,2015-09,10,38.231
Hyderabad,PM10,2015,10,2015-10,27,96.476
Hyderabad,PM10,2015,11,2015-11,28,102.353
Hyderabad,PM10,2015,12,2015-12,26,95.049
Hyderabad,PM10,2016,01,2016-01,31,101.887
Hyderabad,PM10,2016,02,2016-02,23,100.209
Hyderabad,PM10,2016,03,2016-03,31,96.536
Hyderabad,PM10,2016,04,2016-04,28,95.683
Hyderabad,PM10,2016,05,2016-05,26,72.934
Hyderabad,PM10,2016,06,2016-06,0,
Hyderabad,PM10,2016,07,2016-07,0,
Hyderabad,PM10,2016,08,2016-08,1,26.958
Hyderabad,PM10,2016,09,2016-09,21,58.946
Hyderabad,PM10,2016,10,2016-10,27,82.279
Hyderabad,PM10,2016,11,2016-11,29,99.497
Hyderabad,PM10,2016,12,2016-12,29,97.894
Hyderabad,PM10,2017,01,2017-01,31,128.923
Hyderabad,PM10,2017,02,2017-02,24,152.295
Hyderabad,PM10,2017,03,2017-03,31,132.336
Hyderabad,PM10,2017,04,2017-04,29,157.872
Hyderabad,PM10,2017,05,2017-05,31,101.619
Hyderabad,PM10,2017,06,2017-06,30,34.27
Hyderabad,PM10,2017,07,2017-07,31,44.635
Hyderabad,PM10,2017,08,2017-08,31,44.513
Hyderabad,PM10,2017,09,2017-09,29,53.128
Hyderabad,PM10,2017,10,2017-10,23,80.144
Hyderabad,PM10,2017,11,2017-11,30,103.928
Hyderabad,PM10,2017,12,2017-12,31,134.465
Hyderabad,PM10,2018,01,2018-01,31,144.854
Hyderabad,PM10,2018,02,2018-02,28,115.052
Hyderabad,PM10,2018,03,2018-03,31,115.537
Hyderabad,PM10,2018,04,2018-04,30,91.042
Hyderabad,PM10,2018,05,2018-05,31,90.728
Hyderabad,PM10,2018,06,2018-06,30,54.502
Hyderabad,PM10,2018,07,2018-07,31,45.041
Hyderabad,PM10,2018,08,2018-08,31,50.25
Hyderabad,PM10,2018,09,2018-09,30,78.846
Hyderabad,PM10,2018,10,2018-10,31,118.454
Hyderabad,PM10,2018,11,2018-11,30,118.287
Hyderabad,PM10,2018,12,2018-12,31,125.441
Hyderabad,PM10,2019,01,2019-01,31,133.099
Hyderabad,PM10,2019,02,2019-02,28,119.054
Hyderabad,PM10,2019,03,2019-03,31,115.596
Hyderabad,PM10,2019,04,2019-04,30,94.349
Hyderabad,PM10,2019,05,2019-05,31,125.585
Hyderabad,PM10,2019,06,2019-06,30,57.31
Hyderabad,PM10,2019,07,2019-07,31,39.933
Hyderabad,PM10,2019,08,2019-08,31,48.821
Hyderabad,PM10,2019,09,2019-09,30,42.044
Hyderabad,PM10,2019,10,2019-10,31,68.804
Hyderabad,PM10,2019,11,2019-11,30,130.779
Hyderabad,PM10,2019,12,2019-12,31,121.626
Hyderabad,PM10,2020,01,2020-01,31,104.006
Hyderabad,PM10,2020,02,2020-02,29,98.055
Hyderabad,PM10,2020,03,2020-03,31,80.472
Hyderabad,PM10,2020,04,2020-04,30,59.741
Hyderabad,PM10,2020,05,2020-05,31,80.478
Hyderabad,PM10,2020,06,2020-06,30,45.096
Hyderabad,PM10,2020,07,2020-07,0,
Hyderabad,PM2.5,2015,01,2015-01,0,
Hyderabad,PM2.5,2015,02,2015-02,0,
Hyderabad,PM2.5,2015,03,2015-03,1,47.029
Hyderabad,PM2.5,2015,04,2015-04,22,57.063
Hyderabad,PM2.5,2015,05,2015-05,31,51.552
Hyderabad,PM2.5,2015,06,2015-06,30,75.542
Hyderabad,PM2.5,2015,07,2015-07,31,26.766
Hyderabad,PM2.5,2015,08,2015-08,31,50.841
Hyderabad,PM2.5,2015,09,2015-09,30,77.79
Hyderabad,PM2.5,2015,10,2015-10,31,121.82
Hyderabad,PM2.5,2015,11,2015-11,30,60.782
Hyderabad,PM2.5,2015,12,2015-12,31,56.349
Hyderabad,PM2.5,2016,01,2016-01,29,79.079
Hyderabad,PM2.5,2016,02,2016-02,29,87.283
Hyderabad,PM2.5,2016,03,2016-03,31,56.559
Hyderabad,PM2.5,2016,04,2016-04,28,48.513
Hyderabad,PM2.5,2016,05,2016-05,31,38.242
Hyderabad,PM2.5,2016,06,2016-06,27,65.066
Hyderabad,PM2.5,2016,07,2016-07,27,48.444
Hyderabad,PM2.5,2016,08,2016-08,10,7.691
Hyderabad,PM2.5,2016,09,2016-09,20,24.798
Hyderabad,PM2.5,2016,10,2016-10,25,44.281
Hyderabad,PM2.5,2016,11,2016-11,30,62.329
Hyderabad,PM2.5,2016,12,2016-12,28,58.836
Hyderabad,PM2.5,2017,01,2017-01,31,72.675
Hyderabad,PM2.5,2017,02,2017-02,24,67.466
Hyderabad,PM2.5,2017,03,2017-03,31,49.396
Hyderabad,PM2.5,2017,04,2017-04,29,55.002
Hyderabad,PM2.5,2017,05,2017-05,31,35.026
Hyderabad,PM2.5,2017,06,2017-06,30,11.591
Hyderabad,PM2.5,2017,07,2017-07,31,13.648
Hyderabad,PM2.5,2017,08,2017-08,31,16.484
Hyderabad,PM2.5,2017,09,2017-09,29,24.904
Hyderabad,PM2.5,2017,10,2017-10,23,46.176
Hyderabad,PM2.5,2017,11,2017-11,30,56.209
Hyderabad,PM2.5,2017,12,2017-12,31,72.116
Hyderabad,PM2.5,2018,01,2018-01,31,68.942
Hyderabad,PM2.5,2018,02,2018-02,28,50.583
Hyderabad,PM2.5,2018,03,2018-03,31,53.67
Hyderabad,PM2.5,2018,04,2018-04,30,38.266
Hyderabad,PM2.5,2018,05,2018-05,31,35.617
Hyderabad,PM2.5,2018,06,2018-06,30,23.046
Hyderabad,PM2.5,2018,07,2018-07,31,17.074
Hyderabad,PM2.5,2018,08,2018-08,31,17.599
Hyderabad,PM2.5,2018,09,2018-09,30,36.351
Hyderabad,PM2.5,2018,10,2018-10,31,54.577
Hyderabad,PM2.5,2018,11,2018-11,30,54.444
Hyderabad,PM2.5,2018,12,2018-12,31,67.409
Hyderabad,PM2.5,2019,01,2019-01,31,67.619
Hyderabad,PM2.5,2019,02,2019-02,28,55.478
Hyderabad,PM2.5,2019,03,2019-03,31,46.998
Hyderabad,PM2.5,2019,04,2019-04,30,36.824
Hyderabad,PM2.5,2019,05,2019-05,31,43.067
Hyderabad,PM2.5,2019,06,2019-06,30,23.173
Hyderabad,PM2.5,2019,07,2019-07,31,15.969
Hyderabad,PM2.5,2019,08,2019-08,31,17.439
Hyderabad,PM2.5,2019,09,2019-09,30,20.854
Hyderabad,PM2.5,2019,10,2019-10,31,38.419
Hyderabad,PM2.5,2019,11,2019-11,30,68.564
Hyderabad,PM2.5,2019,12,2019-12,31,65.048
Hyderabad,PM2.5,2020,01,2020-01,31,52.323
Hyderabad,PM2.5,2020,02,2020-02,29,43.746
Hyderabad,PM2.5,2020,03,2020-03,31,35.884
Hyderabad,PM2.5,2020,04,2020-04,30,30.01
Hyderabad,PM2.5,2020,05,2020-05,31,30.118
Hyderabad,PM2.5,2020,06,2020-06,30,18.635
Hyderabad,PM2.5,2020,07,2020-07,0,
Hyderabad,SO2,2015,01,2015-01,27,4.674
Hyderabad,SO2,2015,02,2015-02,22,5.49
Hyderabad,SO2,2015,03,2015-03,31,5.998
Hyderabad,SO2,2015,04,2015-04,25,8.783
Hyderabad,SO2,2015,05,2015-05,31,9.679
Hyderabad,SO2,2015,06,2015-06,30,8.109
Hyderabad,SO2,2015,07,2015-07,31,5.949
Hyderabad,SO2,2015,08,2015-08,31,7.269
Hyderabad,SO2,2015,09,2015-09,28,4.302
Hyderabad,SO2,2015,10,2015-10,31,6.757
Hyderabad,SO2,2015,11,2015-11,30,10.021
Hyderabad,SO2,2015,12,2015-12,31,9.404
Hyderabad,SO2,2016,01,2016-01,31,9.141
Hyderabad,SO2,2016,02,2016-02,29,6.833
Hyderabad,SO2,2016,03,2016-03,31,6.049
Hyderabad,SO2,2016,04,2016-04,28,6.31
Hyderabad,SO2,2016,05,2016-05,31,6.096
Hyderabad,SO2,2016,06,2016-06,27,6.42
Hyderabad,SO2,2016,07,2016-07,26,6.497
Hyderabad,SO2,2016,08,2016-08,10,6.242
Hyderabad,SO2,2016,09,2016-09,21,7.966
Hyderabad,SO2,2016,10,2016-10,27,22.118
Hyderabad,SO2,2016,11,2016-11,30,37.468
Hyderabad,SO2,2016,12,2016-12,29,30.697
Hyderabad,SO2,2017,01,2017-01,31,14.772
Hyderabad,SO2,2017,02,2017-02,24,19.11
Hyderabad,SO2,2017,03,2017-03,31,14.387
Hyderabad,SO2,2017,04,2017-04,29,15.256
Hyderabad,SO2,2017,05,2017-05,31,7.731
Hyderabad,SO2,2017,06,2017-06,30,4.639
Hyderabad,SO2,2017,07,2017-07,31,5.76
Hyderabad,SO2,2017,08,2017-08,31,5.778
Hyderabad,SO2,2017,09,2017-09,29,5.589
Hyderabad,SO2,2017,10,2017-10,23,7.136
Hyderabad,SO2,2017,11,2017-11,30,15.369
Hyderabad,SO2,2017,12,2017-12,31,14.443
Hyderabad,SO2,2018,01,2018-01,31,13.387
Hyderabad,SO2,2018,02,2018-02,28,11.149
Hyderabad,SO2,2018,03,2018-03,31,8.982
Hyderabad,SO2,2018,04,2018-04,30,6.956
Hyderabad,SO2,2018,05,2018-05,31,6.449
Hyderabad,SO2,2018,06,2018-06,30,7.054
Hyderabad,SO2,2018,07,2018-07,31,6.591
Hyderabad,SO2,2018,08,2018-08,31,7.221
Hyderabad,SO2,2018,09,2018-09,30,7.331
Hyderabad,SO2,2018,10,2018-10,31,9.482
Hyderabad,SO2,2018,11,2018-11,30,13.106
Hyderabad,SO2,2018,12,2018-12,31,9.914
Hyderabad,SO2,2019,01,2019-01,31,10.358
Hyderabad,SO2,2019,02,2019-02,28,7.83
Hyderabad,SO2,2019,03,2019-03,31,8.019
Hyderabad,SO2,2019,04,2019-04,30,6.318
Hyderabad,SO2,2019,05,2019-05,31,8.541
Hyderabad,SO2,2019,06,2019-06,30,5.074
Hyderabad,SO2,2019,07,2019-07,31,6.128
Hyderabad,SO2,2019,08,2019-08,31,8.453
Hyderabad,SO2,2019,09,2019-09,30,6.357
Hyderabad,SO2,2019,10,2019-10,31,4.147
Hyderabad,SO2,2019,11,2019-11,30,7.547
Hyderabad,SO2,2019,12,2019-12,31,6.513
Hyderabad,SO2,2020,01,2020-01,31,7.817
Hyderabad,SO2,2020,02,2020-02,29,7.523
Hyderabad,SO2,2020,03,2020-03,31,5.829
Hyderabad,SO2,2020,04,2020-04,30,5.886
Hyderabad,SO2,2020,05,2020-05,31,6.145
Hyderabad,SO2,2020,06,2020-06,30,6.521
Hyderabad,SO2,2020,07,2020-07,0,
Hyderabad,Toluene,2015,01,2015-01,27,9.228
Hyderabad,Toluene,2015,02,2015-02,20,9.89
Hyderabad,Toluene,2015,03,2015-03,31,7.693
Hyderabad,Toluene,2015,04,2015-04,4,3.115
Hyderabad,Toluene,2015,05,2015-05,0,
Hyderabad,Toluene,2015,06,2015-06,0,
Hyderabad,Toluene,2015,07,2015-07,3,0.825
Hyderabad,Toluene,2015,08,2015-08,31,3.867
Hyderabad,Toluene,2015,09,2015-09,28,5.159
Hyderabad,Toluene,2015,10,2015-10,31,8.582
Hyderabad,Toluene,2015,11,2015-11,30,7.023
Hyderabad,Toluene,2015,12,2015-12,31,7.469
Hyderabad,Toluene,2016,01,2016-01,24,6.367
Hyderabad,Toluene,2016,02,2016-02,25,5.121
Hyderabad,Toluene,2016,03,2016-03,31,5.976
Hyderabad,Toluene,2016,04,2016-04,28,4.328
Hyderabad,Toluene,2016,05,2016-05,31,1.935
Hyderabad,Toluene,2016,06,2016-06,27,1.073
Hyderabad,Toluene,2016,07,2016-07,27,1.071
Hyderabad,Toluene,2016,08,2016-08,20,0.274
Hyderabad,Toluene,2016,09,2016-09,30,1.186
Hyderabad,Toluene,2016,10,2016-10,31,2.391
Hyderabad,Toluene,2016,11,2016-11,30,1.221
Hyderabad,Toluene,2016,12,2016-12,31,0.694
Hyderabad,Toluene,2017,01,2017-01,31,0.608
Hyderabad,Toluene,2017,02,2017-02,28,1.463
Hyderabad,Toluene,2017,03,2017-03,31,1.708
Hyderabad,Toluene,2017,04,2017-04,29,1.389
Hyderabad,Toluene,2017,05,2017-05,31,0.767
Hyderabad,Toluene,2017,06,2017-06,30,0.726
Hyderabad,Toluene,2017,07,2017-07,31,1.297
Hyderabad,Toluene,2017,08,2017-08,31,2.681
Hyderabad,Toluene,2017,09,2017-09,30,2.593
Hyderabad,Toluene,2017,10,2017-10,31,5.762
Hyderabad,Toluene,2017,11,2017-11,30,25.255
Hyderabad,Toluene,2017,12,2017-12,31,21.266
Hyderabad,Toluene,2018,01,2018-01,31,23.161
Hyderabad,Toluene,2018,02,2018-02,28,17.159
Hyderabad,Toluene,2018,03,2018-03,31,8.413
Hyderabad,Toluene,2018,04,2018-04,30,5.792
Hyderabad,Toluene,2018,05,2018-05,31,4.87
Hyderabad,Toluene,2018,06,2018-06,30,3.908
Hyderabad,Toluene,2018,07,2018-07,31,4.227
Hyderabad,Toluene,2018,08,2018-08,31,5.689
Hyderabad,Toluene,2018,09,2018-09,30,19.69
Hyderabad,Toluene,2018,10,2018-10,31,32.852
Hyderabad,Toluene,2018,11,2018-11,30,26.792
Hyderabad,Toluene,2018,12,2018-12,31,21.714
Hyderabad,Toluene,2019,01,2019-01,31,21.606
Hyderabad,Toluene,2019,02,2019-02,28,14.824
Hyderabad,Toluene,2019,03,2019-03,31,14.412
Hyderabad,Toluene,2019,04,2019-04,30,10.46
Hyderabad,Toluene,2019,05,2019-05,31,16.607
Hyderabad,Toluene,2019,06,2019-06,30,3.858
Hyderabad,Toluene,2019,07,2019-07,31,1.939
Hyderabad,Toluene,2019,08,2019-08,31,2.143
Hyderabad,Toluene,2019,09,2019-09,30,2.428
Hyderabad,Toluene,2019,10,2019-10,31,5.805
Hyderabad,Toluene,2019,11,2019-11,30,13.56
Hyderabad,Toluene,2019,12,2019-12,31,8.915
Hyderabad,Toluene,2020,01,2020-01,31,2.46
Hyderabad,Toluene,2020,02,2020-02,29,6.872
Hyderabad,Toluene,2020,03,2020-03,31,9.913
Hyderabad,Toluene,2020,04,2020-04,30,6.949
Hyderabad,Toluene,2020,05,2020-05,31,11.726
Hyderabad,Toluene,2020,06,2020-06,30,5.519
Hyderabad,Toluene,2020,07,2020-07,0,
Hyderabad,Xylene,2015,01,2015-01,27,1.297
Hyderabad,Xylene,2015,02,2015-02,20,1.613
Hyderabad,Xylene,2015,03,2015-03,31,1.239
Hyderabad,Xylene,2015,04,2015-04,4,0.566
Hyderabad,Xylene,2015,05,2015-05,0,
Hyderabad,Xylene,2015,06,2015-06,0,
Hyderabad,Xylene,2015,07,2015-07,3,0.067
Hyderabad,Xylene,2015,08,2015-08,31,0.02
Hyderabad,Xylene,2015,09,2015-09,28,0.213
Hyderabad,Xylene,2015,10,2015-10,31,1.256
Hyderabad,Xylene,2015,11,2015-11,30,1.132
Hyderabad,Xylene,2015,12,2015-12,31,1.129
Hyderabad,Xylene,2016,01,2016-01,24,0.869
Hyderabad,Xylene,2016,02,2016-02,25,0.772
Hyderabad,Xylene,2016,03,2016-03,31,1.731
Hyderabad,Xylene,2016,04,2016-04,28,1.192
Hyderabad,Xylene,2016,05,2016-05,31,0.322
Hyderabad,Xylene,2016,06,2016-06,27,0.126
Hyderabad,Xylene,2016,07,2016-07,27,0.134
Hyderabad,Xylene,2016,08,2016-08,20,0.033
Hyderabad,Xylene,2016,09,2016-09,30,2.861
Hyderabad,Xylene,2016,10,2016-10,31,1.168
Hyderabad,Xylene,2016,11,2016-11,30,0.561
Hyderabad,Xylene,2016,12,2016-12,31,0.42
Hyderabad,Xylene,2017,01,2017-01,31,0.26
Hyderabad,Xylene,2017,02,2017-02,28,0.501
Hyderabad,Xylene,2017,03,2017-03,31,0.496
Hyderabad,Xylene,2017,04,2017-04,29,0.361
Hyderabad,Xylene,2017,05,2017-05,31,0.215
Hyderabad,Xylene,2017,06,2017-06,30,0.204
Hyderabad,Xylene,2017,07,2017-07,31,0.845
Hyderabad,Xylene,2017,08,2017-08,31,0.835
Hyderabad,Xylene,2017,09,2017-09,30,0.965
Hyderabad,Xylene,2017,10,2017-10,31,0.951
Hyderabad,Xylene,2017,11,2017-11,30,4.417
Hyderabad,Xylene,2017,12,2017-12,31,4.496
Hyderabad,Xylene,2018,01,2018-01,31,5.795
Hyderabad,Xylene,2018,02,2018-02,28,3.421
Hyderabad,Xylene,2018,03,2018-03,31,2.106
Hyderabad,Xylene,2018,04,2018-04,30,1.901
Hyderabad,Xylene,2018,05,2018-05,31,0.901
Hyderabad,Xylene,2018,06,2018-06,30,0.791
Hyderabad,Xylene,2018,07,2018-07,31,1.579
Hyderabad,Xylene,2018,08,2018-08,31,2.576
Hyderabad,Xylene,2018,09,2018-09,30,7.283
Hyderabad,Xylene,2018,10,2018-10,31,7.988
Hyderabad,Xylene,2018,11,2018-11,30,5.128
Hyderabad,Xylene,2018,12,2018-12,31,4.821
Hyderabad,Xylene,2019,01,2019-01,31,3.779
Hyderabad,Xylene,2019,02,2019-02,28,3.797
Hyderabad,Xylene,2019,03,2019-03,31,3.349
Hyderabad,Xylene,2019,04,2019-04,30,1.577
Hyderabad,Xylene,2019,05,2019-05,31,4.324
Hyderabad,Xylene,2019,06,2019-06,30,0.642
Hyderabad,Xylene,2019,07,2019-07,31,0.165
Hyderabad,Xylene,2019,08,2019-08,31,0.471
Hyderabad,Xylene,2019,09,2019-09,30,0.236
Hyderabad,Xylene,2019,10,2019-10,31,1.475
Hyderabad,Xylene,2019,11,2019-11,30,2.04
Hyderabad,Xylene,2019,12,2019-12,31,1.093
Hyderabad,Xylene,2020,01,2020-01,31,0.074
Hyderabad,Xylene,2020,02,2020-02,29,0.357
Hyderabad,Xylene,2020,03,2020-03,31,1.188
Hyderabad,Xylene,2020,04,2020-04,30,0.238
Hyderabad,Xylene,2020,05,2020-05,31,1.217
Hyderabad,Xylene,2020,06,2020-06,30,0.902
Hyderabad,Xylene,2020,07,2020-07,0,
Kolkata,Benzene,2018,04,2018-04,19,7.173
Kolkata,Benzene,2018,05,2018-05,30,1.472
Kolkata,Benzene,2018,06,2018-06,30,2.308
Kolkata,Benzene,2018,07,2018-07,31,3.038
Kolkata,Benzene,2018,08,2018-08,31,2.47
Kolkata,Benzene,2018,09,2018-09,30,2.829
Kolkata,Benzene,2018,10,2018-10,31,4.863
Kolkata,Benzene,2018,11,2018-11,30,11.639
Kolkata,Benzene,2018,12,2018-12,31,12.797
Kolkata,Benzene,2019,01,2019-01,31,19.199
Kolkata,Benzene,2019,02,2019-02,28,4.261
Kolkata,Benzene,2019,03,2019-03,31,7.143
Kolkata,Benzene,2019,04,2019-04,30,3.888
Kolkata,Benzene,2019,05,2019-05,31,3.444
Kolkata,Benzene,2019,06,2019-06,30,18.264
Kolkata,Benzene,2019,07,2019-07,31,13.664
Kolkata,Benzene,2019,08,2019-08,31,19.858
Kolkata,Benzene,2019,09,2019-09,30,18.18
Kolkata,Benzene,2019,10,2019-10,31,20.971
Kolkata,Benzene,2019,11,2019-11,30,25.286
Kolkata,Benzene,2019,12,2019-12,31,28.058
Kolkata,Benzene,2020,01,2020-01,31,32.571
Kolkata,Benzene,2020,02,2020-02,29,17.232
Kolkata,Benzene,2020,03,2020-03,31,6.401
Kolkata,Benzene,2020,04,2020-04,30,1.924
Kolkata,Benzene,2020,05,2020-05,31,1.383
Kolkata,Benzene,2020,06,2020-06,30,2.296
Kolkata,Benzene,2020,07,2020-07,0,
Kolkata,CO,2018,04,2018-04,20,0.764
Kolkata,CO,2018,05,2018-05,30,0.0
Kolkata,CO,2018,06,2018-06,30,0.391
Kolkata,CO,2018,07,2018-07,31,0.556
Kolkata,CO,2018,08,2018-08,31,1.235
Kolkata,CO,2018,09,2018-09,30,1.341
Kolkata,CO,2018,10,2018-10,31,1.735
Kolkata,CO,2018,11,2018-11,30,1.338
Kolkata,CO,2018,12,2018-12,31,1.058
Kolkata,CO,2019,01,2019-01,31,1.32
Kolkata,CO,2019,02,2019-02,28,1.186
Kolkata,CO,2019,03,2019-03,31,0.775
Kolkata,CO,2019,04,2019-04,30,0.502
Kolkata,CO,2019,05,2019-05,31,0.478
Kolkata,CO,2019,06,2019-06,30,0.433
Kolkata,CO,2019,07,2019-07,31,0.484
Kolkata,CO,2019,08,2019-08,31,0.511
Kolkata,CO,2019,09,2019-09,30,0.438
Kolkata,CO,2019,10,2019-10,31,0.752
Kolkata,CO,2019,11,2019-11,30,1.244
Kolkata,CO,2019,12,2019-12,31,1.181
Kolkata,CO,2020,01,2020-01,31,1.228
Kolkata,CO,2020,02,2020-02,29,0.872
Kolkata,CO,2020,03,2020-03,31,0.685
Kolkata,CO,2020,04,2020-04,30,0.384
Kolkata,CO,2020,05,2020-05,31,0.333
Kolkata,CO,2020,06,2020-06,30,0.363
Kolkata,CO,2020,07,2020-07,0,
Kolkata,NH3,2018,04,2018-04,20,9.671
Kolkata,NH3,2018,05,2018-05,30,9.746
Kolkata,NH3,2018,06,2018-06,30,8.105
Kolkata,NH3,2018,07,2018-07,31,6.685
Kolkata,NH3,2018,08,2018-08,31,10.078
Kolkata,NH3,2018,09,2018-09,30,10.056
Kolkata,NH3,2018,10,2018-10,31,14.856
Kolkata,NH3,2018,11,2018-11,30,35.838
Kolkata,NH3,2018,12,2018-12,31,34.022
Kolkata,NH3,2019,01,2019-01,31,31.976
Kolkata,NH3,2019,02,2019-02,28,42.315
Kolkata,NH3,2019,03,2019-03,31,31.236
Kolkata,NH3,2019,04,2019-04,30,20.681
Kolkata,NH3,2019,05,2019-05,31,7.161
Kolkata,NH3,2019,06,2019-06,30,6.315
Kolkata,NH3,2019,07,2019-07,31,18.996
Kolkata,NH3,2019,08,2019-08,31,11.472
Kolkata,NH3,2019,09,2019-09,30,12.568
Kolkata,NH3,2019,10,2019-10,31,11.682
Kolkata,NH3,2019,11,2019-11,30,23.759
Kolkata,NH3,2019,12,2019-12,31,25.985
Kolkata,NH3,2020,01,2020-01,31,28.633
Kolkata,NH3,2020,02,2020-02,29,28.831
Kolkata,NH3,2020,03,2020-03,31,22.57
Kolkata,NH3,2020,04,2020-04,30,14.321
Kolkata,NH3,2020,05,2020-05,31,9.513
Kolkata,NH3,2020,06,2020-06,30,9.661
Kolkata,NH3,2020,07,2020-07,0,
Kolkata,NO,2018,04,2018-04,19,3.798
Kolkata,NO,2018,05,2018-05,19,6.195
Kolkata,NO,2018,06,2018-06,14,2.472
Kolkata,NO,2018,07,2018-07,31,7.055
Kolkata,NO,2018,08,2018-08,31,7.501
Kolkata,NO,2018,09,2018-09,30,10.484
Kolkata,NO,2018,10,2018-10,31,48.226
Kolkata,NO,2018,11,2018-11,30,62.457
Kolkata,NO,2018,12,2018-12,31,88.218
Kolkata,NO,2019,01,2019-01,31,109.645
Kolkata,NO,2019,02,2019-02,28,58.879
Kolkata,NO,2019,03,2019-03,31,18.099
Kolkata,NO,2019,04,2019-04,30,4.723
Kolkata,NO,2019,05,2019-05,31,3.93
Kolkata,NO,2019,06,2019-06,30,8.428
Kolkata,NO,2019,07,2019-07,31,8.085
Kolkata,NO,2019,08,2019-08,31,11.149
Kolkata,NO,2019,09,2019-09,30,9.043
Kolkata,NO,2019,10,2019-10,31,17.354
Kolkata,NO,2019,11,2019-11,30,52.113
Kolkata,NO,2019,12,2019-12,31,39.443
Kolkata,NO,2020,01,2020-01,31,60.528
Kolkata,NO,2020,02,2020-02,29,46.118
Kolkata,NO,2020,03,2020-03,31,13.429
Kolkata,NO,2020,04,2020-04,30,4.401
Kolkata,NO,2020,05,2020-05,31,3.498
Kolkata,NO,2020,06,2020-06,30,4.929
Kolkata,NO,2020,07,2020-07,0,
Kolkata,NO2,2018,04,2018-04,20,33.122
Kolkata,NO2,2018,05,2018-05,19,32.842
Kolkata,NO2,2018,06,2018-06,14,30.857
Kolkata,NO2,2018,07,2018-07,31,30.056
Kolkata,NO2,2018,08,2018-08,31,30.674
Kolkata,NO2,2018,09,2018-09,30,34.064
Kolkata,NO2,2018,10,2018-10,31,49.058
Kolkata,NO2,2018,11,2018-11,30,62.94
Kolkata,NO2,2018,12,2018-12,31,86.968
Kolkata,NO2,2019,01,2019-01,31,105.641
Kolkata,NO2,2019,02,2019-02,28,96.078
Kolkata,NO2,2019,03,2019-03,31,67.846
Kolkata,NO2,2019,04,2019-04,30,31.17
Kolkata,NO2,2019,05,2019-05,31,15.857
Kolkata,NO2,2019,06,2019-06,30,18.376
Kolkata,NO2,2019,07,2019-07,31,19.544
Kolkata,NO2,2019,08,2019-08,31,21.022
Kolkata,NO2,2019,09,2019-09,30,16.712
Kolkata,NO2,2019,10,2019-10,31,30.004
Kolkata,NO2,2019,11,2019-11,30,52.712
Kolkata,NO2,2019,12,2019-12,31,48.927
Kolkata,NO2,2020,01,2020-01,31,55.296
Kolkata,NO2,2020,02,2020-02,29,60.075
Kolkata,NO2,2020,03,2020-03,31,29.445
Kolkata,NO2,2020,04,2020-04,30,10.05
Kolkata,NO2,2020,05,2020-05,31,7.379
Kolkata,NO2,2020,06,2020-06,30,10.373
Kolkata,NO2,2020,07,2020-07,0,
Kolkata,NOx,2018,04,2018-04,19,36.843
Kolkata,NOx,2018,05,2018-05,30,35.65
Kolkata,NOx,2018,06,2018-06,30,37.616
Kolkata,NOx,2018,07,2018-07,31,37.093
Kolkata,NOx,2018,08,2018-08,31,37.929
Kolkata,NOx,2018,09,2018-09,30,44.463
Kolkata,NOx,2018,10,2018-10,31,94.693
Kolkata,NOx,2018,11,2018-11,30,120.828
Kolkata,NOx,2018,12,2018-12,31,163.912
Kolkata,NOx,2019,01,2019-01,31,186.407
Kolkata,NOx,2019,02,2019-02,28,143.733
Kolkata,NOx,2019,03,2019-03,31,85.069
Kolkata,NOx,2019,04,2019-04,30,35.882
Kolkata,NOx,2019,05,2019-05,31,19.629
Kolkata,NOx,2019,06,2019-06,30,24.881
Kolkata,NOx,2019,07,2019-07,31,26.633
Kolkata,NOx,2019,08,2019-08,31,30.349
Kolkata,NOx,2019,09,2019-09,30,24.944
Kolkata,NOx,2019,10,2019-10,31,46.97
Kolkata,NOx,2019,11,2019-11,30,101.801
Kolkata,NOx,2019,12,2019-12,31,86.642
Kolkata,NOx,2020,01,2020-01,31,111.599
Kolkata,NOx,2020,02,2020-02,29,103.78
Kolkata,NOx,2020,03,2020-03,31,42.721
Kolkata,NOx,2020,04,2020-04,30,14.492
Kolkata,NOx,2020,05,2020-05,31,10.929
Kolkata,NOx,2020,06,2020-06,30,14.581
Kolkata,NOx,2020,07,2020-07,0,
Kolkata,O3,2018,04,2018-04,13,38.109
Kolkata,O3,2018,05,2018-05,0,
Kolkata,O3,2018,06,2018-06,12,30.881
Kolkata,O3,2018,07,2018-07,31,17.32
Kolkata,O3,2018,08,2018-08,31,11.874
Kolkata,O3,2018,09,2018-09,30,20.177
Kolkata,O3,2018,10,2018-10,31,31.919
Kolkata,O3,2018,11,2018-11,30,36.703
Kolkata,O3,2018,12,2018-12,31,35.014
Kolkata,O3,2019,01,2019-01,31,29.523
Kolkata,O3,2019,02,2019-02,28,30.971
Kolkata,O3,2019,03,2019-03,31,34.332
Kolkata,O3,2019,04,2019-04,30,28.721
Kolkata,O3,2019,05,2019-05,31,27.215
Kolkata,O3,2019,06,2019-06,30,32.072
Kolkata,O3,2019,07,2019-07,31,27.499
Kolkata,O3,2019,08,2019-08,31,17.965
Kolkata,O3,2019,09,2019-09,30,19.441
Kolkata,O3,2019,10,2019-10,31,30.469
Kolkata,O3,2019,11,2019-11,30,36.721
Kolkata,O3,2019,12,2019-12,31,35.056
Kolkata,O3,2020,01,2020-01,31,32.78
Kolkata,O3,2020,02,2020-02,29,39.736
Kolkata,O3,2020,03,2020-03,31,50.064
Kolkata,O3,2020,04,2020-04,30,46.572
Kolkata,O3,2020,05,2020-05,31,33.565
Kolkata,O3,2020,06,2020-06,30,25.997
Kolkata,O3,2020,07,2020-07,0,
Kolkata,PM10,2018,04,2018-04,6,47.972
Kolkata,PM10,2018,05,2018-05,0,
Kolkata,PM10,2018,06,2018-06,15,61.597
Kolkata,PM10,2018,07,2018-07,31,41.663
Kolkata,PM10,2018,08,2018-08,31,42.05
Kolkata,PM10,2018,09,2018-09,30,65.774
Kolkata,PM10,2018,10,2018-10,31,113.869
Kolkata,PM10,2018,11,2018-11,30,225.698
Kolkata,PM10,2018,12,2018-12,31,292.003
Kolkata,PM10,2019,01,2019-01,31,311.115
Kolkata,PM10,2019,02,2019-02,28,218.615
Kolkata,PM10,2019,03,2019-03,31,133.862
Kolkata,PM10,2019,04,2019-04,30,85.081
Kolkata,PM10,2019,05,2019-05,31,93.155
Kolkata,PM10,2019,06,2019-06,30,60.164
Kolkata,PM10,2019,07,2019-07,31,53.113
Kolkata,PM10,2019,08,2019-08,31,39.925
Kolkata,PM10,2019,09,2019-09,30,33.315
Kolkata,PM10,2019,10,2019-10,31,96.295
Kolkata,PM10,2019,11,2019-11,30,177.939
Kolkata,PM10,2019,12,2019-12,31,184.656
Kolkata,PM10,2020,01,2020-01,31,183.164
Kolkata,PM10,2020,02,2020-02,29,171.235
Kolkata,PM10,2020,03,2020-03,31,95.396
Kolkata,PM10,2020,04,2020-04,30,46.747
Kolkata,PM10,2020,05,2020-05,31,37.912
Kolkata,PM10,2020,06,2020-06,30,34.76
Kolkata,PM10,2020,07,2020-07,0,
Kolkata,PM2.5,2018,04,2018-04,6,25.479
Kolkata,PM2.5,2018,05,2018-05,0,
Kolkata,PM2.5,2018,06,2018-06,15,30.769
Kolkata,PM2.5,2018,07,2018-07,31,22.955
Kolkata,PM2.5,2018,08,2018-08,31,21.355
Kolkata,PM2.5,2018,09,2018-09,30,38.445
Kolkata,PM2.5,2018,10,2018-10,31,68.883
Kolkata,PM2.5,2018,11,2018-11,30,141.571
Kolkata,PM2.5,2018,12,2018-12,31,182.699
Kolkata,PM2.5,2019,01,2019-01,31,202.111
Kolkata,PM2.5,2019,02,2019-02,28,127.873
Kolkata,PM2.5,2019,03,2019-03,31,72.317
Kolkata,PM2.5,2019,04,2019-04,30,42.22
Kolkata,PM2.5,2019,05,2019-05,31,43.314
Kolkata,PM2.5,2019,06,2019-06,30,32.213
Kolkata,PM2.5,2019,07,2019-07,31,27.504
Kolkata,PM2.5,2019,08,2019-08,31,22.9
Kolkata,PM2.5,2019,09,2019-09,30,16.155
Kolkata,PM2.5,2019,10,2019-10,31,57.569
Kolkata,PM2.5,2019,11,2019-11,30,87.233
Kolkata,PM2.5,2019,12,2019-12,31,91.123
Kolkata,PM2.5,2020,01,2020-01,31,94.279
Kolkata,PM2.5,2020,02,2020-02,29,84.142
Kolkata,PM2.5,2020,03,2020-03,31,51.491
Kolkata,PM2.5,2020,04,2020-04,30,24.421
Kolkata,PM2.5,2020,05,2020-05,31,16.102
Kolkata,PM2.5,2020,06,2020-06,30,13.643
Kolkata,PM2.5,2020,07,2020-07,0,
Kolkata,SO2,2018,04,2018-04,0,
Kolkata,SO2,2018,05,2018-05,0,
Kolkata,SO2,2018,06,2018-06,14,2.411
Kolkata,SO2,2018,07,2018-07,31,2.229
Kolkata,SO2,2018,08,2018-08,30,1.79
Kolkata,SO2,2018,09,2018-09,30,3.318
Kolkata,SO2,2018,10,2018-10,31,7.451
Kolkata,SO2,2018,11,2018-11,30,12.815
Kolkata,SO2,2018,12,2018-12,31,14.845
Kolkata,SO2,2019,01,2019-01,31,17.419
Kolkata,SO2,2019,02,2019-02,28,15.595
Kolkata,SO2,2019,03,2019-03,31,10.994
Kolkata,SO2,2019,04,2019-04,30,6.092
Kolkata,SO2,2019,05,2019-05,31,2.155
Kolkata,SO2,2019,06,2019-06,30,2.478
Kolkata,SO2,2019,07,2019-07,31,5.345
Kolkata,SO2,2019,08,2019-08,31,3.629
Kolkata,SO2,2019,09,2019-09,30,4.13
Kolkata,SO2,2019,10,2019-10,31,6.438
Kolkata,SO2,2019,11,2019-11,30,10.526
Kolkata,SO2,2019,12,2019-12,31,13.272
Kolkata,SO2,2020,01,2020-01,31,13.981
Kolkata,SO2,2020,02,2020-02,29,14.952
Kolkata,SO2,2020,03,2020-03,31,11.491
Kolkata,SO2,2020,04,2020-04,30,7.916
Kolkata,SO2,2020,05,2020-05,31,5.645
Kolkata,SO2,2020,06,2020-06,30,6.506
Kolkata,SO2,2020,07,2020-07,0,
Kolkata,Toluene,2018,04,2018-04,19,1.824
Kolkata,Toluene,2018,05,2018-05,30,3.239
Kolkata,Toluene,2018,06,2018-06,30,2.678
Kolkata,Toluene,2018,07,2018-07,31,6.389
Kolkata,Toluene,2018,08,2018-08,31,10.778
Kolkata,Toluene,2018,09,2018-09,30,8.375
Kolkata,Toluene,2018,10,2018-10,31,8.93
Kolkata,Toluene,2018,11,2018-11,30,20.965
Kolkata,Toluene,2018,12,2018-12,31,23.443
Kolkata,Toluene,2019,01,2019-01,31,29.823
Kolkata,Toluene,2019,02,2019-02,28,7.996
Kolkata,Toluene,2019,03,2019-03,31,12.386
Kolkata,Toluene,2019,04,2019-04,30,9.031
Kolkata,Toluene,2019,05,2019-05,31,9.381
Kolkata,Toluene,2019,06,2019-06,30,13.531
Kolkata,Toluene,2019,07,2019-07,31,9.916
Kolkata,Toluene,2019,08,2019-08,31,10.728
Kolkata,Toluene,2019,09,2019-09,30,16.31
Kolkata,Toluene,2019,10,2019-10,31,26.352
Kolkata,Toluene,2019,11,2019-11,30,38.644
Kolkata,Toluene,2019,12,2019-12,31,37.281
Kolkata,Toluene,2020,01,2020-01,31,40.036
Kolkata,Toluene,2020,02,2020-02,29,25.86
Kolkata,Toluene,2020,03,2020-03,31,12.226
Kolkata,Toluene,2020,04,2020-04,30,6.238
Kolkata,Toluene,2020,05,2020-05,31,6.668
Kolkata,Toluene,2020,06,2020-06,30,12.176
Kolkata,Toluene,2020,07,2020-07,0,
Kolkata,Xylene,2018,04,2018-04,0,
Kolkata,Xylene,2018,05,2018-05,0,
Kolkata,Xylene,2018,06,2018-06,0,
Kolkata,Xylene,2018,07,2018-07,0,
Kolkata,Xylene,2018,08,2018-08,0,
Kolkata,Xylene,2018,09,2018-09,0,
Kolkata,Xylene,2018,10,2018-10,0,
Kolkata,Xylene,2018,11,2018-11,0,
Kolkata,Xylene,2018,12,2018-12,0,
Kolkata,Xylene,2019,01,2019-01,0,
Kolkata,Xylene,2019,02,2019-02,0,
Kolkata,Xylene,2019,03,2019-03,0,
Kolkata,Xylene,2019,04,2019-04,0,
Kolkata,Xylene,2019,05,2019-05,0,
Kolkata,Xylene,2019,06,2019-06,23,4.592
Kolkata,Xylene,2019,07,2019-07,31,3.166
Kolkata,Xylene,2019,08,2019-08,30,3.031
Kolkata,Xylene,2019,09,2019-09,30,1.832
Kolkata,Xylene,2019,10,2019-10,31,2.955
Kolkata,Xylene,2019,11,2019-11,30,4.834
Kolkata,Xylene,2019,12,2019-12,31,3.126
Kolkata,Xylene,2020,01,2020-01,31,3.955
Kolkata,Xylene,2020,02,2020-02,29,3.062
Kolkata,Xylene,2020,03,2020-03,31,1.574
Kolkata,Xylene,2020,04,2020-04,30,0.399
Kolkata,Xylene,2020,05,2020-05,31,0.42
Kolkata,Xylene,2020,06,2020-06,30,0.853
Kolkata,Xylene,2020,07,2020-07,0,
Lucknow,Benzene,2015,01,2015-01,30,2.423
Lucknow,Benzene,2015,02,2015-02,26,2.571
Lucknow,Benzene,2015,03,2015-03,31,2.451
Lucknow,Benzene,2015,04,2015-04,29,2.719
Lucknow,Benzene,2015,05,2015-05,31,1.874
Lucknow,Benzene,2015,06,2015-06,28,0.753
Lucknow,Benzene,2015,07,2015-07,31,0.119
Lucknow,Benzene,2015,08,2015-08,30,0.116
Lucknow,Benzene,2015,09,2015-09,30,0.729
Lucknow,Benzene,2015,10,2015-10,9,1.261
Lucknow,Benzene,2015,11,2015-11,0,
Lucknow,Benzene,2015,12,2015-12,20,4.008
Lucknow,Benzene,2016,01,2016-01,11,2.976
Lucknow,Benzene,2016,02,2016-02,8,2.516
Lucknow,Benzene,2016,03,2016-03,30,1.04
Lucknow,Benzene,2016,04,2016-04,28,1.163
Lucknow,Benzene,2016,05,2016-05,10,1.684
Lucknow,Benzene,2016,06,2016-06,20,1.247
Lucknow,Benzene,2016,07,2016-07,8,0.327
Lucknow,Benzene,2016,08,2016-08,19,0.395
Lucknow,Benzene,2016,09,2016-09,18,0.305
Lucknow,Benzene,2016,10,2016-10,31,1.036
Lucknow,Benzene,2016,11,2016-11,30,3.476
Lucknow,Benzene,2016,12,2016-12,31,4.799
Lucknow,Benzene,2017,01,2017-01,31,2.423
Lucknow,Benzene,2017,02,2017-02,22,2.656
Lucknow,Benzene,2017,03,2017-03,30,2.045
Lucknow,Benzene,2017,04,2017-04,24,2.364
Lucknow,Benzene,2017,05,2017-05,25,2.143
Lucknow,Benzene,2017,06,2017-06,26,2.469
Lucknow,Benzene,2017,07,2017-07,31,0.836
Lucknow,Benzene,2017,08,2017-08,30,1.481
Lucknow,Benzene,2017,09,2017-09,30,1.843
Lucknow,Benzene,2017,10,2017-10,31,2.193
Lucknow,Benzene,2017,11,2017-11,30,1.123
Lucknow,Benzene,2017,12,2017-12,31,2.283
Lucknow,Benzene,2018,01,2018-01,31,2.579
Lucknow,Benzene,2018,02,2018-02,28,1.114
Lucknow,Benzene,2018,03,2018-03,31,0.614
Lucknow,Benzene,2018,04,2018-04,30,0.055
Lucknow,Benzene,2018,05,2018-05,31,0.002
Lucknow,Benzene,2018,06,2018-06,30,0.412
Lucknow,Benzene,2018,07,2018-07,31,0.164
Lucknow,Benzene,2018,08,2018-08,31,0.27
Lucknow,Benzene,2018,09,2018-09,30,0.169
Lucknow,Benzene,2018,10,2018-10,31,0.46
Lucknow,Benzene,2018,11,2018-11,30,0.904
Lucknow,Benzene,2018,12,2018-12,31,0.513
Lucknow,Benzene,2019,01,2019-01,31,0.249
Lucknow,Benzene,2019,02,2019-02,28,0.142
Lucknow,Benzene,2019,03,2019-03,31,0.683
Lucknow,Benzene,2019,04,2019-04,30,0.428
Lucknow,Benzene,2019,05,2019-05,31,0.77
Lucknow,Benzene,2019,06,2019-06,30,0.784
Lucknow,Benzene,2019,07,2019-07,31,0.576
Lucknow,Benzene,2019,08,2019-08,31,1.064
Lucknow,Benzene,2019,09,2019-09,30,1.601
Lucknow,Benzene,2019,10,2019-10,31,2.461
Lucknow,Benzene,2019,11,2019-11,30,3.147
Lucknow,Benzene,2019,12,2019-12,31,3.556
Lucknow,Benzene,2020,01,2020-01,31,3.114
Lucknow,Benzene,2020,02,2020-02,29,2.11
Lucknow,Benzene,2020,03,2020-03,31,17.151
Lucknow,Benzene,2020,04,2020-04,30,18.135
Lucknow,Benzene,2020,05,2020-05,31,21.466
Lucknow,Benzene,2020,06,2020-06,30,11.061
Lucknow,Benzene,2020,07,2020-07,0,
Lucknow,CO,2015,01,2015-01,30,11.982
Lucknow,CO,2015,02,2015-02,27,13.65
Lucknow,CO,2015,03,2015-03,30,5.444
Lucknow,CO,2015,04,2015-04,30,2.32
Lucknow,CO,2015,05,2015-05,31,2.639
Lucknow,CO,2015,06,2015-06,25,2.812
Lucknow,CO,2015,07,2015-07,26,4.548
Lucknow,CO,2015,08,2015-08,29,1.882
Lucknow,CO,2015,09,2015-09,28,1.512
Lucknow,CO,2015,10,2015-10,11,3.727
Lucknow,CO,2015,11,2015-11,22,4.26
Lucknow,CO,2015,12,2015-12,24,3.098
Lucknow,CO,2016,01,2016-01,21,2.551
Lucknow,CO,2016,02,2016-02,18,2.594
Lucknow,CO,2016,03,2016-03,22,2.198
Lucknow,CO,2016,04,2016-04,21,1.659
Lucknow,CO,2016,05,2016-05,7,1.609
Lucknow,CO,2016,06,2016-06,3,2.038
Lucknow,CO,2016,07,2016-07,0,
Lucknow,CO,2016,08,2016-08,10,1.1
Lucknow,CO,2016,09,2016-09,8,2.231
Lucknow,CO,2016,10,2016-10,31,1.82
Lucknow,CO,2016,11,2016-11,22,2.456
Lucknow,CO,2016,12,2016-12,25,1.862
Lucknow,CO,2017,01,2017-01,31,2.041
Lucknow,CO,2017,02,2017-02,28,2.055
Lucknow,CO,2017,03,2017-03,26,1.895
Lucknow,CO,2017,04,2017-04,24,1.528
Lucknow,CO,2017,05,2017-05,20,2.129
Lucknow,CO,2017,06,2017-06,12,1.415
Lucknow,CO,2017,07,2017-07,2,1.223
Lucknow,CO,2017,08,2017-08,10,1.501
Lucknow,CO,2017,09,2017-09,15,1.66
Lucknow,CO,2017,10,2017-10,31,1.135
Lucknow,CO,2017,11,2017-11,30,1.433
Lucknow,CO,2017,12,2017-12,31,1.533
Lucknow,CO,2018,01,2018-01,31,1.567
Lucknow,CO,2018,02,2018-02,28,1.016
Lucknow,CO,2018,03,2018-03,31,0.557
Lucknow,CO,2018,04,2018-04,30,0.428
Lucknow,CO,2018,05,2018-05,31,0.446
Lucknow,CO,2018,06,2018-06,30,0.757
Lucknow,CO,2018,07,2018-07,31,0.923
Lucknow,CO,2018,08,2018-08,31,0.788
Lucknow,CO,2018,09,2018-09,30,0.999
Lucknow,CO,2018,10,2018-10,31,1.286
Lucknow,CO,2018,11,2018-11,30,2.029
Lucknow,CO,2018,12,2018-12,31,1.714
Lucknow,CO,2019,01,2019-01,31,1.101
Lucknow,CO,2019,02,2019-02,28,1.144
Lucknow,CO,2019,03,2019-03,31,1.325
Lucknow,CO,2019,04,2019-04,30,1.392
Lucknow,CO,2019,05,2019-05,31,1.274
Lucknow,CO,2019,06,2019-06,30,1.013
Lucknow,CO,2019,07,2019-07,31,1.086
Lucknow,CO,2019,08,2019-08,31,1.405
Lucknow,CO,2019,09,2019-09,30,1.054
Lucknow,CO,2019,10,2019-10,31,1.213
Lucknow,CO,2019,11,2019-11,30,1.273
Lucknow,CO,2019,12,2019-12,31,1.468
Lucknow,CO,2020,01,2020-01,31,1.748
Lucknow,CO,2020,02,2020-02,29,1.342
Lucknow,CO,2020,03,2020-03,31,1.079
Lucknow,CO,2020,04,2020-04,30,0.988
Lucknow,CO,2020,05,2020-05,31,0.973
Lucknow,CO,2020,06,2020-06,30,1.066
Lucknow,CO,2020,07,2020-07,0,
Lucknow,NH3,2015,01,2015-01,0,
Lucknow,NH3,2015,02,2015-02,0,
Lucknow,NH3,2015,03,2015-03,0,
Lucknow,NH3,2015,04,2015-04,0,
Lucknow,NH3,2015,05,2015-05,0,
Lucknow,NH3,2015,06,2015-06,0,
Lucknow,NH3,2015,07,2015-07,0,
Lucknow,NH3,2015,08,2015-08,0,
Lucknow,NH3,2015,09,2015-09,0,
Lucknow,NH3,2015,10,2015-10,0,
Lucknow,NH3,2015,11,2015-11,0,
Lucknow,NH3,2015,12,2015-12,0,
Lucknow,NH3,2016,01,2016-01,0,
Lucknow,NH3,2016,02,2016-02,0,
Lucknow,NH3,2016,03,2016-03,0,
Lucknow,NH3,2016,04,2016-04,0,
Lucknow,NH3,2016,05,2016-05,0,
Lucknow,NH3,2016,06,2016-06,0,
Lucknow,NH3,2016,07,2016-07,0,
Lucknow,NH3,2016,08,2016-08,0,
Lucknow,NH3,2016,09,2016-09,0,
Lucknow,NH3,2016,10,2016-10,0,
Lucknow,NH3,2016,11,2016-11,0,
Lucknow,NH3,2016,12,2016-12,0,
Lucknow,NH3,2017,01,2017-01,0,
Lucknow,NH3,2017,02,2017-02,0,
Lucknow,NH3,2017,03,2017-03,0,
Lucknow,NH3,2017,04,2017-04,0,
Lucknow,NH3,2017,05,2017-05,0,
Lucknow,NH3,2017,06,2017-06,0,
Lucknow,NH3,2017,07,2017-07,0,
Lucknow,NH3,2017,08,2017-08,0,
Lucknow,NH3,2017,09,2017-09,4,7.864
Lucknow,NH3,2017,10,2017-10,29,16.73
Lucknow,NH3,2017,11,2017-11,30,49.626
Lucknow,NH3,2017,12,2017-12,31,51.535
Lucknow,NH3,2018,01,2018-01,31,49.627
Lucknow,NH3,2018,02,2018-02,23,50.419
Lucknow,NH3,2018,03,2018-03,31,37.401
Lucknow,NH3,2018,04,2018-04,30,29.105
Lucknow,NH3,2018,05,2018-05,29,31.52
Lucknow,NH3,2018,06,2018-06,24,38.322
Lucknow,NH3,2018,07,2018-07,31,30.046
Lucknow,NH3,2018,08,2018-08,29,24.414
Lucknow,NH3,2018,09,2018-09,30,30.298
Lucknow,NH3,2018,10,2018-10,29,54.825
Lucknow,NH3,2018,11,2018-11,30,43.678
Lucknow,NH3,2018,12,2018-12,31,41.025
Lucknow,NH3,2019,01,2019-01,31,39.384
Lucknow,NH3,2019,02,2019-02,28,34.783
Lucknow,NH3,2019,03,2019-03,29,11.556
Lucknow,NH3,2019,04,2019-04,25,18.461
Lucknow,NH3,2019,05,2019-05,31,18.626
Lucknow,NH3,2019,06,2019-06,30,28.542
Lucknow,NH3,2019,07,2019-07,31,13.7
Lucknow,NH3,2019,08,2019-08,30,11.218
Lucknow,NH3,2019,09,2019-09,30,22.151
Lucknow,NH3,2019,10,2019-10,30,37.707
Lucknow,NH3,2019,11,2019-11,30,21.061
Lucknow,NH3,2019,12,2019-12,30,17.52
Lucknow,NH3,2020,01,2020-01,25,25.804
Lucknow,NH3,2020,02,2020-02,19,10.877
Lucknow,NH3,2020,03,2020-03,29,22.151
Lucknow,NH3,2020,04,2020-04,29,32.671
Lucknow,NH3,2020,05,2020-05,31,13.389
Lucknow,NH3,2020,06,2020-06,30,14.967
Lucknow,NH3,2020,07,2020-07,0,
Lucknow,NO,2015,01,2015-01,30,4.221
Lucknow,NO,2015,02,2015-02,25,5.408
Lucknow,NO,2015,03,2015-03,31,10.128
Lucknow,NO,2015,04,2015-04,28,9.916
Lucknow,NO,2015,05,2015-05,31,2.953
Lucknow,NO,2015,06,2015-06,28,2.499
Lucknow,NO,2015,07,2015-07,29,4.058
Lucknow,NO,2015,08,2015-08,30,4.716
Lucknow,NO,2015,09,2015-09,30,4.504
Lucknow,NO,2015,10,2015-10,30,12.884
Lucknow,NO,2015,11,2015-11,30,15.635
Lucknow,NO,2015,12,2015-12,30,19.891
Lucknow,NO,2016,01,2016-01,28,5.935
Lucknow,NO,2016,02,2016-02,26,6.831
Lucknow,NO,2016,03,2016-03,30,10.8
Lucknow,NO,2016,04,2016-04,30,9.731
Lucknow,NO,2016,05,2016-05,13,6.466
Lucknow,NO,2016,06,2016-06,22,7.186
Lucknow,NO,2016,07,2016-07,24,7.484
Lucknow,NO,2016,08,2016-08,23,6.684
Lucknow,NO,2016,09,2016-09,29,7.899
Lucknow,NO,2016,10,2016-10,30,27.676
Lucknow,NO,2016,11,2016-11,30,50.972
Lucknow,NO,2016,12,2016-12,31,36.019
Lucknow,NO,2017,01,2017-01,31,29.336
Lucknow,NO,2017,02,2017-02,28,21.909
Lucknow,NO,2017,03,2017-03,31,14.944
Lucknow,NO,2017,04,2017-04,29,9.966
Lucknow,NO,2017,05,2017-05,29,10.448
Lucknow,NO,2017,06,2017-06,26,6.805
Lucknow,NO,2017,07,2017-07,31,10.632
Lucknow,NO,2017,08,2017-08,30,11.967
Lucknow,NO,2017,09,2017-09,30,9.861
Lucknow,NO,2017,10,2017-10,31,27.17
Lucknow,NO,2017,11,2017-11,30,34.103
Lucknow,NO,2017,12,2017-12,31,34.292
Lucknow,NO,2018,01,2018-01,31,26.827
Lucknow,NO,2018,02,2018-02,28,24.216
Lucknow,NO,2018,03,2018-03,31,15.435
Lucknow,NO,2018,04,2018-04,30,22.375
Lucknow,NO,2018,05,2018-05,31,15.723
Lucknow,NO,2018,06,2018-06,30,7.793
Lucknow,NO,2018,07,2018-07,31,11.891
Lucknow,NO,2018,08,2018-08,31,12.251
Lucknow,NO,2018,09,2018-09,30,8.254
Lucknow,NO,2018,10,2018-10,31,25.837
Lucknow,NO,2018,11,2018-11,30,39.929
Lucknow,NO,2018,12,2018-12,31,32.07
Lucknow,NO,2019,01,2019-01,31,33.439
Lucknow,NO,2019,02,2019-02,28,21.252
Lucknow,NO,2019,03,2019-03,31,9.504
Lucknow,NO,2019,04,2019-04,30,8.731
Lucknow,NO,2019,05,2019-05,31,8.278
Lucknow,NO,2019,06,2019-06,30,8.205
Lucknow,NO,2019,07,2019-07,31,9.137
Lucknow,NO,2019,08,2019-08,31,7.646
Lucknow,NO,2019,09,2019-09,30,7.99
Lucknow,NO,2019,10,2019-10,31,19.061
Lucknow,NO,2019,11,2019-11,30,24.082
Lucknow,NO,2019,12,2019-12,31,22.505
Lucknow,NO,2020,01,2020-01,31,29.455
Lucknow,NO,2020,02,2020-02,29,16.954
Lucknow,NO,2020,03,2020-03,31,12.572
Lucknow,NO,2020,04,2020-04,30,3.962
Lucknow,NO,2020,05,2020-05,31,5.637
Lucknow,NO,2020,06,2020-06,30,7.584
Lucknow,NO,2020,07,2020-07,0,
Lucknow,NO2,2015,01,2015-01,30,15.115
Lucknow,NO2,2015,02,2015-02,26,23.058
Lucknow,NO2,2015,03,2015-03,31,23.699
Lucknow,NO2,2015,04,2015-04,28,24.145
Lucknow,NO2,2015,05,2015-05,31,14.253
Lucknow,NO2,2015,06,2015-06,28,10.94
Lucknow,NO2,2015,07,2015-07,29,9.268
Lucknow,NO2,2015,08,2015-08,30,8.569
Lucknow,NO2,2015,09,2015-09,30,9.712
Lucknow,NO2,2015,10,2015-10,30,16.365
Lucknow,NO2,2015,11,2015-11,30,24.305
Lucknow,NO2,2015,12,2015-12,30,23.094
Lucknow,NO2,2016,01,2016-01,28,12.028
Lucknow,NO2,2016,02,2016-02,27,19.939
Lucknow,NO2,2016,03,2016-03,30,32.91
Lucknow,NO2,2016,04,2016-04,30,53.525
Lucknow,NO2,2016,05,2016-05,13,49.998
Lucknow,NO2,2016,06,2016-06,22,28.549
Lucknow,NO2,2016,07,2016-07,24,22.246
Lucknow,NO2,2016,08,2016-08,23,18.594
Lucknow,NO2,2016,09,2016-09,29,24.103
Lucknow,NO2,2016,10,2016-10,30,55.306
Lucknow,NO2,2016,11,2016-11,30,77.917
Lucknow,NO2,2016,12,2016-12,31,52.324
Lucknow,NO2,2017,01,2017-01,31,45.672
Lucknow,NO2,2017,02,2017-02,28,37.686
Lucknow,NO2,2017,03,2017-03,31,35.516
Lucknow,NO2,2017,04,2017-04,29,32.587
Lucknow,NO2,2017,05,2017-05,29,32.628
Lucknow,NO2,2017,06,2017-06,26,19.498
Lucknow,NO2,2017,07,2017-07,31,18.838
Lucknow,NO2,2017,08,2017-08,30,30.842
Lucknow,NO2,2017,09,2017-09,30,26.746
Lucknow,NO2,2017,10,2017-10,31,52.154
Lucknow,NO2,2017,11,2017-11,30,57.101
Lucknow,NO2,2017,12,2017-12,31,59.657
Lucknow,NO2,2018,01,2018-01,31,45.93
Lucknow,NO2,2018,02,2018-02,28,36.544
Lucknow,NO2,2018,03,2018-03,31,34.642
Lucknow,NO2,2018,04,2018-04,30,51.823
Lucknow,NO2,2018,05,2018-05,31,51.744
Lucknow,NO2,2018,06,2018-06,30,27.283
Lucknow,NO2,2018,07,2018-07,31,27.752
Lucknow,NO2,2018,08,2018-08,31,29.613
Lucknow,NO2,2018,09,2018-09,30,25.917
Lucknow,NO2,2018,10,2018-10,31,49.82
Lucknow,NO2,2018,11,2018-11,30,62.558
Lucknow,NO2,2018,12,2018-12,31,56.495
Lucknow,NO2,2019,01,2019-01,31,45.972
Lucknow,NO2,2019,02,2019-02,28,42.009
Lucknow,NO2,2019,03,2019-03,31,42.542
Lucknow,NO2,2019,04,2019-04,30,40.788
Lucknow,NO2,2019,05,2019-05,31,25.245
Lucknow,NO2,2019,06,2019-06,30,23.647
Lucknow,NO2,2019,07,2019-07,31,23.207
Lucknow,NO2,2019,08,2019-08,31,20.417
Lucknow,NO2,2019,09,2019-09,30,19.468
Lucknow,NO2,2019,10,2019-10,31,40.22
Lucknow,NO2,2019,11,2019-11,30,55.192
Lucknow,NO2,2019,12,2019-12,31,44.557
Lucknow,NO2,2020,01,2020-01,31,67.117
Lucknow,NO2,2020,02,2020-02,29,44.884
Lucknow,NO2,2020,03,2020-03,31,23.719
Lucknow,NO2,2020,04,2020-04,30,16.219
Lucknow,NO2,2020,05,2020-05,31,14.699
Lucknow,NO2,2020,06,2020-06,30,14.361
Lucknow,NO2,2020,07,2020-07,0,
Lucknow,NOx,2015,01,2015-01,30,4.013
Lucknow,NOx,2015,02,2015-02,26,4.381
Lucknow,NOx,2015,03,2015-03,31,4.925
Lucknow,NOx,2015,04,2015-04,29,4.695
Lucknow,NOx,2015,05,2015-05,31,4.46
Lucknow,NOx,2015,06,2015-06,28,4.284
Lucknow,NOx,2015,07,2015-07,29,4.448
Lucknow,NOx,2015,08,2015-08,30,4.72
Lucknow,NOx,2015,09,2015-09,30,3.697
Lucknow,NOx,2015,10,2015-10,30,4.041
Lucknow,NOx,2015,11,2015-11,30,4.465
Lucknow,NOx,2015,12,2015-12,30,4.839
Lucknow,NOx,2016,01,2016-01,28,3.888
Lucknow,NOx,2016,02,2016-02,27,4.405
Lucknow,NOx,2016,03,2016-03,30,4.355
Lucknow,NOx,2016,04,2016-04,30,5.166
Lucknow,NOx,2016,05,2016-05,13,4.66
Lucknow,NOx,2016,06,2016-06,22,4.52
Lucknow,NOx,2016,07,2016-07,24,4.99
Lucknow,NOx,2016,08,2016-08,11,4.521
Lucknow,NOx,2016,09,2016-09,10,6.24
Lucknow,NOx,2016,10,2016-10,16,7.446
Lucknow,NOx,2016,11,2016-11,19,7.188
Lucknow,NOx,2016,12,2016-12,0,
Lucknow,NOx,2017,01,2017-01,0,
Lucknow,NOx,2017,02,2017-02,0,
Lucknow,NOx,2017,03,2017-03,0,
Lucknow,NOx,2017,04,2017-04,0,
Lucknow,NOx,2017,05,2017-05,17,6.882
Lucknow,NOx,2017,06,2017-06,12,6.316
Lucknow,NOx,2017,07,2017-07,0,
Lucknow,NOx,2017,08,2017-08,0,
Lucknow,NOx,2017,09,2017-09,4,26.458
Lucknow,NOx,2017,10,2017-10,31,49.643
Lucknow,NOx,2017,11,2017-11,30,57.594
Lucknow,NOx,2017,12,2017-12,31,58.566
Lucknow,NOx,2018,01,2018-01,31,44.107
Lucknow,NOx,2018,02,2018-02,28,37.077
Lucknow,NOx,2018,03,2018-03,31,36.582
Lucknow,NOx,2018,04,2018-04,30,40.622
Lucknow,NOx,2018,05,2018-05,31,32.846
Lucknow,NOx,2018,06,2018-06,30,23.114
Lucknow,NOx,2018,07,2018-07,31,23.795
Lucknow,NOx,2018,08,2018-08,31,25.735
Lucknow,NOx,2018,09,2018-09,30,23.06
Lucknow,NOx,2018,10,2018-10,31,46.018
Lucknow,NOx,2018,11,2018-11,30,64.531
Lucknow,NOx,2018,12,2018-12,31,55.218
Lucknow,NOx,2019,01,2019-01,31,50.453
Lucknow,NOx,2019,02,2019-02,28,38.791
Lucknow,NOx,2019,03,2019-03,31,32.622
Lucknow,NOx,2019,04,2019-04,30,27.071
Lucknow,NOx,2019,05,2019-05,31,17.052
Lucknow,NOx,2019,06,2019-06,30,19.801
Lucknow,NOx,2019,07,2019-07,31,19.672
Lucknow,NOx,2019,08,2019-08,31,16.376
Lucknow,NOx,2019,09,2019-09,30,16.931
Lucknow,NOx,2019,10,2019-10,31,35.613
Lucknow,NOx,2019,11,2019-11,30,47.398
Lucknow,NOx,2019,12,2019-12,31,40.392
Lucknow,NOx,2020,01,2020-01,31,55.629
Lucknow,NOx,2020,02,2020-02,29,37.111
Lucknow,NOx,2020,03,2020-03,31,21.859
Lucknow,NOx,2020,04,2020-04,30,11.488
Lucknow,NOx,2020,05,2020-05,31,11.987
Lucknow,NOx,2020,06,2020-06,30,13.91
Lucknow,NOx,2020,07,2020-07,0,
Lucknow,O3,2015,01,2015-01,30,32.742
Lucknow,O3,2015,02,2015-02,26,30.581
Lucknow,O3,2015,03,2015-03,31,27.639
Lucknow,O3,2015,04,2015-04,29,23.601
Lucknow,O3,2015,05,2015-05,31,36.4
Lucknow,O3,2015,06,2015-06,28,45.395
Lucknow,O3,2015,07,2015-07,29,26.859
Lucknow,O3,2015,08,2015-08,30,24.661
Lucknow,O3,2015,09,2015-09,30,27.387
Lucknow,O3,2015,10,2015-10,30,45.527
Lucknow,O3,2015,11,2015-11,29,46.845
Lucknow,O3,2015,12,2015-12,30,46.185
Lucknow,O3,2016,01,2016-01,30,41.395
Lucknow,O3,2016,02,2016-02,27,56.173
Lucknow,O3,2016,03,2016-03,30,64.96
Lucknow,O3,2016,04,2016-04,30,68.109
Lucknow,O3,2016,05,2016-05,13,59.289
Lucknow,O3,2016,06,2016-06,23,32.796
Lucknow,O3,2016,07,2016-07,25,18.492
Lucknow,O3,2016,08,2016-08,24,30.214
Lucknow,O3,2016,09,2016-09,30,28.812
Lucknow,O3,2016,10,2016-10,31,33.279
Lucknow,O3,2016,11,2016-11,30,48.336
Lucknow,O3,2016,12,2016-12,31,33.859
Lucknow,O3,2017,01,2017-01,31,40.216
Lucknow,O3,2017,02,2017-02,28,89.298
Lucknow,O3,2017,03,2017-03,31,64.25
Lucknow,O3,2017,04,2017-04,29,97.097
Lucknow,O3,2017,05,2017-05,29,50.897
Lucknow,O3,2017,06,2017-06,26,28.908
Lucknow,O3,2017,07,2017-07,31,14.663
Lucknow,O3,2017,08,2017-08,30,12.858
Lucknow,O3,2017,09,2017-09,30,21.932
Lucknow,O3,2017,10,2017-10,31,25.456
Lucknow,O3,2017,11,2017-11,30,48.847
Lucknow,O3,2017,12,2017-12,31,40.564
Lucknow,O3,2018,01,2018-01,31,34.991
Lucknow,O3,2018,02,2018-02,28,45.598
Lucknow,O3,2018,03,2018-03,31,47.607
Lucknow,O3,2018,04,2018-04,30,36.917
Lucknow,O3,2018,05,2018-05,24,48.594
Lucknow,O3,2018,06,2018-06,30,19.719
Lucknow,O3,2018,07,2018-07,31,33.907
Lucknow,O3,2018,08,2018-08,31,13.438
Lucknow,O3,2018,09,2018-09,30,19.387
Lucknow,O3,2018,10,2018-10,31,30.293
Lucknow,O3,2018,11,2018-11,30,35.274
Lucknow,O3,2018,12,2018-12,31,27.017
Lucknow,O3,2019,01,2019-01,31,24.908
Lucknow,O3,2019,02,2019-02,28,24.368
Lucknow,O3,2019,03,2019-03,31,35.65
Lucknow,O3,2019,04,2019-04,30,41.09
Lucknow,O3,2019,05,2019-05,31,40.677
Lucknow,O3,2019,06,2019-06,30,44.343
Lucknow,O3,2019,07,2019-07,31,26.661
Lucknow,O3,2019,08,2019-08,31,27.379
Lucknow,O3,2019,09,2019-09,30,25.972
Lucknow,O3,2019,10,2019-10,31,29.028
Lucknow,O3,2019,11,2019-11,30,42.111
Lucknow,O3,2019,12,2019-12,31,24.546
Lucknow,O3,2020,01,2020-01,31,25.266
Lucknow,O3,2020,02,2020-02,29,32.047
Lucknow,O3,2020,03,2020-03,31,36.625
Lucknow,O3,2020,04,2020-04,30,26.217
Lucknow,O3,2020,05,2020-05,31,31.002
Lucknow,O3,2020,06,2020-06,30,44.972
Lucknow,O3,2020,07,2020-07,0,
Lucknow,PM10,2015,01,2015-01,0,
Lucknow,PM10,2015,02,2015-02,0,
Lucknow,PM10,2015,03,2015-03,0,
Lucknow,PM10,2015,04,2015-04,0,
Lucknow,PM10,2015,05,2015-05,0,
Lucknow,PM10,2015,06,2015-06,0,
Lucknow,PM10,2015,07,2015-07,0,
Lucknow,PM10,2015,08,2015-08,0,
Lucknow,PM10,2015,09,2015-09,0,
Lucknow,PM10,2015,10,2015-10,0,
Lucknow,PM10,2015,11,2015-11,0,
Lucknow,PM10,2015,12,2015-12,0,
Lucknow,PM10,2016,01,2016-01,0,
Lucknow,PM10,2016,02,2016-02,0,
Lucknow,PM10,2016,03,2016-03,0,
Lucknow,PM10,2016,04,2016-04,0,
Lucknow,PM10,2016,05,2016-05,0,
Lucknow,PM10,2016,06,2016-06,0,
Lucknow,PM10,2016,07,2016-07,0,
Lucknow,PM10,2016,08,2016-08,0,
Lucknow,PM10,2016,09,2016-09,0,
Lucknow,PM10,2016,10,2016-10,0,
Lucknow,PM10,2016,11,2016-11,0,
Lucknow,PM10,2016,12,2016-12,0,
Lucknow,PM10,2017,01,2017-01,0,
Lucknow,PM10,2017,02,2017-02,0,
Lucknow,PM10,2017,03,2017-03,0,
Lucknow,PM10,2017,04,2017-04,0,
Lucknow,PM10,2017,05,2017-05,0,
Lucknow,PM10,2017,06,2017-06,0,
Lucknow,PM10,2017,07,2017-07,0,
Lucknow,PM10,2017,08,2017-08,0,
Lucknow,PM10,2017,09,2017-09,0,
Lucknow,PM10,2017,10,2017-10,0,
Lucknow,PM10,2017,11,2017-11,0,
Lucknow,PM10,2017,12,2017-12,0,
Lucknow,PM10,2018,01,2018-01,0,
Lucknow,PM10,2018,02,2018-02,0,
Lucknow,PM10,2018,03,2018-03,0,
Lucknow,PM10,2018,04,2018-04,0,
Lucknow,PM10,2018,05,2018-05,0,
Lucknow,PM10,2018,06,2018-06,0,
Lucknow,PM10,2018,07,2018-07,0,
Lucknow,PM10,2018,08,2018-08,0,
Lucknow,PM10,2018,09,2018-09,0,
Lucknow,PM10,2018,10,2018-10,0,
Lucknow,PM10,2018,11,2018-11,0,
Lucknow,PM10,2018,12,2018-12,0,
Lucknow,PM10,2019,01,2019-01,0,
Lucknow,PM10,2019,02,2019-02,0,
Lucknow,PM10,2019,03,2019-03,0,
Lucknow,PM10,2019,04,2019-04,0,
Lucknow,PM10,2019,05,2019-05,0,
Lucknow,PM10,2019,06,2019-06,0,
Lucknow,PM10,2019,07,2019-07,0,
Lucknow,PM10,2019,08,2019-08,0,
Lucknow,PM10,2019,09,2019-09,0,
Lucknow,PM10,2019,10,2019-10,0,
Lucknow,PM10,2019,11,2019-11,0,
Lucknow,PM10,2019,12,2019-12,0,
Lucknow,PM10,2020,01,2020-01,0,
Lucknow,PM10,2020,02,2020-02,0,
Lucknow,PM10,2020,03,2020-03,0,
Lucknow,PM10,2020,04,2020-04,0,
Lucknow,PM10,2020,05,2020-05,0,
Lucknow,PM10,2020,06,2020-06,0,
Lucknow,PM10,2020,07,2020-07,0,
Lucknow,PM2.5,2015,01,2015-01,0,
Lucknow,PM2.5,2015,02,2015-02,0,
Lucknow,PM2.5,2015,03,2015-03,10,164.028
Lucknow,PM2.5,2015,04,2015-04,27,46.483
Lucknow,PM2.5,2015,05,2015-05,31,39.1
Lucknow,PM2.5,2015,06,2015-06,28,56.459
Lucknow,PM2.5,2015,07,2015-07,29,31.691
Lucknow,PM2.5,2015,08,2015-08,30,44.527
Lucknow,PM2.5,2015,09,2015-09,30,57.144
Lucknow,PM2.5,2015,10,2015-10,30,104.093
Lucknow,PM2.5,2015,11,2015-11,30,248.784
Lucknow,PM2.5,2015,12,2015-12,30,243.254
Lucknow,PM2.5,2016,01,2016-01,30,199.229
Lucknow,PM2.5,2016,02,2016-02,26,160.901
Lucknow,PM2.5,2016,03,2016-03,30,94.791
Lucknow,PM2.5,2016,04,2016-04,30,103.277
Lucknow,PM2.5,2016,05,2016-05,13,90.53
Lucknow,PM2.5,2016,06,2016-06,22,89.005
Lucknow,PM2.5,2016,07,2016-07,23,55.397
Lucknow,PM2.5,2016,08,2016-08,24,38.199
Lucknow,PM2.5,2016,09,2016-09,30,43.358
Lucknow,PM2.5,2016,10,2016-10,31,124.079
Lucknow,PM2.5,2016,11,2016-11,30,237.588
Lucknow,PM2.5,2016,12,2016-12,31,234.649
Lucknow,PM2.5,2017,01,2017-01,31,177.739
Lucknow,PM2.5,2017,02,2017-02,28,140.694
Lucknow,PM2.5,2017,03,2017-03,31,112.483
Lucknow,PM2.5,2017,04,2017-04,29,105.063
Lucknow,PM2.5,2017,05,2017-05,29,118.782
Lucknow,PM2.5,2017,06,2017-06,26,85.802
Lucknow,PM2.5,2017,07,2017-07,31,37.689
Lucknow,PM2.5,2017,08,2017-08,30,45.604
Lucknow,PM2.5,2017,09,2017-09,30,50.301
Lucknow,PM2.5,2017,10,2017-10,31,133.512
Lucknow,PM2.5,2017,11,2017-11,30,231.421
Lucknow,PM2.5,2017,12,2017-12,31,220.058
Lucknow,PM2.5,2018,01,2018-01,31,220.853
Lucknow,PM2.5,2018,02,2018-02,28,163.824
Lucknow,PM2.5,2018,03,2018-03,31,111.308
Lucknow,PM2.5,2018,04,2018-04,30,86.23
Lucknow,PM2.5,2018,05,2018-05,30,129.146
Lucknow,PM2.5,2018,06,2018-06,30,83.945
Lucknow,PM2.5,2018,07,2018-07,31,38.542
Lucknow,PM2.5,2018,08,2018-08,31,48.77
Lucknow,PM2.5,2018,09,2018-09,30,49.238
Lucknow,PM2.5,2018,10,2018-10,31,123.333
Lucknow,PM2.5,2018,11,2018-11,30,194.269
Lucknow,PM2.5,2018,12,2018-12,31,184.623
Lucknow,PM2.5,2019,01,2019-01,31,167.84
Lucknow,PM2.5,2019,02,2019-02,28,116.788
Lucknow,PM2.5,2019,03,2019-03,31,100.382
Lucknow,PM2.5,2019,04,2019-04,30,102.994
Lucknow,PM2.5,2019,05,2019-05,31,81.791
Lucknow,PM2.5,2019,06,2019-06,30,77.548
Lucknow,PM2.5,2019,07,2019-07,31,39.606
Lucknow,PM2.5,2019,08,2019-08,31,33.009
Lucknow,PM2.5,2019,09,2019-09,30,31.115
Lucknow,PM2.5,2019,10,2019-10,31,100.409
Lucknow,PM2.5,2019,11,2019-11,30,176.61
Lucknow,PM2.5,2019,12,2019-12,31,150.547
Lucknow,PM2.5,2020,01,2020-01,31,136.278
Lucknow,PM2.5,2020,02,2020-02,29,102.908
Lucknow,PM2.5,2020,03,2020-03,31,64.301
Lucknow,PM2.5,2020,04,2020-04,30,54.831
Lucknow,PM2.5,2020,05,2020-05,31,57.625
Lucknow,PM2.5,2020,06,2020-06,30,46.595
Lucknow,PM2.5,2020,07,2020-07,0,
Lucknow,SO2,2015,01,2015-01,5,171.651
Lucknow,SO2,2015,02,2015-02,0,
Lucknow,SO2,2015,03,2015-03,21,11.492
Lucknow,SO2,2015,04,2015-04,29,16.958
Lucknow,SO2,2015,05,2015-05,31,13.278
Lucknow,SO2,2015,06,2015-06,28,11.124
Lucknow,SO2,2015,07,2015-07,31,10.836
Lucknow,SO2,2015,08,2015-08,30,10.014
Lucknow,SO2,2015,09,2015-09,30,6.784
Lucknow,SO2,2015,10,2015-10,30,4.828
Lucknow,SO2,2015,11,2015-11,30,7.464
Lucknow,SO2,2015,12,2015-12,30,5.534
Lucknow,SO2,2016,01,2016-01,30,6.863
Lucknow,SO2,2016,02,2016-02,27,6.087
Lucknow,SO2,2016,03,2016-03,30,6.214
Lucknow,SO2,2016,04,2016-04,30,6.445
Lucknow,SO2,2016,05,2016-05,13,7.184
Lucknow,SO2,2016,06,2016-06,24,6.107
Lucknow,SO2,2016,07,2016-07,25,6.506
Lucknow,SO2,2016,08,2016-08,24,4.012
Lucknow,SO2,2016,09,2016-09,30,3.891
Lucknow,SO2,2016,10,2016-10,31,8.866
Lucknow,SO2,2016,11,2016-11,30,6.719
Lucknow,SO2,2016,12,2016-12,31,11.25
Lucknow,SO2,2017,01,2017-01,31,8.866
Lucknow,SO2,2017,02,2017-02,28,7.981
Lucknow,SO2,2017,03,2017-03,31,6.561
Lucknow,SO2,2017,04,2017-04,29,6.675
Lucknow,SO2,2017,05,2017-05,29,4.574
Lucknow,SO2,2017,06,2017-06,26,4.322
Lucknow,SO2,2017,07,2017-07,31,3.58
Lucknow,SO2,2017,08,2017-08,30,5.871
Lucknow,SO2,2017,09,2017-09,30,5.233
Lucknow,SO2,2017,10,2017-10,31,13.184
Lucknow,SO2,2017,11,2017-11,30,9.849
Lucknow,SO2,2017,12,2017-12,31,10.094
Lucknow,SO2,2018,01,2018-01,31,9.12
Lucknow,SO2,2018,02,2018-02,28,13.961
Lucknow,SO2,2018,03,2018-03,31,13.181
Lucknow,SO2,2018,04,2018-04,30,11.039
Lucknow,SO2,2018,05,2018-05,31,9.522
Lucknow,SO2,2018,06,2018-06,30,8.795
Lucknow,SO2,2018,07,2018-07,31,6.73
Lucknow,SO2,2018,08,2018-08,31,7.437
Lucknow,SO2,2018,09,2018-09,30,4.662
Lucknow,SO2,2018,10,2018-10,31,6.844
Lucknow,SO2,2018,11,2018-11,30,9.432
Lucknow,SO2,2018,12,2018-12,31,8.676
Lucknow,SO2,2019,01,2019-01,31,8.914
Lucknow,SO2,2019,02,2019-02,28,7.727
Lucknow,SO2,2019,03,2019-03,31,9.881
Lucknow,SO2,2019,04,2019-04,30,8.021
Lucknow,SO2,2019,05,2019-05,31,6.63
Lucknow,SO2,2019,06,2019-06,30,5.084
Lucknow,SO2,2019,07,2019-07,31,5.742
Lucknow,SO2,2019,08,2019-08,31,4.872
Lucknow,SO2,2019,09,2019-09,30,4.645
Lucknow,SO2,2019,10,2019-10,31,5.915
Lucknow,SO2,2019,11,2019-11,30,11.295
Lucknow,SO2,2019,12,2019-12,31,13.436
Lucknow,SO2,2020,01,2020-01,31,12.498
Lucknow,SO2,2020,02,2020-02,29,8.035
Lucknow,SO2,2020,03,2020-03,31,6.233
Lucknow,SO2,2020,04,2020-04,30,7.213
Lucknow,SO2,2020,05,2020-05,31,6.8
Lucknow,SO2,2020,06,2020-06,30,5.482
Lucknow,SO2,2020,07,2020-07,0,
Lucknow,Toluene,2015,01,2015-01,30,4.71
Lucknow,Toluene,2015,02,2015-02,26,3.558
Lucknow,Toluene,2015,03,2015-03,31,3.291
Lucknow,Toluene,2015,04,2015-04,29,3.198
Lucknow,Toluene,2015,05,2015-05,31,1.553
Lucknow,Toluene,2015,06,2015-06,28,0.77
Lucknow,Toluene,2015,07,2015-07,31,0.237
Lucknow,Toluene,2015,08,2015-08,30,0.225
Lucknow,Toluene,2015,09,2015-09,30,0.829
Lucknow,Toluene,2015,10,2015-10,9,1.211
Lucknow,Toluene,2015,11,2015-11,0,
Lucknow,Toluene,2015,12,2015-12,19,11.696
Lucknow,Toluene,2016,01,2016-01,11,3.2
Lucknow,Toluene,2016,02,2016-02,8,3.825
Lucknow,Toluene,2016,03,2016-03,30,2.622
Lucknow,Toluene,2016,04,2016-04,28,1.681
Lucknow,Toluene,2016,05,2016-05,10,2.704
Lucknow,Toluene,2016,06,2016-06,17,0.965
Lucknow,Toluene,2016,07,2016-07,5,0.096
Lucknow,Toluene,2016,08,2016-08,7,0.716
Lucknow,Toluene,2016,09,2016-09,11,0.368
Lucknow,Toluene,2016,10,2016-10,26,2.737
Lucknow,Toluene,2016,11,2016-11,30,8.599
Lucknow,Toluene,2016,12,2016-12,31,13.604
Lucknow,Toluene,2017,01,2017-01,31,8.927
Lucknow,Toluene,2017,02,2017-02,22,7.46
Lucknow,Toluene,2017,03,2017-03,30,6.979
Lucknow,Toluene,2017,04,2017-04,24,6.585
Lucknow,Toluene,2017,05,2017-05,28,3.503
Lucknow,Toluene,2017,06,2017-06,26,3.921
Lucknow,Toluene,2017,07,2017-07,31,2.233
Lucknow,Toluene,2017,08,2017-08,30,3.08
Lucknow,Toluene,2017,09,2017-09,30,3.211
Lucknow,Toluene,2017,10,2017-10,31,3.038
Lucknow,Toluene,2017,11,2017-11,30,1.721
Lucknow,Toluene,2017,12,2017-12,31,2.771
Lucknow,Toluene,2018,01,2018-01,31,7.919
Lucknow,Toluene,2018,02,2018-02,28,1.32
Lucknow,Toluene,2018,03,2018-03,31,0.427
Lucknow,Toluene,2018,04,2018-04,30,0.059
Lucknow,Toluene,2018,05,2018-05,31,0.002
Lucknow,Toluene,2018,06,2018-06,30,0.593
Lucknow,Toluene,2018,07,2018-07,31,0.298
Lucknow,Toluene,2018,08,2018-08,31,0.356
Lucknow,Toluene,2018,09,2018-09,30,0.255
Lucknow,Toluene,2018,10,2018-10,31,0.53
Lucknow,Toluene,2018,11,2018-11,30,1.443
Lucknow,Toluene,2018,12,2018-12,31,1.419
Lucknow,Toluene,2019,01,2019-01,31,0.57
Lucknow,Toluene,2019,02,2019-02,28,0.477
Lucknow,Toluene,2019,03,2019-03,31,5.346
Lucknow,Toluene,2019,04,2019-04,30,1.553
Lucknow,Toluene,2019,05,2019-05,31,22.299
Lucknow,Toluene,2019,06,2019-06,30,3.414
Lucknow,Toluene,2019,07,2019-07,31,3.908
Lucknow,Toluene,2019,08,2019-08,31,3.793
Lucknow,Toluene,2019,09,2019-09,30,6.326
Lucknow,Toluene,2019,10,2019-10,31,9.994
Lucknow,Toluene,2019,11,2019-11,30,12.572
Lucknow,Toluene,2019,12,2019-12,31,10.532
Lucknow,Toluene,2020,01,2020-01,31,14.82
Lucknow,Toluene,2020,02,2020-02,29,7.248
Lucknow,Toluene,2020,03,2020-03,31,14.948
Lucknow,Toluene,2020,04,2020-04,30,6.958
Lucknow,Toluene,2020,05,2020-05,31,9.982
Lucknow,Toluene,2020,06,2020-06,30,8.192
Lucknow,Toluene,2020,07,2020-07,0,
Lucknow,Xylene,2015,01,2015-01,0,
Lucknow,Xylene,2015,02,2015-02,0,
Lucknow,Xylene,2015,03,2015-03,0,
Lucknow,Xylene,2015,04,2015-04,0,
Lucknow,Xylene,2015,05,2015-05,0,
Lucknow,Xylene,2015,06,2015-06,0,
Lucknow,Xylene,2015,07,2015-07,0,
Lucknow,Xylene,2015,08,2015-08,0,
Lucknow,Xylene,2015,09,2015-09,0,
Lucknow,Xylene,2015,10,2015-10,0,
Lucknow,Xylene,2015,11,2015-11,0,
Lucknow,Xylene,2015,12,2015-12,0,
Lucknow,Xylene,2016,01,2016-01,0,
Lucknow,Xylene,2016,02,2016-02,0,
Lucknow,Xylene,2016,03,2016-03,0,
Lucknow,Xylene,2016,04,2016-04,0,
Lucknow,Xylene,2016,05,2016-05,0,
Lucknow,Xylene,2016,06,2016-06,0,
Lucknow,Xylene,2016,07,2016-07,0,
Lucknow,Xylene,2016,08,2016-08,0,
Lucknow,Xylene,2016,09,2016-09,0,
Lucknow,Xylene,2016,10,2016-10,0,
Lucknow,Xylene,2016,11,2016-11,0,
Lucknow,Xylene,2016,12,2016-12,0,
Lucknow,Xylene,2017,01,2017-01,0,
Lucknow,Xylene,2017,02,2017-02,0,
Lucknow,Xylene,2017,03,2017-03,0,
Lucknow,Xylene,2017,04,2017-04,0,
Lucknow,Xylene,2017,05,2017-05,0,
Lucknow,Xylene,2017,06,2017-06,0,
Lucknow,Xylene,2017,07,2017-07,0,
Lucknow,Xylene,2017,08,2017-08,0,
Lucknow,Xylene,2017,09,2017-09,0,
Lucknow,Xylene,2017,10,2017-10,0,
Lucknow,Xylene,2017,11,2017-11,0,
Lucknow,Xylene,2017,12,2017-12,0,
Lucknow,Xylene,2018,01,2018-01,0,
Lucknow,Xylene,2018,02,2018-02,0,
Lucknow,Xylene,2018,03,2018-03,0,
Lucknow,Xylene,2018,04,2018-04,0,
Lucknow,Xylene,2018,05,2018-05,0,
Lucknow,Xylene,2018,06,2018-06,0,
Lucknow,Xylene,2018,07,2018-07,0,
Lucknow,Xylene,2018,08,2018-08,0,
Lucknow,Xylene,2018,09,2018-09,0,
Lucknow,Xylene,2018,10,2018-10,0,
Lucknow,Xylene,2018,11,2018-11,0,
Lucknow,Xylene,2018,12,2018-12,0,
Lucknow,Xylene,2019,01,2019-01,0,
Lucknow,Xylene,2019,02,2019-02,0,
Lucknow,Xylene,2019,03,2019-03,0,
Lucknow,Xylene,2019,04,2019-04,0,
Lucknow,Xylene,2019,05,2019-05,0,
Lucknow,Xylene,2019,06,2019-06,0,
Lucknow,Xylene,2019,07,2019-07,0,
Lucknow,Xylene,2019,08,2019-08,0,
Lucknow,Xylene,2019,09,2019-09,0,
Lucknow,Xylene,2019,10,2019-10,0,
Lucknow,Xylene,2019,11,2019-11,0,
Lucknow,Xylene,2019,12,2019-12,0,
Lucknow,Xylene,2020,01,2020-01,0,
Lucknow,Xylene,2020,02,2020-02,0,
Lucknow,Xylene,2020,03,2020-03,0,
Lucknow,Xylene,2020,04,2020-04,0,
Lucknow,Xylene,2020,05,2020-05,0,
Lucknow,Xylene,2020,06,2020-06,0,
Lucknow,Xylene,2020,07,2020-07,0,
Mumbai,Benzene,2015,01,2015-01,31,0.0
Mumbai,Benzene,2015,02,2015-02,28,0.0
Mumbai,Benzene,2015,03,2015-03,24,0.0
Mumbai,Benzene,2015,04,2015-04,27,0.0
Mumbai,Benzene,2015,05,2015-05,30,0.0
Mumbai,Benzene,2015,06,2015-06,28,0.0
Mumbai,Benzene,2015,07,2015-07,31,0.0
Mumbai,Benzene,2015,08,2015-08,31,0.0
Mumbai,Benzene,2015,09,2015-09,30,0.0
Mumbai,Benzene,2015,10,2015-10,31,0.0
Mumbai,Benzene,2015,11,2015-11,24,0.0
Mumbai,Benzene,2015,12,2015-12,31,0.0
Mumbai,Benzene,2016,01,2016-01,31,0.0
Mumbai,Benzene,2016,02,2016-02,24,0.0
Mumbai,Benzene,2016,03,2016-03,31,0.0
Mumbai,Benzene,2016,04,2016-04,28,0.0
Mumbai,Benzene,2016,05,2016-05,28,0.0
Mumbai,Benzene,2016,06,2016-06,20,0.0
Mumbai,Benzene,2016,07,2016-07,9,0.0
Mumbai,Benzene,2016,08,2016-08,0,
Mumbai,Benzene,2016,09,2016-09,0,
Mumbai,Benzene,2016,10,2016-10,0,
Mumbai,Benzene,2016,11,2016-11,0,
Mumbai,Benzene,2016,12,2016-12,0,
Mumbai,Benzene,2017,01,2017-01,15,0.0
Mumbai,Benzene,2017,02,2017-02,27,0.0
Mumbai,Benzene,2017,03,2017-03,31,0.0
Mumbai,Benzene,2017,04,2017-04,30,0.0
Mumbai,Benzene,2017,05,2017-05,30,0.0
Mumbai,Benzene,2017,06,2017-06,29,0.0
Mumbai,Benzene,2017,07,2017-07,29,0.0
Mumbai,Benzene,2017,08,2017-08,30,0.0
Mumbai,Benzene,2017,09,2017-09,28,0.0
Mumbai,Benzene,2017,10,2017-10,24,0.0
Mumbai,Benzene,2017,11,2017-11,28,0.0
Mumbai,Benzene,2017,12,2017-12,31,0.023
Mumbai,Benzene,2018,01,2018-01,31,0.0
Mumbai,Benzene,2018,02,2018-02,28,0.0
Mumbai,Benzene,2018,03,2018-03,31,0.0
Mumbai,Benzene,2018,04,2018-04,20,0.202
Mumbai,Benzene,2018,05,2018-05,23,0.427
Mumbai,Benzene,2018,06,2018-06,29,1.733
Mumbai,Benzene,2018,07,2018-07,30,0.554
Mumbai,Benzene,2018,08,2018-08,31,0.364
Mumbai,Benzene,2018,09,2018-09,29,0.868
Mumbai,Benzene,2018,10,2018-10,24,1.672
Mumbai,Benzene,2018,11,2018-11,24,2.559
Mumbai,Benzene,2018,12,2018-12,30,1.676
Mumbai,Benzene,2019,01,2019-01,30,2.096
Mumbai,Benzene,2019,02,2019-02,28,1.689
Mumbai,Benzene,2019,03,2019-03,31,0.944
Mumbai,Benzene,2019,04,2019-04,29,0.531
Mumbai,Benzene,2019,05,2019-05,30,0.279
Mumbai,Benzene,2019,06,2019-06,30,1.603
Mumbai,Benzene,2019,07,2019-07,31,2.215
Mumbai,Benzene,2019,08,2019-08,31,1.793
Mumbai,Benzene,2019,09,2019-09,30,1.805
Mumbai,Benzene,2019,10,2019-10,31,4.046
Mumbai,Benzene,2019,11,2019-11,30,6.304
Mumbai,Benzene,2019,12,2019-12,31,7.255
Mumbai,Benzene,2020,01,2020-01,31,4.754
Mumbai,Benzene,2020,02,2020-02,29,5.894
Mumbai,Benzene,2020,03,2020-03,31,5.629
Mumbai,Benzene,2020,04,2020-04,30,5.679
Mumbai,Benzene,2020,05,2020-05,31,1.979
Mumbai,Benzene,2020,06,2020-06,30,1.617
Mumbai,Benzene,2020,07,2020-07,0,
Mumbai,CO,2015,01,2015-01,31,0.0
Mumbai,CO,2015,02,2015-02,28,0.0
Mumbai,CO,2015,03,2015-03,30,0.0
Mumbai,CO,2015,04,2015-04,30,0.0
Mumbai,CO,2015,05,2015-05,31,0.0
Mumbai,CO,2015,06,2015-06,28,0.0
Mumbai,CO,2015,07,2015-07,31,0.0
Mumbai,CO,2015,08,2015-08,31,0.0
Mumbai,CO,2015,09,2015-09,30,0.0
Mumbai,CO,2015,10,2015-10,31,0.0
Mumbai,CO,2015,11,2015-11,28,0.0
Mumbai,CO,2015,12,2015-12,31,0.0
Mumbai,CO,2016,01,2016-01,31,0.0
Mumbai,CO,2016,02,2016-02,28,0.0
Mumbai,CO,2016,03,2016-03,31,0.0
Mumbai,CO,2016,04,2016-04,28,0.0
Mumbai,CO,2016,05,2016-05,28,0.0
Mumbai,CO,2016,06,2016-06,20,0.0
Mumbai,CO,2016,07,2016-07,23,0.0
Mumbai,CO,2016,08,2016-08,30,0.0
Mumbai,CO,2016,09,2016-09,29,0.0
Mumbai,CO,2016,10,2016-10,31,0.0
Mumbai,CO,2016,11,2016-11,29,0.0
Mumbai,CO,2016,12,2016-12,31,0.0
Mumbai,CO,2017,01,2017-01,30,0.0
Mumbai,CO,2017,02,2017-02,27,0.0
Mumbai,CO,2017,03,2017-03,31,0.0
Mumbai,CO,2017,04,2017-04,30,0.0
Mumbai,CO,2017,05,2017-05,31,0.0
Mumbai,CO,2017,06,2017-06,29,0.0
Mumbai,CO,2017,07,2017-07,29,0.0
Mumbai,CO,2017,08,2017-08,30,0.0
Mumbai,CO,2017,09,2017-09,28,0.0
Mumbai,CO,2017,10,2017-10,24,0.0
Mumbai,CO,2017,11,2017-11,28,0.0
Mumbai,CO,2017,12,2017-12,31,0.0
Mumbai,CO,2018,01,2018-01,31,1.485
Mumbai,CO,2018,02,2018-02,28,1.399
Mumbai,CO,2018,03,2018-03,31,1.57
Mumbai,CO,2018,04,2018-04,20,1.344
Mumbai,CO,2018,05,2018-05,23,1.244
Mumbai,CO,2018,06,2018-06,29,1.299
Mumbai,CO,2018,07,2018-07,30,1.212
Mumbai,CO,2018,08,2018-08,31,1.178
Mumbai,CO,2018,09,2018-09,30,1.497
Mumbai,CO,2018,10,2018-10,24,2.035
Mumbai,CO,2018,11,2018-11,25,2.501
Mumbai,CO,2018,12,2018-12,31,2.164
Mumbai,CO,2019,01,2019-01,31,2.627
Mumbai,CO,2019,02,2019-02,28,2.272
Mumbai,CO,2019,03,2019-03,29,1.798
Mumbai,CO,2019,04,2019-04,29,1.813
Mumbai,CO,2019,05,2019-05,30,1.66
Mumbai,CO,2019,06,2019-06,30,0.622
Mumbai,CO,2019,07,2019-07,31,0.476
Mumbai,CO,2019,08,2019-08,31,0.506
Mumbai,CO,2019,09,2019-09,30,0.561
Mumbai,CO,2019,10,2019-10,31,0.958
Mumbai,CO,2019,11,2019-11,30,0.954
Mumbai,CO,2019,12,2019-12,31,1.092
Mumbai,CO,2020,01,2020-01,31,1.024
Mumbai,CO,2020,02,2020-02,29,1.047
Mumbai,CO,2020,03,2020-03,31,0.606
Mumbai,CO,2020,04,2020-04,30,0.451
Mumbai,CO,2020,05,2020-05,31,0.287
Mumbai,CO,2020,06,2020-06,30,0.367
Mumbai,CO,2020,07,2020-07,0,
Mumbai,NH3,2015,01,2015-01,0,
Mumbai,NH3,2015,02,2015-02,0,
Mumbai,NH3,2015,03,2015-03,0,
Mumbai,NH3,2015,04,2015-04,0,
Mumbai,NH3,2015,05,2015-05,0,
Mumbai,NH3,2015,06,2015-06,0,
Mumbai,NH3,2015,07,2015-07,0,
Mumbai,NH3,2015,08,2015-08,0,
Mumbai,NH3,2015,09,2015-09,0,
Mumbai,NH3,2015,10,2015-10,0,
Mumbai,NH3,2015,11,2015-11,0,
Mumbai,NH3,2015,12,2015-12,0,
Mumbai,NH3,2016,01,2016-01,0,
Mumbai,NH3,2016,02,2016-02,0,
Mumbai,NH3,2016,03,2016-03,0,
Mumbai,NH3,2016,04,2016-04,0,
Mumbai,NH3,2016,05,2016-05,0,
Mumbai,NH3,2016,06,2016-06,0,
Mumbai,NH3,2016,07,2016-07,0,
Mumbai,NH3,2016,08,2016-08,0,
Mumbai,NH3,2016,09,2016-09,0,
Mumbai,NH3,2016,10,2016-10,0,
Mumbai,NH3,2016,11,2016-11,0,
Mumbai,NH3,2016,12,2016-12,0,
Mumbai,NH3,2017,01,2017-01,0,
Mumbai,NH3,2017,02,2017-02,0,
Mumbai,NH3,2017,03,2017-03,0,
Mumbai,NH3,2017,04,2017-04,0,
Mumbai,NH3,2017,05,2017-05,0,
Mumbai,NH3,2017,06,2017-06,0,
Mumbai,NH3,2017,07,2017-07,0,
Mumbai,NH3,2017,08,2017-08,0,
Mumbai,NH3,2017,09,2017-09,0,
Mumbai,NH3,2017,10,2017-10,0,
Mumbai,NH3,2017,11,2017-11,0,
Mumbai,NH3,2017,12,2017-12,0,
Mumbai,NH3,2018,01,2018-01,0,
Mumbai,NH3,2018,02,2018-02,0,
Mumbai,NH3,2018,03,2018-03,0,
Mumbai,NH3,2018,04,2018-04,0,
Mumbai,NH3,2018,05,2018-05,0,
Mumbai,NH3,2018,06,2018-06,0,
Mumbai,NH3,2018,07,2018-07,0,
Mumbai,NH3,2018,08,2018-08,0,
Mumbai,NH3,2018,09,2018-09,0,
Mumbai,NH3,2018,10,2018-10,0,
Mumbai,NH3,2018,11,2018-11,0,
Mumbai,NH3,2018,12,2018-12,0,
Mumbai,NH3,2019,01,2019-01,0,
Mumbai,NH3,2019,02,2019-02,0,
Mumbai,NH3,2019,03,2019-03,0,
Mumbai,NH3,2019,04,2019-04,0,
Mumbai,NH3,2019,05,2019-05,0,
Mumbai,NH3,2019,06,2019-06,27,10.995
Mumbai,NH3,2019,07,2019-07,31,10.962
Mumbai,NH3,2019,08,2019-08,31,11.938
Mumbai,NH3,2019,09,2019-09,30,12.677
Mumbai,NH3,2019,10,2019-10,31,15.682
Mumbai,NH3,2019,11,2019-11,30,16.716
Mumbai,NH3,2019,12,2019-12,31,19.346
Mumbai,NH3,2020,01,2020-01,31,19.264
Mumbai,NH3,2020,02,2020-02,29,21.698
Mumbai,NH3,2020,03,2020-03,31,16.823
Mumbai,NH3,2020,04,2020-04,30,7.562
Mumbai,NH3,2020,05,2020-05,31,4.162
Mumbai,NH3,2020,06,2020-06,30,11.9
Mumbai,NH3,2020,07,2020-07,0,
Mumbai,NO,2015,01,2015-01,0,
Mumbai,NO,2015,02,2015-02,0,
Mumbai,NO,2015,03,2015-03,0,
Mumbai,NO,2015,04,2015-04,0,
Mumbai,NO,2015,05,2015-05,0,
Mumbai,NO,2015,06,2015-06,0,
Mumbai,NO,2015,07,2015-07,0,
Mumbai,NO,2015,08,2015-08,0,
Mumbai,NO,2015,09,2015-09,0,
Mumbai,NO,2015,10,2015-10,0,
Mumbai,NO,2015,11,2015-11,0,
Mumbai,NO,2015,12,2015-12,0,
Mumbai,NO,2016,01,2016-01,0,
Mumbai,NO,2016,02,2016-02,0,
Mumbai,NO,2016,03,2016-03,0,
Mumbai,NO,2016,04,2016-04,0,
Mumbai,NO,2016,05,2016-05,0,
Mumbai,NO,2016,06,2016-06,0,
Mumbai,NO,2016,07,2016-07,0,
Mumbai,NO,2016,08,2016-08,0,
Mumbai,NO,2016,09,2016-09,0,
Mumbai,NO,2016,10,2016-10,0,
Mumbai,NO,2016,11,2016-11,0,
Mumbai,NO,2016,12,2016-12,0,
Mumbai,NO,2017,01,2017-01,0,
Mumbai,NO,2017,02,2017-02,0,
Mumbai,NO,2017,03,2017-03,0,
Mumbai,NO,2017,04,2017-04,0,
Mumbai,NO,2017,05,2017-05,0,
Mumbai,NO,2017,06,2017-06,0,
Mumbai,NO,2017,07,2017-07,0,
Mumbai,NO,2017,08,2017-08,0,
Mumbai,NO,2017,09,2017-09,0,
Mumbai,NO,2017,10,2017-10,0,
Mumbai,NO,2017,11,2017-11,0,
Mumbai,NO,2017,12,2017-12,0,
Mumbai,NO,2018,01,2018-01,0,
Mumbai,NO,2018,02,2018-02,0,
Mumbai,NO,2018,03,2018-03,0,
Mumbai,NO,2018,04,2018-04,0,
Mumbai,NO,2018,05,2018-05,15,22.506
Mumbai,NO,2018,06,2018-06,11,23.81
Mumbai,NO,2018,07,2018-07,30,16.35
Mumbai,NO,2018,08,2018-08,31,15.132
Mumbai,NO,2018,09,2018-09,30,28.411
Mumbai,NO,2018,10,2018-10,24,37.514
Mumbai,NO,2018,11,2018-11,25,62.115
Mumbai,NO,2018,12,2018-12,31,49.53
Mumbai,NO,2019,01,2019-01,29,55.482
Mumbai,NO,2019,02,2019-02,23,52.931
Mumbai,NO,2019,03,2019-03,31,49.111
Mumbai,NO,2019,04,2019-04,29,38.795
Mumbai,NO,2019,05,2019-05,30,30.11
Mumbai,NO,2019,06,2019-06,30,23.545
Mumbai,NO,2019,07,2019-07,31,25.229
Mumbai,NO,2019,08,2019-08,31,21.754
Mumbai,NO,2019,09,2019-09,30,19.708
Mumbai,NO,2019,10,2019-10,31,25.152
Mumbai,NO,2019,11,2019-11,30,21.08
Mumbai,NO,2019,12,2019-12,31,26.752
Mumbai,NO,2020,01,2020-01,31,31.4
Mumbai,NO,2020,02,2020-02,29,33.941
Mumbai,NO,2020,03,2020-03,31,21.347
Mumbai,NO,2020,04,2020-04,30,13.809
Mumbai,NO,2020,05,2020-05,31,19.274
Mumbai,NO,2020,06,2020-06,30,18.791
Mumbai,NO,2020,07,2020-07,0,
Mumbai,NO2,2015,01,2015-01,0,
Mumbai,NO2,2015,02,2015-02,0,
Mumbai,NO2,2015,03,2015-03,0,
Mumbai,NO2,2015,04,2015-04,0,
Mumbai,NO2,2015,05,2015-05,0,
Mumbai,NO2,2015,06,2015-06,0,
Mumbai,NO2,2015,07,2015-07,0,
Mumbai,NO2,2015,08,2015-08,0,
Mumbai,NO2,2015,09,2015-09,0,
Mumbai,NO2,2015,10,2015-10,0,
Mumbai,NO2,2015,11,2015-11,0,
Mumbai,NO2,2015,12,2015-12,0,
Mumbai,NO2,2016,01,2016-01,0,
Mumbai,NO2,2016,02,2016-02,0,
Mumbai,NO2,2016,03,2016-03,0,
Mumbai,NO2,2016,04,2016-04,0,
Mumbai,NO2,2016,05,2016-05,0,
Mumbai,NO2,2016,06,2016-06,0,
Mumbai,NO2,2016,07,2016-07,0,
Mumbai,NO2,2016,08,2016-08,0,
Mumbai,NO2,2016,09,2016-09,0,
Mumbai,NO2,2016,10,2016-10,0,
Mumbai,NO2,2016,11,2016-11,0,
Mumbai,NO2,2016,12,2016-12,0,
Mumbai,NO2,2017,01,2017-01,0,
Mumbai,NO2,2017,02,2017-02,0,
Mumbai,NO2,2017,03,2017-03,0,
Mumbai,NO2,2017,04,2017-04,0,
Mumbai,NO2,2017,05,2017-05,0,
Mumbai,NO2,2017,06,2017-06,0,
Mumbai,NO2,2017,07,2017-07,0,
Mumbai,NO2,2017,08,2017-08,0,
Mumbai,NO2,2017,09,2017-09,0,
Mumbai,NO2,2017,10,2017-10,0,
Mumbai,NO2,2017,11,2017-11,0,
Mumbai,NO2,2017,12,2017-12,0,
Mumbai,NO2,2018,01,2018-01,0,
Mumbai,NO2,2018,02,2018-02,0,
Mumbai,NO2,2018,03,2018-03,0,
Mumbai,NO2,2018,04,2018-04,0,
Mumbai,NO2,2018,05,2018-05,15,23.129
Mumbai,NO2,2018,06,2018-06,11,17.245
Mumbai,NO2,2018,07,2018-07,30,17.838
Mumbai,NO2,2018,08,2018-08,31,25.135
Mumbai,NO2,2018,09,2018-09,30,26.331
Mumbai,NO2,2018,10,2018-10,24,29.186
Mumbai,NO2,2018,11,2018-11,25,45.996
Mumbai,NO2,2018,12,2018-12,31,56.225
Mumbai,NO2,2019,01,2019-01,28,52.738
Mumbai,NO2,2019,02,2019-02,23,29.409
Mumbai,NO2,2019,03,2019-03,31,15.641
Mumbai,NO2,2019,04,2019-04,29,22.643
Mumbai,NO2,2019,05,2019-05,30,13.634
Mumbai,NO2,2019,06,2019-06,30,13.376
Mumbai,NO2,2019,07,2019-07,31,12.835
Mumbai,NO2,2019,08,2019-08,31,9.908
Mumbai,NO2,2019,09,2019-09,30,14.172
Mumbai,NO2,2019,10,2019-10,31,24.901
Mumbai,NO2,2019,11,2019-11,30,38.893
Mumbai,NO2,2019,12,2019-12,31,39.748
Mumbai,NO2,2020,01,2020-01,31,38.964
Mumbai,NO2,2020,02,2020-02,29,47.782
Mumbai,NO2,2020,03,2020-03,31,23.564
Mumbai,NO2,2020,04,2020-04,30,7.757
Mumbai,NO2,2020,05,2020-05,31,7.774
Mumbai,NO2,2020,06,2020-06,30,11.685
Mumbai,NO2,2020,07,2020-07,0,
Mumbai,NOx,2015,01,2015-01,31,26.822
Mumbai,NOx,2015,02,2015-02,28,27.14
Mumbai,NOx,2015,03,2015-03,30,97.54
Mumbai,NOx,2015,04,2015-04,29,53.971
Mumbai,NOx,2015,05,2015-05,31,27.18
Mumbai,NOx,2015,06,2015-06,28,23.556
Mumbai,NOx,2015,07,2015-07,31,20.41
Mumbai,NOx,2015,08,2015-08,31,39.14
Mumbai,NOx,2015,09,2015-09,30,44.509
Mumbai,NOx,2015,10,2015-10,31,80.953
Mumbai,NOx,2015,11,2015-11,28,130.108
Mumbai,NOx,2015,12,2015-12,31,103.356
Mumbai,NOx,2016,01,2016-01,31,26.663
Mumbai,NOx,2016,02,2016-02,28,21.311
Mumbai,NOx,2016,03,2016-03,31,17.28
Mumbai,NOx,2016,04,2016-04,28,25.294
Mumbai,NOx,2016,05,2016-05,28,20.524
Mumbai,NOx,2016,06,2016-06,20,8.99
Mumbai,NOx,2016,07,2016-07,26,71.129
Mumbai,NOx,2016,08,2016-08,10,189.275
Mumbai,NOx,2016,09,2016-09,0,
Mumbai,NOx,2016,10,2016-10,0,
Mumbai,NOx,2016,11,2016-11,0,
Mumbai,NOx,2016,12,2016-12,0,
Mumbai,NOx,2017,01,2017-01,0,
Mumbai,NOx,2017,02,2017-02,0,
Mumbai,NOx,2017,03,2017-03,0,
Mumbai,NOx,2017,04,2017-04,0,
Mumbai,NOx,2017,05,2017-05,0,
Mumbai,NOx,2017,06,2017-06,0,
Mumbai,NOx,2017,07,2017-07,0,
Mumbai,NOx,2017,08,2017-08,0,
Mumbai,NOx,2017,09,2017-09,0,
Mumbai,NOx,2017,10,2017-10,0,
Mumbai,NOx,2017,11,2017-11,11,24.563
Mumbai,NOx,2017,12,2017-12,31,71.594
Mumbai,NOx,2018,01,2018-01,23,91.802
Mumbai,NOx,2018,02,2018-02,28,104.373
Mumbai,NOx,2018,03,2018-03,31,71.968
Mumbai,NOx,2018,04,2018-04,20,65.525
Mumbai,NOx,2018,05,2018-05,22,43.303
Mumbai,NOx,2018,06,2018-06,29,49.909
Mumbai,NOx,2018,07,2018-07,28,30.532
Mumbai,NOx,2018,08,2018-08,31,40.073
Mumbai,NOx,2018,09,2018-09,30,54.633
Mumbai,NOx,2018,10,2018-10,24,66.751
Mumbai,NOx,2018,11,2018-11,25,108.473
Mumbai,NOx,2018,12,2018-12,31,105.149
Mumbai,NOx,2019,01,2019-01,29,106.401
Mumbai,NOx,2019,02,2019-02,23,82.021
Mumbai,NOx,2019,03,2019-03,31,64.742
Mumbai,NOx,2019,04,2019-04,29,61.17
Mumbai,NOx,2019,05,2019-05,30,43.753
Mumbai,NOx,2019,06,2019-06,30,36.248
Mumbai,NOx,2019,07,2019-07,31,37.586
Mumbai,NOx,2019,08,2019-08,31,30.965
Mumbai,NOx,2019,09,2019-09,30,33.348
Mumbai,NOx,2019,10,2019-10,31,49.339
Mumbai,NOx,2019,11,2019-11,30,59.812
Mumbai,NOx,2019,12,2019-12,31,65.663
Mumbai,NOx,2020,01,2020-01,31,68.963
Mumbai,NOx,2020,02,2020-02,29,80.314
Mumbai,NOx,2020,03,2020-03,31,44.484
Mumbai,NOx,2020,04,2020-04,30,20.989
Mumbai,NOx,2020,05,2020-05,31,25.505
Mumbai,NOx,2020,06,2020-06,30,30.329
Mumbai,NOx,2020,07,2020-07,0,
Mumbai,O3,2015,01,2015-01,0,
Mumbai,O3,2015,02,2015-02,0,
Mumbai,O3,2015,03,2015-03,0,
Mumbai,O3,2015,04,2015-04,0,
Mumbai,O3,2015,05,2015-05,0,
Mumbai,O3,2015,06,2015-06,0,
Mumbai,O3,2015,07,2015-07,0,
Mumbai,O3,2015,08,2015-08,0,
Mumbai,O3,2015,09,2015-09,0,
Mumbai,O3,2015,10,2015-10,0,
Mumbai,O3,2015,11,2015-11,0,
Mumbai,O3,2015,12,2015-12,0,
Mumbai,O3,2016,01,2016-01,0,
Mumbai,O3,2016,02,2016-02,0,
Mumbai,O3,2016,03,2016-03,0,
Mumbai,O3,2016,04,2016-04,0,
Mumbai,O3,2016,05,2016-05,0,
Mumbai,O3,2016,06,2016-06,0,
Mumbai,O3,2016,07,2016-07,0,
Mumbai,O3,2016,08,2016-08,0,
Mumbai,O3,2016,09,2016-09,0,
Mumbai,O3,2016,10,2016-10,0,
Mumbai,O3,2016,11,2016-11,0,
Mumbai,O3,2016,12,2016-12,0,
Mumbai,O3,2017,01,2017-01,0,
Mumbai,O3,2017,02,2017-02,0,
Mumbai,O3,2017,03,2017-03,0,
Mumbai,O3,2017,04,2017-04,0,
Mumbai,O3,2017,05,2017-05,0,
Mumbai,O3,2017,06,2017-06,0,
Mumbai,O3,2017,07,2017-07,0,
Mumbai,O3,2017,08,2017-08,0,
Mumbai,O3,2017,09,2017-09,0,
Mumbai,O3,2017,10,2017-10,0,
Mumbai,O3,2017,11,2017-11,0,
Mumbai,O3,2017,12,2017-12,0,
Mumbai,O3,2018,01,2018-01,0,
Mumbai,O3,2018,02,2018-02,0,
Mumbai,O3,2018,03,2018-03,0,
Mumbai,O3,2018,04,2018-04,0,
Mumbai,O3,2018,05,2018-05,23,45.138
Mumbai,O3,2018,06,2018-06,29,38.9
Mumbai,O3,2018,07,2018-07,28,26.194
Mumbai,O3,2018,08,2018-08,31,39.623
Mumbai,O3,2018,09,2018-09,30,39.231
Mumbai,O3,2018,10,2018-10,24,48.916
Mumbai,O3,2018,11,2018-11,25,56.47
Mumbai,O3,2018,12,2018-12,31,49.485
Mumbai,O3,2019,01,2019-01,31,51.997
Mumbai,O3,2019,02,2019-02,28,61.706
Mumbai,O3,2019,03,2019-03,31,61.231
Mumbai,O3,2019,04,2019-04,29,23.037
Mumbai,O3,2019,05,2019-05,30,19.062
Mumbai,O3,2019,06,2019-06,30,17.214
Mumbai,O3,2019,07,2019-07,31,14.11
Mumbai,O3,2019,08,2019-08,31,11.242
Mumbai,O3,2019,09,2019-09,30,9.615
Mumbai,O3,2019,10,2019-10,31,17.881
Mumbai,O3,2019,11,2019-11,30,26.557
Mumbai,O3,2019,12,2019-12,31,33.224
Mumbai,O3,2020,01,2020-01,31,38.774
Mumbai,O3,2020,02,2020-02,29,42.954
Mumbai,O3,2020,03,2020-03,31,30.846
Mumbai,O3,2020,04,2020-04,30,21.827
Mumbai,O3,2020,05,2020-05,31,18.593
Mumbai,O3,2020,06,2020-06,30,12.303
Mumbai,O3,2020,07,2020-07,0,
Mumbai,PM10,2015,01,2015-01,0,
Mumbai,PM10,2015,02,2015-02,0,
Mumbai,PM10,2015,03,2015-03,0,
Mumbai,PM10,2015,04,2015-04,0,
Mumbai,PM10,2015,05,2015-05,0,
Mumbai,PM10,2015,06,2015-06,0,
Mumbai,PM10,2015,07,2015-07,0,
Mumbai,PM10,2015,08,2015-08,0,
Mumbai,PM10,2015,09,2015-09,0,
Mumbai,PM10,2015,10,2015-10,0,
Mumbai,PM10,2015,11,2015-11,0,
Mumbai,PM10,2015,12,2015-12,0,
Mumbai,PM10,2016,01,2016-01,0,
Mumbai,PM10,2016,02,2016-02,0,
Mumbai,PM10,2016,03,2016-03,0,
Mumbai,PM10,2016,04,2016-04,0,
Mumbai,PM10,2016,05,2016-05,0,
Mumbai,PM10,2016,06,2016-06,0,
Mumbai,PM10,2016,07,2016-07,0,
Mumbai,PM10,2016,08,2016-08,0,
Mumbai,PM10,2016,09,2016-09,0,
Mumbai,PM10,2016,10,2016-10,0,
Mumbai,PM10,2016,11,2016-11,0,
Mumbai,PM10,2016,12,2016-12,0,
Mumbai,PM10,2017,01,2017-01,0,
Mumbai,PM10,2017,02,2017-02,0,
Mumbai,PM10,2017,03,2017-03,0,
Mumbai,PM10,2017,04,2017-04,0,
Mumbai,PM10,2017,05,2017-05,0,
Mumbai,PM10,2017,06,2017-06,0,
Mumbai,PM10,2017,07,2017-07,0,
Mumbai,PM10,2017,08,2017-08,0,
Mumbai,PM10,2017,09,2017-09,0,
Mumbai,PM10,2017,10,2017-10,0,
Mumbai,PM10,2017,11,2017-11,0,
Mumbai,PM10,2017,12,2017-12,0,
Mumbai,PM10,2018,01,2018-01,0,
Mumbai,PM10,2018,02,2018-02,0,
Mumbai,PM10,2018,03,2018-03,0,
Mumbai,PM10,2018,04,2018-04,0,
Mumbai,PM10,2018,05,2018-05,16,73.774
Mumbai,PM10,2018,06,2018-06,13,65.256
Mumbai,PM10,2018,07,2018-07,25,61.348
Mumbai,PM10,2018,08,2018-08,31,60.766
Mumbai,PM10,2018,09,2018-09,30,72.853
Mumbai,PM10,2018,10,2018-10,24,125.246
Mumbai,PM10,2018,11,2018-11,25,157.956
Mumbai,PM10,2018,12,2018-12,31,166.241
Mumbai,PM10,2019,01,2019-01,31,193.624
Mumbai,PM10,2019,02,2019-02,27,159.732
Mumbai,PM10,2019,03,2019-03,30,119.833
Mumbai,PM10,2019,04,2019-04,29,76.972
Mumbai,PM10,2019,05,2019-05,30,64.626
Mumbai,PM10,2019,06,2019-06,30,58.094
Mumbai,PM10,2019,07,2019-07,31,45.403
Mumbai,PM10,2019,08,2019-08,31,51.207
Mumbai,PM10,2019,09,2019-09,30,37.583
Mumbai,PM10,2019,10,2019-10,31,76.439
Mumbai,PM10,2019,11,2019-11,30,118.375
Mumbai,PM10,2019,12,2019-12,31,150.231
Mumbai,PM10,2020,01,2020-01,31,151.048
Mumbai,PM10,2020,02,2020-02,29,159.725
Mumbai,PM10,2020,03,2020-03,31,106.506
Mumbai,PM10,2020,04,2020-04,30,66.265
Mumbai,PM10,2020,05,2020-05,31,53.717
Mumbai,PM10,2020,06,2020-06,30,35.185
Mumbai,PM10,2020,07,2020-07,0,
Mumbai,PM2.5,2015,01,2015-01,0,
Mumbai,PM2.5,2015,02,2015-02,0,
Mumbai,PM2.5,2015,03,2015-03,0,
Mumbai,PM2.5,2015,04,2015-04,0,
Mumbai,PM2.5,2015,05,2015-05,0,
Mumbai,PM2.5,2015,06,2015-06,0,
Mumbai,PM2.5,2015,07,2015-07,0,
Mumbai,PM2.5,2015,08,2015-08,0,
Mumbai,PM2.5,2015,09,2015-09,0,
Mumbai,PM2.5,2015,10,2015-10,0,
Mumbai,PM2.5,2015,11,2015-11,0,
Mumbai,PM2.5,2015,12,2015-12,0,
Mumbai,PM2.5,2016,01,2016-01,0,
Mumbai,PM2.5,2016,02,2016-02,0,
Mumbai,PM2.5,2016,03,2016-03,0,
Mumbai,PM2.5,2016,04,2016-04,0,
Mumbai,PM2.5,2016,05,2016-05,0,
Mumbai,PM2.5,2016,06,2016-06,0,
Mumbai,PM2.5,2016,07,2016-07,0,
Mumbai,PM2.5,2016,08,2016-08,0,
Mumbai,PM2.5,2016,09,2016-09,0,
Mumbai,PM2.5,2016,10,2016-10,0,
Mumbai,PM2.5,2016,11,2016-11,0,
Mumbai,PM2.5,2016,12,2016-12,0,
Mumbai,PM2.5,2017,01,2017-01,0,
Mumbai,PM2.5,2017,02,2017-02,0,
Mumbai,PM2.5,2017,03,2017-03,0,
Mumbai,PM2.5,2017,04,2017-04,0,
Mumbai,PM2.5,2017,05,2017-05,0,
Mumbai,PM2.5,2017,06,2017-06,0,
Mumbai,PM2.5,2017,07,2017-07,0,
Mumbai,PM2.5,2017,08,2017-08,0,
Mumbai,PM2.5,2017,09,2017-09,0,
Mumbai,PM2.5,2017,10,2017-10,0,
Mumbai,PM2.5,2017,11,2017-11,0,
Mumbai,PM2.5,2017,12,2017-12,0,
Mumbai,PM2.5,2018,01,2018-01,0,
Mumbai,PM2.5,2018,02,2018-02,0,
Mumbai,PM2.5,2018,03,2018-03,0,
Mumbai,PM2.5,2018,04,2018-04,0,
Mumbai,PM2.5,2018,05,2018-05,23,21.052
Mumbai,PM2.5,2018,06,2018-06,27,19.764
Mumbai,PM2.5,2018,07,2018-07,28,16.495
Mumbai,PM2.5,2018,08,2018-08,31,22.596
Mumbai,PM2.5,2018,09,2018-09,30,28.953
Mumbai,PM2.5,2018,10,2018-10,24,45.937
Mumbai,PM2.5,2018,11,2018-11,25,60.865
Mumbai,PM2.5,2018,12,2018-12,31,65.226
Mumbai,PM2.5,2019,01,2019-01,31,65.46
Mumbai,PM2.5,2019,02,2019-02,28,54.566
Mumbai,PM2.5,2019,03,2019-03,31,30.439
Mumbai,PM2.5,2019,04,2019-04,29,20.411
Mumbai,PM2.5,2019,05,2019-05,30,15.264
Mumbai,PM2.5,2019,06,2019-06,30,14.685
Mumbai,PM2.5,2019,07,2019-07,31,12.405
Mumbai,PM2.5,2019,08,2019-08,31,13.208
Mumbai,PM2.5,2019,09,2019-09,30,12.331
Mumbai,PM2.5,2019,10,2019-10,31,35.192
Mumbai,PM2.5,2019,11,2019-11,30,61.127
Mumbai,PM2.5,2019,12,2019-12,31,81.868
Mumbai,PM2.5,2020,01,2020-01,31,72.87
Mumbai,PM2.5,2020,02,2020-02,29,66.967
Mumbai,PM2.5,2020,03,2020-03,31,32.716
Mumbai,PM2.5,2020,04,2020-04,30,22.85
Mumbai,PM2.5,2020,05,2020-05,31,14.676
Mumbai,PM2.5,2020,06,2020-06,30,11.241
Mumbai,PM2.5,2020,07,2020-07,0,
Mumbai,SO2,2015,01,2015-01,0,
Mumbai,SO2,2015,02,2015-02,0,
Mumbai,SO2,2015,03,2015-03,0,
Mumbai,SO2,2015,04,2015-04,0,
Mumbai,SO2,2015,05,2015-05,0,
Mumbai,SO2,2015,06,2015-06,0,
Mumbai,SO2,2015,07,2015-07,0,
Mumbai,SO2,2015,08,2015-08,0,
Mumbai,SO2,2015,09,2015-09,0,
Mumbai,SO2,2015,10,2015-10,0,
Mumbai,SO2,2015,11,2015-11,0,
Mumbai,SO2,2015,12,2015-12,0,
Mumbai,SO2,2016,01,2016-01,0,
Mumbai,SO2,2016,02,2016-02,0,
Mumbai,SO2,2016,03,2016-03,0,
Mumbai,SO2,2016,04,2016-04,0,
Mumbai,SO2,2016,05,2016-05,0,
Mumbai,SO2,2016,06,2016-06,0,
Mumbai,SO2,2016,07,2016-07,0,
Mumbai,SO2,2016,08,2016-08,0,
Mumbai,SO2,2016,09,2016-09,0,
Mumbai,SO2,2016,10,2016-10,0,
Mumbai,SO2,2016,11,2016-11,0,
Mumbai,SO2,2016,12,2016-12,0,
Mumbai,SO2,2017,01,2017-01,0,
Mumbai,SO2,2017,02,2017-02,0,
Mumbai,SO2,2017,03,2017-03,0,
Mumbai,SO2,2017,04,2017-04,0,
Mumbai,SO2,2017,05,2017-05,0,
Mumbai,SO2,2017,06,2017-06,0,
Mumbai,SO2,2017,07,2017-07,0,
Mumbai,SO2,2017,08,2017-08,0,
Mumbai,SO2,2017,09,2017-09,0,
Mumbai,SO2,2017,10,2017-10,0,
Mumbai,SO2,2017,11,2017-11,0,
Mumbai,SO2,2017,12,2017-12,0,
Mumbai,SO2,2018,01,2018-01,0,
Mumbai,SO2,2018,02,2018-02,0,
Mumbai,SO2,2018,03,2018-03,0,
Mumbai,SO2,2018,04,2018-04,0,
Mumbai,SO2,2018,05,2018-05,23,21.621
Mumbai,SO2,2018,06,2018-06,28,22.752
Mumbai,SO2,2018,07,2018-07,28,13.272
Mumbai,SO2,2018,08,2018-08,31,12.678
Mumbai,SO2,2018,09,2018-09,30,14.896
Mumbai,SO2,2018,10,2018-10,24,18.622
Mumbai,SO2,2018,11,2018-11,25,22.533
Mumbai,SO2,2018,12,2018-12,31,21.605
Mumbai,SO2,2019,01,2019-01,31,23.824
Mumbai,SO2,2019,02,2019-02,28,18.029
Mumbai,SO2,2019,03,2019-03,31,10.735
Mumbai,SO2,2019,04,2019-04,29,22.86
Mumbai,SO2,2019,05,2019-05,30,18.381
Mumbai,SO2,2019,06,2019-06,30,10.611
Mumbai,SO2,2019,07,2019-07,31,9.361
Mumbai,SO2,2019,08,2019-08,31,9.519
Mumbai,SO2,2019,09,2019-09,30,10.267
Mumbai,SO2,2019,10,2019-10,31,11.36
Mumbai,SO2,2019,11,2019-11,30,13.628
Mumbai,SO2,2019,12,2019-12,31,11.831
Mumbai,SO2,2020,01,2020-01,31,8.965
Mumbai,SO2,2020,02,2020-02,29,10.517
Mumbai,SO2,2020,03,2020-03,31,11.103
Mumbai,SO2,2020,04,2020-04,30,8.885
Mumbai,SO2,2020,05,2020-05,31,16.178
Mumbai,SO2,2020,06,2020-06,30,10.26
Mumbai,SO2,2020,07,2020-07,0,
Mumbai,Toluene,2015,01,2015-01,31,0.0
Mumbai,Toluene,2015,02,2015-02,28,0.0
Mumbai,Toluene,2015,03,2015-03,24,0.0
Mumbai,Toluene,2015,04,2015-04,27,0.0
Mumbai,Toluene,2015,05,2015-05,30,0.0
Mumbai,Toluene,2015,06,2015-06,28,0.0
Mumbai,Toluene,2015,07,2015-07,31,0.0
Mumbai,Toluene,2015,08,2015-08,31,0.0
Mumbai,Toluene,2015,09,2015-09,30,0.0
Mumbai,Toluene,2015,10,2015-10,31,0.0
Mumbai,Toluene,2015,11,2015-11,24,0.0
Mumbai,Toluene,2015,12,2015-12,31,0.0
Mumbai,Toluene,2016,01,2016-01,31,0.0
Mumbai,Toluene,2016,02,2016-02,24,0.0
Mumbai,Toluene,2016,03,2016-03,31,0.0
Mumbai,Toluene,2016,04,2016-04,28,0.0
Mumbai,Toluene,2016,05,2016-05,28,0.0
Mumbai,Toluene,2016,06,2016-06,20,0.0
Mumbai,Toluene,2016,07,2016-07,9,0.0
Mumbai,Toluene,2016,08,2016-08,0,
Mumbai,Toluene,2016,09,2016-09,0,
Mumbai,Toluene,2016,10,2016-10,0,
Mumbai,Toluene,2016,11,2016-11,0,
Mumbai,Toluene,2016,12,2016-12,0,
Mumbai,Toluene,2017,01,2017-01,14,0.0
Mumbai,Toluene,2017,02,2017-02,27,0.0
Mumbai,Toluene,2017,03,2017-03,31,0.0
Mumbai,Toluene,2017,04,2017-04,30,0.0
Mumbai,Toluene,2017,05,2017-05,30,0.0
Mumbai,Toluene,2017,06,2017-06,29,0.0
Mumbai,Toluene,2017,07,2017-07,29,0.0
Mumbai,Toluene,2017,08,2017-08,30,0.0
Mumbai,Toluene,2017,09,2017-09,28,0.0
Mumbai,Toluene,2017,10,2017-10,24,0.0
Mumbai,Toluene,2017,11,2017-11,28,0.0
Mumbai,Toluene,2017,12,2017-12,31,0.063
Mumbai,Toluene,2018,01,2018-01,31,0.0
Mumbai,Toluene,2018,02,2018-02,28,0.0
Mumbai,Toluene,2018,03,2018-03,31,0.0
Mumbai,Toluene,2018,04,2018-04,20,0.405
Mumbai,Toluene,2018,05,2018-05,0,
Mumbai,Toluene,2018,06,2018-06,0,
Mumbai,Toluene,2018,07,2018-07,0,
Mumbai,Toluene,2018,08,2018-08,0,
Mumbai,Toluene,2018,09,2018-09,0,
Mumbai,Toluene,2018,10,2018-10,0,
Mumbai,Toluene,2018,11,2018-11,0,
Mumbai,Toluene,2018,12,2018-12,0,
Mumbai,Toluene,2019,01,2019-01,0,
Mumbai,Toluene,2019,02,2019-02,0,
Mumbai,Toluene,2019,03,2019-03,0,
Mumbai,Toluene,2019,04,2019-04,0,
Mumbai,Toluene,2019,05,2019-05,0,
Mumbai,Toluene,2019,06,2019-06,0,
Mumbai,Toluene,2019,07,2019-07,0,
Mumbai,Toluene,2019,08,2019-08,0,
Mumbai,Toluene,2019,09,2019-09,0,
Mumbai,Toluene,2019,10,2019-10,0,
Mumbai,Toluene,2019,11,2019-11,0,
Mumbai,Toluene,2019,12,2019-12,0,
Mumbai,Toluene,2020,01,2020-01,0,
Mumbai,Toluene,2020,02,2020-02,0,
Mumbai,Toluene,2020,03,2020-03,0,
Mumbai,Toluene,2020,04,2020-04,0,
Mumbai,Toluene,2020,05,2020-05,0,
Mumbai,Toluene,2020,06,2020-06,0,
Mumbai,Toluene,2020,07,2020-07,0,
Mumbai,Xylene,2015,01,2015-01,31,0.0
Mumbai,Xylene,2015,02,2015-02,28,0.0
Mumbai,Xylene,2015,03,2015-03,24,0.0
Mumbai,Xylene,2015,04,2015-04,27,0.0
Mumbai,Xylene,2015,05,2015-05,30,0.0
Mumbai,Xylene,2015,06,2015-06,28,0.0
Mumbai,Xylene,2015,07,2015-07,31,0.0
Mumbai,Xylene,2015,08,2015-08,31,0.0
Mumbai,Xylene,2015,09,2015-09,30,0.0
Mumbai,Xylene,2015,10,2015-10,31,0.0
Mumbai,Xylene,2015,11,2015-11,24,0.0
Mumbai,Xylene,2015,12,2015-12,31,0.0
Mumbai,Xylene,2016,01,2016-01,31,0.0
Mumbai,Xylene,2016,02,2016-02,24,0.0
Mumbai,Xylene,2016,03,2016-03,31,0.0
Mumbai,Xylene,2016,04,2016-04,28,0.0
Mumbai,Xylene,2016,05,2016-05,28,0.0
Mumbai,Xylene,2016,06,2016-06,20,0.0
Mumbai,Xylene,2016,07,2016-07,9,0.0
Mumbai,Xylene,2016,08,2016-08,0,
Mumbai,Xylene,2016,09,2016-09,0,
Mumbai,Xylene,2016,10,2016-10,0,
Mumbai,Xylene,2016,11,2016-11,0,
Mumbai,Xylene,2016,12,2016-12,0,
Mumbai,Xylene,2017,01,2017-01,14,0.0
Mumbai,Xylene,2017,02,2017-02,27,0.0
Mumbai,Xylene,2017,03,2017-03,31,0.0
Mumbai,Xylene,2017,04,2017-04,30,0.0
Mumbai,Xylene,2017,05,2017-05,30,0.0
Mumbai,Xylene,2017,06,2017-06,29,0.0
Mumbai,Xylene,2017,07,2017-07,29,0.0
Mumbai,Xylene,2017,08,2017-08,30,0.0
Mumbai,Xylene,2017,09,2017-09,28,0.0
Mumbai,Xylene,2017,10,2017-10,24,0.0
Mumbai,Xylene,2017,11,2017-11,28,0.0
Mumbai,Xylene,2017,12,2017-12,31,0.056
Mumbai,Xylene,2018,01,2018-01,31,0.0
Mumbai,Xylene,2018,02,2018-02,28,0.0
Mumbai,Xylene,2018,03,2018-03,31,0.0
Mumbai,Xylene,2018,04,2018-04,20,0.244
Mumbai,Xylene,2018,05,2018-05,0,
Mumbai,Xylene,2018,06,2018-06,0,
Mumbai,Xylene,2018,07,2018-07,0,
Mumbai,Xylene,2018,08,2018-08,0,
Mumbai,Xylene,2018,09,2018-09,0,
Mumbai,Xylene,2018,10,2018-10,0,
Mumbai,Xylene,2018,11,2018-11,0,
Mumbai,Xylene,2018,12,2018-12,0,
Mumbai,Xylene,2019,01,2019-01,0,
Mumbai,Xylene,2019,02,2019-02,0,
Mumbai,Xylene,2019,03,2019-03,0,
Mumbai,Xylene,2019,04,2019-04,0,
Mumbai,Xylene,2019,05,2019-05,0,
Mumbai,Xylene,2019,06,2019-06,0,
Mumbai,Xylene,2019,07,2019-07,0,
Mumbai,Xylene,2019,08,2019-08,0,
Mumbai,Xylene,2019,09,2019-09,0,
Mumbai,Xylene,2019,10,2019-10,0,
Mumbai,Xylene,2019,11,2019-11,0,
Mumbai,Xylene,2019,12,2019-12,0,
Mumbai,Xylene,2020,01,2020-01,0,
Mumbai,Xylene,2020,02,2020-02,0,
Mumbai,Xylene,2020,03,2020-03,0,
Mumbai,Xylene,2020,04,2020-04,0,
Mumbai,Xylene,2020,05,2020-05,0,
Mumbai,Xylene,2020,06,2020-06,0,
Mumbai,Xylene,2020,07,2020-07,0,
