city,pollutant,year,month,year_month,avg_value,prev_month_avg,mom_change
Ahmedabad,Benzene,2015,01,2015-01,1.508,,
Ahmedabad,Benzene,2015,02,2015-02,8.831,1.508,7.323
Ahmedabad,Benzene,2015,03,2015-03,11.063,8.831,2.232
Ahmedabad,Benzene,2015,04,2015-04,3.096,11.063,-7.967
Ahmedabad,Benzene,2015,05,2015-05,3.52,3.096,0.424
Ahmedabad,Benzene,2015,06,2015-06,1.909,3.52,-1.611
Ahmedabad,Benzene,2015,07,2015-07,1.54,1.909,-0.369
Ahmedabad,Benzene,2015,08,2015-08,1.096,1.54,-0.444
Ahmedabad,Benzene,2015,09,2015-09,0.001,1.096,-1.095
Ahmedabad,Benzene,2015,10,2015-10,8.885,0.001,8.884
Ahmedabad,Benzene,2015,11,2015-11,28.185,8.885,19.3
Ahmedabad,Benzene,2015,12,2015-12,,28.185,
Ahmedabad,Benzene,2016,01,2016-01,,,
Ahmedabad,Benzene,2016,02,2016-02,,,
Ahmedabad,Benzene,2016,03,2016-03,,,
Ahmedabad,Benzene,2016,04,2016-04,,,
Ahmedabad,Benzene,2016,05,2016-05,,,
Ahmedabad,Benzene,2016,06,2016-06,0.0,,
Ahmedabad,Benzene,2016,07,2016-07,0.796,0.0,0.796
Ahmedabad,Benzene,2016,08,2016-08,4.523,0.796,3.727
Ahmedabad,Benzene,2016,09,2016-09,1.936,4.523,-2.587
Ahmedabad,Benzene,2016,10,2016-10,2.7,1.936,0.764
Ahmedabad,Benzene,2016,11,2016-11,0.243,2.7,-2.457
Ahmedabad,Benzene,2016,12,2016-12,0.0,0.243,-0.243
Ahmedabad,Benzene,2017,01,2017-01,0.0,0.0,0.0
Ahmedabad,Benzene,2017,02,2017-02,0.0,0.0,0.0
Ahmedabad,Benzene,2017,03,2017-03,0.0,0.0,0.0
Ahmedabad,Benzene,2017,04,2017-04,,0.0,
Ahmedabad,Benzene,2017,05,2017-05,,,
Ahmedabad,Benzene,2017,06,2017-06,,,
Ahmedabad,Benzene,2017,07,2017-07,,,
Ahmedabad,Benzene,2017,08,2017-08,,,
Ahmedabad,Benzene,2017,09,2017-09,0.0,,
Ahmedabad,Benzene,2017,10,2017-10,11.446,0.0,11.446
Ahmedabad,Benzene,2017,11,2017-11,20.197,11.446,8.751
Ahmedabad,Benzene,2017,12,2017-12,14.913,20.197,-5.284
Ahmedabad,Benzene,2018,01,2018-01,17.804,14.913,2.891
Ahmedabad,Benzene,2018,02,2018-02,4.501,17.804,-13.303
Ahmedabad,Benzene,2018,03,2018-03,12.381,4.501,7.88
Ahmedabad,Benzene,2018,04,2018-04,8.012,12.381,-4.369
Ahmedabad,Benzene,2018,05,2018-05,8.103,8.012,0.091
Ahmedabad,Benzene,2018,06,2018-06,5.935,8.103,-2.168
Ahmedabad,Benzene,2018,07,2018-07,7.079,5.935,1.144
Ahmedabad,Benzene,2018,08,2018-08,5.462,7.079,-1.617
Ahmedabad,Benzene,2018,09,2018-09,3.972,5.462,-1.49
Ahmedabad,Benzene,2018,10,2018-10,5.299,3.972,1.327
Ahmedabad,Benzene,2018,11,2018-11,13.112,5.299,7.813
Ahmedabad,Benzene,2018,12,2018-12,4.074,13.112,-9.038
Ahmedabad,Benzene,2019,01,2019-01,4.097,4.074,0.023
Ahmedabad,Benzene,2019,02,2019-02,4.103,4.097,0.006
Ahmedabad,Benzene,2019,03,2019-03,4.125,4.103,0.022
Ahmedabad,Benzene,2019,04,2019-04,4.197,4.125,0.072
Ahmedabad,Benzene,2019,05,2019-05,11.978,4.197,7.781
Ahmedabad,Benzene,2019,06,2019-06,9.436,11.978,-2.542
Ahmedabad,Benzene,2019,07,2019-07,6.154,9.436,-3.282
Ahmedabad,Benzene,2019,08,2019-08,2.202,6.154,-3.952
Ahmedabad,Benzene,2019,09,2019-09,1.842,2.202,-0.36
Ahmedabad,Benzene,2019,10,2019-10,2.705,1.842,0.863
Ahmedabad,Benzene,2019,11,2019-11,2.212,2.705,-0.493
Ahmedabad,Benzene,2019,12,2019-12,2.923,2.212,0.711
Ahmedabad,Benzene,2020,01,2020-01,2.681,2.923,-0.242
Ahmedabad,Benzene,2020,02,2020-02,1.39,2.681,-1.291
Ahmedabad,Benzene,2020,03,2020-03,3.644,1.39,2.254
Ahmedabad,Benzene,2020,04,2020-04,4.627,3.644,0.983
Ahmedabad,Benzene,2020,05,2020-05,3.822,4.627,-0.805
Ahmedabad,Benzene,2020,06,2020-06,5.979,3.822,2.157
Ahmedabad,Benzene,2020,07,2020-07,,5.979,
Ahmedabad,CO,2015,01,2015-01,5.402,,
Ahmedabad,CO,2015,02,2015-02,7.979,5.402,2.577
Ahmedabad,CO,2015,03,2015-03,6.339,7.979,-1.64
Ahmedabad,CO,2015,04,2015-04,6.159,6.339,-0.18
Ahmedabad,CO,2015,05,2015-05,6.803,6.159,0.644
Ahmedabad,CO,2015,06,2015-06,7.817,6.803,1.014
Ahmedabad,CO,2015,07,2015-07,6.656,7.817,-1.161
Ahmedabad,CO,2015,08,2015-08,10.931,6.656,4.275
Ahmedabad,CO,2015,09,2015-09,11.021,10.931,0.09
Ahmedabad,CO,2015,10,2015-10,8.639,11.021,-2.382
Ahmedabad,CO,2015,11,2015-11,,8.639,
Ahmedabad,CO,2015,12,2015-12,,,
Ahmedabad,CO,2016,01,2016-01,,,
Ahmedabad,CO,2016,02,2016-02,,,
Ahmedabad,CO,2016,03,2016-03,,,
Ahmedabad,CO,2016,04,2016-04,,,
Ahmedabad,CO,2016,05,2016-05,,,
Ahmedabad,CO,2016,06,2016-06,10.22,,
Ahmedabad,CO,2016,07,2016-07,5.849,10.22,-4.371
Ahmedabad,CO,2016,08,2016-08,9.234,5.849,3.385
Ahmedabad,CO,2016,09,2016-09,10.163,9.234,0.929
Ahmedabad,CO,2016,10,2016-10,11.533,10.163,1.37
Ahmedabad,CO,2016,11,2016-11,11.54,11.533,0.007
Ahmedabad,CO,2016,12,2016-12,,11.54,
Ahmedabad,CO,2017,01,2017-01,,,
Ahmedabad,CO,2017,02,2017-02,,,
Ahmedabad,CO,2017,03,2017-03,,,
Ahmedabad,CO,2017,04,2017-04,,,
Ahmedabad,CO,2017,05,2017-05,,,
Ahmedabad,CO,2017,06,2017-06,,,
Ahmedabad,CO,2017,07,2017-07,,,
Ahmedabad,CO,2017,08,2017-08,,,
Ahmedabad,CO,2017,09,2017-09,,,
Ahmedabad,CO,2017,10,2017-10,,,
Ahmedabad,CO,2017,11,2017-11,11.184,,
Ahmedabad,CO,2017,12,2017-12,9.393,11.184,-1.791
Ahmedabad,CO,2018,01,2018-01,12.722,9.393,3.329
Ahmedabad,CO,2018,02,2018-02,13.762,12.722,1.04
Ahmedabad,CO,2018,03,2018-03,10.439,13.762,-3.323
Ahmedabad,CO,2018,04,2018-04,11.42,10.439,0.981
Ahmedabad,CO,2018,05,2018-05,10.509,11.42,-0.911
Ahmedabad,CO,2018,06,2018-06,25.811,10.509,15.302
Ahmedabad,CO,2018,07,2018-07,25.882,25.811,0.071
Ahmedabad,CO,2018,08,2018-08,25.634,25.882,-0.248
Ahmedabad,CO,2018,09,2018-09,24.063,25.634,-1.571
Ahmedabad,CO,2018,10,2018-10,18.142,24.063,-5.921
Ahmedabad,CO,2018,11,2018-11,14.625,18.142,-3.517
Ahmedabad,CO,2018,12,2018-12,11.793,14.625,-2.832
Ahmedabad,CO,2019,01,2019-01,13.223,11.793,1.43
Ahmedabad,CO,2019,02,2019-02,12.349,13.223,-0.874
Ahmedabad,CO,2019,03,2019-03,13.153,12.349,0.804
Ahmedabad,CO,2019,04,2019-04,14.958,13.153,1.805
Ahmedabad,CO,2019,05,2019-05,15.165,14.958,0.207
Ahmedabad,CO,2019,06,2019-06,20.004,15.165,4.839
Ahmedabad,CO,2019,07,2019-07,28.018,20.004,8.014
Ahmedabad,CO,2019,08,2019-08,28.765,28.018,0.747
Ahmedabad,CO,2019,09,2019-09,19.057,28.765,-9.708
Ahmedabad,CO,2019,10,2019-10,9.083,19.057,-9.974
Ahmedabad,CO,2019,11,2019-11,12.96,9.083,3.877
Ahmedabad,CO,2019,12,2019-12,8.054,12.96,-4.906
Ahmedabad,CO,2020,01,2020-01,10.114,8.054,2.06
Ahmedabad,CO,2020,02,2020-02,12.019,10.114,1.905
Ahmedabad,CO,2020,03,2020-03,7.296,12.019,-4.723
Ahmedabad,CO,2020,04,2020-04,1.573,7.296,-5.723
Ahmedabad,CO,2020,05,2020-05,0.584,1.573,-0.989
Ahmedabad,CO,2020,06,2020-06,0.696,0.584,0.112
Ahmedabad,CO,2020,07,2020-07,,0.696,
Ahmedabad,NH3,2015,01,2015-01,,,
Ahmedabad,NH3,2015,02,2015-02,,,
Ahmedabad,NH3,2015,03,2015-03,,,
Ahmedabad,NH3,2015,04,2015-04,,,
Ahmedabad,NH3,2015,05,2015-05,,,
Ahmedabad,NH3,2015,06,2015-06,,,
Ahmedabad,NH3,2015,07,2015-07,,,
Ahmedabad,NH3,2015,08,2015-08,,,
Ahmedabad,NH3,2015,09,2015-09,,,
Ahmedabad,NH3,2015,10,2015-10,,,
Ahmedabad,NH3,2015,11,2015-11,,,
Ahmedabad,NH3,2015,12,2015-12,,,
Ahmedabad,NH3,2016,01,2016-01,,,
Ahmedabad,NH3,2016,02,2016-02,,,
Ahmedabad,NH3,2016,03,2016-03,,,
Ahmedabad,NH3,2016,04,2016-04,,,
Ahmedabad,NH3,2016,05,2016-05,,,
Ahmedabad,NH3,2016,06,2016-06,,,
Ahmedabad,NH3,2016,07,2016-07,,,
Ahmedabad,NH3,2016,08,2016-08,,,
Ahmedabad,NH3,2016,09,2016-09,,,
Ahmedabad,NH3,2016,10,2016-10,,,
Ahmedabad,NH3,2016,11,2016-11,,,
Ahmedabad,NH3,2016,12,2016-12,,,
Ahmedabad,NH3,2017,01,2017-01,,,
Ahmedabad,NH3,2017,02,2017-02,,,
Ahmedabad,NH3,2017,03,2017-03,,,
Ahmedabad,NH3,2017,04,2017-04,,,
Ahmedabad,NH3,2017,05,2017-05,,,
Ahmedabad,NH3,2017,06,2017-06,,,
Ahmedabad,NH3,2017,07,2017-07,,,
Ahmedabad,NH3,2017,08,2017-08,,,
Ahmedabad,NH3,2017,09,2017-09,,,
Ahmedabad,NH3,2017,10,2017-10,,,
Ahmedabad,NH3,2017,11,2017-11,,,
Ahmedabad,NH3,2017,12,2017-12,,,
Ahmedabad,NH3,2018,01,2018-01,,,
Ahmedabad,NH3,2018,02,2018-02,,,
Ahmedabad,NH3,2018,03,2018-03,,,
Ahmedabad,NH3,2018,04,2018-04,,,
Ahmedabad,NH3,2018,05,2018-05,,,
Ahmedabad,NH3,2018,06,2018-06,,,
Ahmedabad,NH3,2018,07,2018-07,,,
Ahmedabad,NH3,2018,08,2018-08,,,
Ahmedabad,NH3,2018,09,2018-09,,,
Ahmedabad,NH3,2018,10,2018-10,,,
Ahmedabad,NH3,2018,11,2018-11,,,
Ahmedabad,NH3,2018,12,2018-12,,,
Ahmedabad,NH3,2019,01,2019-01,,,
Ahmedabad,NH3,2019,02,2019-02,,,
Ahmedabad,NH3,2019,03,2019-03,,,
Ahmedabad,NH3,2019,04,2019-04,,,
Ahmedabad,NH3,2019,05,2019-05,,,
Ahmedabad,NH3,2019,06,2019-06,,,
Ahmedabad,NH3,2019,07,2019-07,,,
Ahmedabad,NH3,2019,08,2019-08,,,
Ahmedabad,NH3,2019,09,2019-09,,,
Ahmedabad,NH3,2019,10,2019-10,,,
Ahmedabad,NH3,2019,11,2019-11,,,
Ahmedabad,NH3,2019,12,2019-12,,,
Ahmedabad,NH3,2020,01,2020-01,,,
Ahmedabad,NH3,2020,02,2020-02,,,
Ahmedabad,NH3,2020,03,2020-03,,,
Ahmedabad,NH3,2020,04,2020-04,,,
Ahmedabad,NH3,2020,05,2020-05,,,
Ahmedabad,NH3,2020,06,2020-06,,,
Ahmedabad,NH3,2020,07,2020-07,,,
Ahmedabad,NO,2015,01,2015-01,16.821,,
Ahmedabad,NO,2015,02,2015-02,22.119,16.821,5.298
Ahmedabad,NO,2015,03,2015-03,13.574,22.119,-8.545
Ahmedabad,NO,2015,04,2015-04,8.014,13.574,-5.56
Ahmedabad,NO,2015,05,2015-05,8.415,8.014,0.401
Ahmedabad,NO,2015,06,2015-06,7.899,8.415,-0.516
Ahmedabad,NO,2015,07,2015-07,6.656,7.899,-1.243
Ahmedabad,NO,2015,08,2015-08,10.931,6.656,4.275
Ahmedabad,NO,2015,09,2015-09,11.238,10.931,0.307
Ahmedabad,NO,2015,10,2015-10,17.245,11.238,6.007
Ahmedabad,NO,2015,11,2015-11,25.684,17.245,8.439
Ahmedabad,NO,2015,12,2015-12,,25.684,
Ahmedabad,NO,2016,01,2016-01,,,
Ahmedabad,NO,2016,02,2016-02,,,
Ahmedabad,NO,2016,03,2016-03,,,
Ahmedabad,NO,2016,04,2016-04,,,
Ahmedabad,NO,2016,05,2016-05,,,
Ahmedabad,NO,2016,06,2016-06,10.22,,
Ahmedabad,NO,2016,07,2016-07,21.782,10.22,11.562
Ahmedabad,NO,2016,08,2016-08,17.624,21.782,-4.158
Ahmedabad,NO,2016,09,2016-09,10.163,17.624,-7.461
Ahmedabad,NO,2016,10,2016-10,13.228,10.163,3.065
Ahmedabad,NO,2016,11,2016-11,11.889,13.228,-1.339
Ahmedabad,NO,2016,12,2016-12,,11.889,
Ahmedabad,NO,2017,01,2017-01,,,
Ahmedabad,NO,2017,02,2017-02,,,
Ahmedabad,NO,2017,03,2017-03,,,
Ahmedabad,NO,2017,04,2017-04,,,
Ahmedabad,NO,2017,05,2017-05,,,
Ahmedabad,NO,2017,06,2017-06,,,
Ahmedabad,NO,2017,07,2017-07,,,
Ahmedabad,NO,2017,08,2017-08,,,
Ahmedabad,NO,2017,09,2017-09,,,
Ahmedabad,NO,2017,10,2017-10,82.353,,
Ahmedabad,NO,2017,11,2017-11,38.008,82.353,-44.345
Ahmedabad,NO,2017,12,2017-12,15.164,38.008,-22.844
Ahmedabad,NO,2018,01,2018-01,32.211,15.164,17.047
Ahmedabad,NO,2018,02,2018-02,58.59,32.211,26.379
Ahmedabad,NO,2018,03,2018-03,37.697,58.59,-20.893
Ahmedabad,NO,2018,04,2018-04,22.648,37.697,-15.049
Ahmedabad,NO,2018,05,2018-05,12.035,22.648,-10.613
Ahmedabad,NO,2018,06,2018-06,28.441,12.035,16.406
Ahmedabad,NO,2018,07,2018-07,27.7,28.441,-0.741
Ahmedabad,NO,2018,08,2018-08,27.465,27.7,-0.235
Ahmedabad,NO,2018,09,2018-09,31.021,27.465,3.556
Ahmedabad,NO,2018,10,2018-10,36.451,31.021,5.43
Ahmedabad,NO,2018,11,2018-11,57.858,36.451,21.407
Ahmedabad,NO,2018,12,2018-12,35.449,57.858,-22.409
Ahmedabad,NO,2019,01,2019-01,43.525,35.449,8.076
Ahmedabad,NO,2019,02,2019-02,25.727,43.525,-17.798
Ahmedabad,NO,2019,03,2019-03,27.942,25.727,2.215
Ahmedabad,NO,2019,04,2019-04,28.573,27.942,0.631
Ahmedabad,NO,2019,05,2019-05,18.104,28.573,-10.469
Ahmedabad,NO,2019,06,2019-06,20.954,18.104,2.85
Ahmedabad,NO,2019,07,2019-07,30.069,20.954,9.115
Ahmedabad,NO,2019,08,2019-08,32.976,30.069,2.907
Ahmedabad,NO,2019,09,2019-09,24.845,32.976,-8.131
Ahmedabad,NO,2019,10,2019-10,27.321,24.845,2.476
Ahmedabad,NO,2019,11,2019-11,19.965,27.321,-7.356
Ahmedabad,NO,2019,12,2019-12,11.671,19.965,-8.294
Ahmedabad,NO,2020,01,2020-01,11.856,11.671,0.185
Ahmedabad,NO,2020,02,2020-02,24.78,11.856,12.924
Ahmedabad,NO,2020,03,2020-03,8.152,24.78,-16.628
Ahmedabad,NO,2020,04,2020-04,3.773,8.152,-4.379
Ahmedabad,NO,2020,05,2020-05,3.424,3.773,-0.349
Ahmedabad,NO,2020,06,2020-06,6.667,3.424,3.243
Ahmedabad,NO,2020,07,2020-07,,6.667,
Ahmedabad,NO2,2015,01,2015-01,26.531,,
Ahmedabad,NO2,2015,02,2015-02,31.315,26.531,4.784
Ahmedabad,NO2,2015,03,2015-03,28.757,31.315,-2.558
Ahmedabad,NO2,2015,04,2015-04,21.489,28.757,-7.268
Ahmedabad,NO2,2015,05,2015-05,17.305,21.489,-4.184
Ahmedabad,NO2,2015,06,2015-06,13.895,17.305,-3.41
Ahmedabad,NO2,2015,07,2015-07,7.462,13.895,-6.433
Ahmedabad,NO2,2015,08,2015-08,17.396,7.462,9.934
Ahmedabad,NO2,2015,09,2015-09,14.79,17.396,-2.606
Ahmedabad,NO2,2015,10,2015-10,30.772,14.79,15.982
Ahmedabad,NO2,2015,11,2015-11,33.642,30.772,2.87
Ahmedabad,NO2,2015,12,2015-12,,33.642,
Ahmedabad,NO2,2016,01,2016-01,,,
Ahmedabad,NO2,2016,02,2016-02,,,
Ahmedabad,NO2,2016,03,2016-03,,,
Ahmedabad,NO2,2016,04,2016-04,,,
Ahmedabad,NO2,2016,05,2016-05,,,
Ahmedabad,NO2,2016,06,2016-06,25.31,,
Ahmedabad,NO2,2016,07,2016-07,27.842,25.31,2.532
Ahmedabad,NO2,2016,08,2016-08,15.26,27.842,-12.582
Ahmedabad,NO2,2016,09,2016-09,8.211,15.26,-7.049
Ahmedabad,NO2,2016,10,2016-10,11.827,8.211,3.616
Ahmedabad,NO2,2016,11,2016-11,13.614,11.827,1.787
Ahmedabad,NO2,2016,12,2016-12,,13.614,
Ahmedabad,NO2,2017,01,2017-01,,,
Ahmedabad,NO2,2017,02,2017-02,,,
Ahmedabad,NO2,2017,03,2017-03,,,
Ahmedabad,NO2,2017,04,2017-04,,,
Ahmedabad,NO2,2017,05,2017-05,,,
Ahmedabad,NO2,2017,06,2017-06,,,
Ahmedabad,NO2,2017,07,2017-07,,,
Ahmedabad,NO2,2017,08,2017-08,,,
Ahmedabad,NO2,2017,09,2017-09,,,
Ahmedabad,NO2,2017,10,2017-10,44.871,,
Ahmedabad,NO2,2017,11,2017-11,91.798,44.871,46.927
Ahmedabad,NO2,2017,12,2017-12,73.938,91.798,-17.86
Ahmedabad,NO2,2018,01,2018-01,139.73,73.938,65.792
Ahmedabad,NO2,2018,02,2018-02,159.543,139.73,19.813
Ahmedabad,NO2,2018,03,2018-03,114.275,159.543,-45.268
Ahmedabad,NO2,2018,04,2018-04,62.813,114.275,-51.462
Ahmedabad,NO2,2018,05,2018-05,31.098,62.813,-31.715
Ahmedabad,NO2,2018,06,2018-06,44.878,31.098,13.78
Ahmedabad,NO2,2018,07,2018-07,60.771,44.878,15.893
Ahmedabad,NO2,2018,08,2018-08,54.484,60.771,-6.287
Ahmedabad,NO2,2018,09,2018-09,86.247,54.484,31.763
Ahmedabad,NO2,2018,10,2018-10,101.226,86.247,14.979
Ahmedabad,NO2,2018,11,2018-11,91.817,101.226,-9.409
Ahmedabad,NO2,2018,12,2018-12,81.775,91.817,-10.042
Ahmedabad,NO2,2019,01,2019-01,82.916,81.775,1.141
Ahmedabad,NO2,2019,02,2019-02,72.119,82.916,-10.797
Ahmedabad,NO2,2019,03,2019-03,74.725,72.119,2.606
Ahmedabad,NO2,2019,04,2019-04,72.409,74.725,-2.316
Ahmedabad,NO2,2019,05,2019-05,79.436,72.409,7.027
Ahmedabad,NO2,2019,06,2019-06,132.822,79.436,53.386
Ahmedabad,NO2,2019,07,2019-07,112.231,132.822,-20.591
Ahmedabad,NO2,2019,08,2019-08,47.477,112.231,-64.754
Ahmedabad,NO2,2019,09,2019-09,84.74,47.477,37.263
Ahmedabad,NO2,2019,10,2019-10,149.339,84.74,64.599
Ahmedabad,NO2,2019,11,2019-11,141.701,149.339,-7.638
Ahmedabad,NO2,2019,12,2019-12,39.289,141.701,-102.412
Ahmedabad,NO2,2020,01,2020-01,19.261,39.289,-20.028
Ahmedabad,NO2,2020,02,2020-02,62.281,19.261,43.02
Ahmedabad,NO2,2020,03,2020-03,33.385,62.281,-28.896
Ahmedabad,NO2,2020,04,2020-04,23.212,33.385,-10.173
Ahmedabad,NO2,2020,05,2020-05,19.327,23.212,-3.885
Ahmedabad,NO2,2020,06,2020-06,28.775,19.327,9.448
Ahmedabad,NO2,2020,07,2020-07,,28.775,
Ahmedabad,NOx,2015,01,2015-01,39.413,,
Ahmedabad,NOx,2015,02,2015-02,52.7,39.413,13.287
Ahmedabad,NOx,2015,03,2015-03,40.936,52.7,-11.764
Ahmedabad,NOx,2015,04,2015-04,28.496,40.936,-12.44
Ahmedabad,NOx,2015,05,2015-05,24.879,28.496,-3.617
Ahmedabad,NOx,2015,06,2015-06,21.678,24.879,-3.201
Ahmedabad,NOx,2015,07,2015-07,13.431,21.678,-8.247
Ahmedabad,NOx,2015,08,2015-08,28.175,13.431,14.744
Ahmedabad,NOx,2015,09,2015-09,26.028,28.175,-2.147
Ahmedabad,NOx,2015,10,2015-10,47.835,26.028,21.807
Ahmedabad,NOx,2015,11,2015-11,58.446,47.835,10.611
Ahmedabad,NOx,2015,12,2015-12,,58.446,
Ahmedabad,NOx,2016,01,2016-01,,,
Ahmedabad,NOx,2016,02,2016-02,,,
Ahmedabad,NOx,2016,03,2016-03,,,
Ahmedabad,NOx,2016,04,2016-04,,,
Ahmedabad,NOx,2016,05,2016-05,,,
Ahmedabad,NOx,2016,06,2016-06,35.473,,
Ahmedabad,NOx,2016,07,2016-07,39.702,35.473,4.229
Ahmedabad,NOx,2016,08,2016-08,33.206,39.702,-6.496
Ahmedabad,NOx,2016,09,2016-09,18.563,33.206,-14.643
Ahmedabad,NOx,2016,10,2016-10,25.063,18.563,6.5
Ahmedabad,NOx,2016,11,2016-11,25.503,25.063,0.44
Ahmedabad,NOx,2016,12,2016-12,,25.503,
Ahmedabad,NOx,2017,01,2017-01,,,
Ahmedabad,NOx,2017,02,2017-02,,,
Ahmedabad,NOx,2017,03,2017-03,,,
Ahmedabad,NOx,2017,04,2017-04,,,
Ahmedabad,NOx,2017,05,2017-05,,,
Ahmedabad,NOx,2017,06,2017-06,,,
Ahmedabad,NOx,2017,07,2017-07,,,
Ahmedabad,NOx,2017,08,2017-08,,,
Ahmedabad,NOx,2017,09,2017-09,,,
Ahmedabad,NOx,2017,10,2017-10,72.764,,
Ahmedabad,NOx,2017,11,2017-11,69.35,72.764,-3.414
Ahmedabad,NOx,2017,12,2017-12,47.473,69.35,-21.877
Ahmedabad,NOx,2018,01,2018-01,94.715,47.473,47.242
Ahmedabad,NOx,2018,02,2018-02,125.126,94.715,30.411
Ahmedabad,NOx,2018,03,2018-03,88.888,125.126,-36.238
Ahmedabad,NOx,2018,04,2018-04,47.436,88.888,-41.452
Ahmedabad,NOx,2018,05,2018-05,24.142,47.436,-23.294
Ahmedabad,NOx,2018,06,2018-06,43.117,24.142,18.975
Ahmedabad,NOx,2018,07,2018-07,50.152,43.117,7.035
Ahmedabad,NOx,2018,08,2018-08,47.047,50.152,-3.105
Ahmedabad,NOx,2018,09,2018-09,65.222,47.047,18.175
Ahmedabad,NOx,2018,10,2018-10,54.658,65.222,-10.564
Ahmedabad,NOx,2018,11,2018-11,57.302,54.658,2.644
Ahmedabad,NOx,2018,12,2018-12,39.72,57.302,-17.582
Ahmedabad,NOx,2019,01,2019-01,46.922,39.72,7.202
Ahmedabad,NOx,2019,02,2019-02,31.549,46.922,-15.373
Ahmedabad,NOx,2019,03,2019-03,34.845,31.549,3.296
Ahmedabad,NOx,2019,04,2019-04,56.038,34.845,21.193
Ahmedabad,NOx,2019,05,2019-05,55.099,56.038,-0.939
Ahmedabad,NOx,2019,06,2019-06,89.274,55.099,34.175
Ahmedabad,NOx,2019,07,2019-07,89.507,89.274,0.233
Ahmedabad,NOx,2019,08,2019-08,59.597,89.507,-29.91
Ahmedabad,NOx,2019,09,2019-09,69.474,59.597,9.877
Ahmedabad,NOx,2019,10,2019-10,102.556,69.474,33.082
Ahmedabad,NOx,2019,11,2019-11,91.875,102.556,-10.681
Ahmedabad,NOx,2019,12,2019-12,28.458,91.875,-63.417
Ahmedabad,NOx,2020,01,2020-01,18.166,28.458,-10.292
Ahmedabad,NOx,2020,02,2020-02,48.639,18.166,30.473
Ahmedabad,NOx,2020,03,2020-03,21.879,48.639,-26.76
Ahmedabad,NOx,2020,04,2020-04,13.757,21.879,-8.122
Ahmedabad,NOx,2020,05,2020-05,11.809,13.757,-1.948
Ahmedabad,NOx,2020,06,2020-06,17.977,11.809,6.168
Ahmedabad,NOx,2020,07,2020-07,,17.977,
Ahmedabad,O3,2015,01,2015-01,49.793,,
Ahmedabad,O3,2015,02,2015-02,49.828,49.793,0.035
Ahmedabad,O3,2015,03,2015-03,45.417,49.828,-4.411
Ahmedabad,O3,2015,04,2015-04,29.952,45.417,-15.465
Ahmedabad,O3,2015,05,2015-05,31.119,29.952,1.167
Ahmedabad,O3,2015,06,2015-06,12.075,31.119,-19.044
Ahmedabad,O3,2015,07,2015-07,5.586,12.075,-6.489
Ahmedabad,O3,2015,08,2015-08,30.352,5.586,24.766
Ahmedabad,O3,2015,09,2015-09,23.603,30.352,-6.749
Ahmedabad,O3,2015,10,2015-10,35.339,23.603,11.736
Ahmedabad,O3,2015,11,2015-11,,35.339,
Ahmedabad,O3,2015,12,2015-12,,,
Ahmedabad,O3,2016,01,2016-01,,,
Ahmedabad,O3,2016,02,2016-02,,,
Ahmedabad,O3,2016,03,2016-03,,,
Ahmedabad,O3,2016,04,2016-04,,,
Ahmedabad,O3,2016,05,2016-05,,,
Ahmedabad,O3,2016,06,2016-06,30.35,,
Ahmedabad,O3,2016,07,2016-07,11.347,30.35,-19.003
Ahmedabad,O3,2016,08,2016-08,8.939,11.347,-2.408
Ahmedabad,O3,2016,09,2016-09,17.506,8.939,8.567
Ahmedabad,O3,2016,10,2016-10,29.639,17.506,12.133
Ahmedabad,O3,2016,11,2016-11,51.346,29.639,21.707
Ahmedabad,O3,2016,12,2016-12,,51.346,
Ahmedabad,O3,2017,01,2017-01,,,
Ahmedabad,O3,2017,02,2017-02,,,
Ahmedabad,O3,2017,03,2017-03,,,
Ahmedabad,O3,2017,04,2017-04,,,
Ahmedabad,O3,2017,05,2017-05,,,
Ahmedabad,O3,2017,06,2017-06,,,
Ahmedabad,O3,2017,07,2017-07,,,
Ahmedabad,O3,2017,08,2017-08,,,
Ahmedabad,O3,2017,09,2017-09,,,
Ahmedabad,O3,2017,10,2017-10,22.301,,
Ahmedabad,O3,2017,11,2017-11,49.06,22.301,26.759
Ahmedabad,O3,2017,12,2017-12,66.701,49.06,17.641
Ahmedabad,O3,2018,01,2018-01,51.571,66.701,-15.13
Ahmedabad,O3,2018,02,2018-02,40.377,51.571,-11.194
Ahmedabad,O3,2018,03,2018-03,50.746,40.377,10.369
Ahmedabad,O3,2018,04,2018-04,42.956,50.746,-7.79
Ahmedabad,O3,2018,05,2018-05,33.563,42.956,-9.393
Ahmedabad,O3,2018,06,2018-06,14.786,33.563,-18.777
Ahmedabad,O3,2018,07,2018-07,2.618,14.786,-12.168
Ahmedabad,O3,2018,08,2018-08,13.806,2.618,11.188
Ahmedabad,O3,2018,09,2018-09,34.867,13.806,21.061
Ahmedabad,O3,2018,10,2018-10,54.919,34.867,20.052
Ahmedabad,O3,2018,11,2018-11,52.753,54.919,-2.166
Ahmedabad,O3,2018,12,2018-12,54.546,52.753,1.793
Ahmedabad,O3,2019,01,2019-01,51.605,54.546,-2.941
Ahmedabad,O3,2019,02,2019-02,45.299,51.605,-6.306
Ahmedabad,O3,2019,03,2019-03,47.584,45.299,2.285
Ahmedabad,O3,2019,04,2019-04,40.845,47.584,-6.739
Ahmedabad,O3,2019,05,2019-05,48.561,40.845,7.716
Ahmedabad,O3,2019,06,2019-06,66.553,48.561,17.992
Ahmedabad,O3,2019,07,2019-07,47.144,66.553,-19.409
Ahmedabad,O3,2019,08,2019-08,42.491,47.144,-4.653
Ahmedabad,O3,2019,09,2019-09,45.215,42.491,2.724
Ahmedabad,O3,2019,10,2019-10,81.213,45.215,35.998
Ahmedabad,O3,2019,11,2019-11,34.337,81.213,-46.876
Ahmedabad,O3,2019,12,2019-12,29.432,34.337,-4.905
Ahmedabad,O3,2020,01,2020-01,24.597,29.432,-4.835
Ahmedabad,O3,2020,02,2020-02,48.32,24.597,23.723
Ahmedabad,O3,2020,03,2020-03,41.105,48.32,-7.215
Ahmedabad,O3,2020,04,2020-04,45.719,41.105,4.614
Ahmedabad,O3,2020,05,2020-05,55.92,45.719,10.201
Ahmedabad,O3,2020,06,2020-06,42.579,55.92,-13.341
Ahmedabad,O3,2020,07,2020-07,,42.579,
Ahmedabad,PM10,2015,01,2015-01,,,
Ahmedabad,PM10,2015,02,2015-02,,,
Ahmedabad,PM10,2015,03,2015-03,,,
Ahmedabad,PM10,2015,04,2015-04,,,
Ahmedabad,PM10,2015,05,2015-05,,,
Ahmedabad,PM10,2015,06,2015-06,,,
Ahmedabad,PM10,2015,07,2015-07,,,
Ahmedabad,PM10,2015,08,2015-08,,,
Ahmedabad,PM10,2015,09,2015-09,,,
Ahmedabad,PM10,2015,10,2015-10,,,
Ahmedabad,PM10,2015,11,2015-11,,,
Ahmedabad,PM10,2015,12,2015-12,,,
Ahmedabad,PM10,2016,01,2016-01,,,
Ahmedabad,PM10,2016,02,2016-02,,,
Ahmedabad,PM10,2016,03,2016-03,,,
Ahmedabad,PM10,2016,04,2016-04,,,
Ahmedabad,PM10,2016,05,2016-05,,,
Ahmedabad,PM10,2016,06,2016-06,,,
Ahmedabad,PM10,2016,07,2016-07,,,
Ahmedabad,PM10,2016,08,2016-08,,,
Ahmedabad,PM10,2016,09,2016-09,,,
Ahmedabad,PM10,2016,10,2016-10,,,
Ahmedabad,PM10,2016,11,2016-11,,,
Ahmedabad,PM10,2016,12,2016-12,,,
Ahmedabad,PM10,2017,01,2017-01,,,
Ahmedabad,PM10,2017,02,2017-02,,,
Ahmedabad,PM10,2017,03,2017-03,,,
Ahmedabad,PM10,2017,04,2017-04,,,
Ahmedabad,PM10,2017,05,2017-05,,,
Ahmedabad,PM10,2017,06,2017-06,,,
Ahmedabad,PM10,2017,07,2017-07,,,
Ahmedabad,PM10,2017,08,2017-08,,,
Ahmedabad,PM10,2017,09,2017-09,,,
Ahmedabad,PM10,2017,10,2017-10,,,
Ahmedabad,PM10,2017,11,2017-11,,,
Ahmedabad,PM10,2017,12,2017-12,,,
Ahmedabad,PM10,2018,01,2018-01,,,
Ahmedabad,PM10,2018,02,2018-02,,,
Ahmedabad,PM10,2018,03,2018-03,,,
Ahmedabad,PM10,2018,04,2018-04,,,
Ahmedabad,PM10,2018,05,2018-05,,,
Ahmedabad,PM10,2018,06,2018-06,,,
Ahmedabad,PM10,2018,07,2018-07,,,
Ahmedabad,PM10,2018,08,2018-08,,,
Ahmedabad,PM10,2018,09,2018-09,,,
Ahmedabad,PM10,2018,10,2018-10,,,
Ahmedabad,PM10,2018,11,2018-11,,,
Ahmedabad,PM10,2018,12,2018-12,,,
Ahmedabad,PM10,2019,01,2019-01,,,
Ahmedabad,PM10,2019,02,2019-02,,,
Ahmedabad,PM10,2019,03,2019-03,,,
Ahmedabad,PM10,2019,04,2019-04,,,
Ahmedabad,PM10,2019,05,2019-05,136.197,,
Ahmedabad,PM10,2019,06,2019-06,114.461,136.197,-21.736
Ahmedabad,PM10,2019,07,2019-07,112.568,114.461,-1.893
Ahmedabad,PM10,2019,08,2019-08,136.607,112.568,24.039
Ahmedabad,PM10,2019,09,2019-09,76.773,136.607,-59.834
Ahmedabad,PM10,2019,10,2019-10,137.058,76.773,60.285
Ahmedabad,PM10,2019,11,2019-11,111.984,137.058,-25.074
Ahmedabad,PM10,2019,12,2019-12,110.245,111.984,-1.739
Ahmedabad,PM10,2020,01,2020-01,112.097,110.245,1.852
Ahmedabad,PM10,2020,02,2020-02,143.903,112.097,31.806
Ahmedabad,PM10,2020,03,2020-03,107.207,143.903,-36.696
Ahmedabad,PM10,2020,04,2020-04,81.561,107.207,-25.646
Ahmedabad,PM10,2020,05,2020-05,76.758,81.561,-4.803
Ahmedabad,PM10,2020,06,2020-06,86.961,76.758,10.203
Ahmedabad,PM10,2020,07,2020-07,,86.961,
Ahmedabad,PM2.5,2015,01,2015-01,85.831,,
Ahmedabad,PM2.5,2015,02,2015-02,119.382,85.831,33.551
Ahmedabad,PM2.5,2015,03,2015-03,110.133,119.382,-9.249
Ahmedabad,PM2.5,2015,04,2015-04,99.672,110.133,-10.461
Ahmedabad,PM2.5,2015,05,2015-05,77.253,99.672,-22.419
Ahmedabad,PM2.5,2015,06,2015-06,50.037,77.253,-27.216
Ahmedabad,PM2.5,2015,07,2015-07,53.314,50.037,3.277
Ahmedabad,PM2.5,2015,08,2015-08,40.797,53.314,-12.517
Ahmedabad,PM2.5,2015,09,2015-09,43.977,40.797,3.18
Ahmedabad,PM2.5,2015,10,2015-10,105.454,43.977,61.477
Ahmedabad,PM2.5,2015,11,2015-11,201.092,105.454,95.638
Ahmedabad,PM2.5,2015,12,2015-12,,201.092,
Ahmedabad,PM2.5,2016,01,2016-01,,,
Ahmedabad,PM2.5,2016,02,2016-02,,,
Ahmedabad,PM2.5,2016,03,2016-03,,,
Ahmedabad,PM2.5,2016,04,2016-04,,,
Ahmedabad,PM2.5,2016,05,2016-05,,,
Ahmedabad,PM2.5,2016,06,2016-06,32.959,,
Ahmedabad,PM2.5,2016,07,2016-07,37.522,32.959,4.563
Ahmedabad,PM2.5,2016,08,2016-08,49.304,37.522,11.782
Ahmedabad,PM2.5,2016,09,2016-09,38.528,49.304,-10.776
Ahmedabad,PM2.5,2016,10,2016-10,110.799,38.528,72.271
Ahmedabad,PM2.5,2016,11,2016-11,229.575,110.799,118.776
Ahmedabad,PM2.5,2016,12,2016-12,,229.575,
Ahmedabad,PM2.5,2017,01,2017-01,,,
Ahmedabad,PM2.5,2017,02,2017-02,,,
Ahmedabad,PM2.5,2017,03,2017-03,,,
Ahmedabad,PM2.5,2017,04,2017-04,,,
Ahmedabad,PM2.5,2017,05,2017-05,,,
Ahmedabad,PM2.5,2017,06,2017-06,,,
Ahmedabad,PM2.5,2017,07,2017-07,,,
Ahmedabad,PM2.5,2017,08,2017-08,,,
Ahmedabad,PM2.5,2017,09,2017-09,,,
Ahmedabad,PM2.5,2017,10,2017-10,87.402,,
Ahmedabad,PM2.5,2017,11,2017-11,106.251,87.402,18.849
Ahmedabad,PM2.5,2017,12,2017-12,74.622,106.251,-31.629
Ahmedabad,PM2.5,2018,01,2018-01,88.667,74.622,14.045
Ahmedabad,PM2.5,2018,02,2018-02,104.695,88.667,16.028
Ahmedabad,PM2.5,2018,03,2018-03,95.533,104.695,-9.162
Ahmedabad,PM2.5,2018,04,2018-04,83.543,95.533,-11.99
Ahmedabad,PM2.5,2018,05,2018-05,54.576,83.543,-28.967
Ahmedabad,PM2.5,2018,06,2018-06,55.462,54.576,0.886
Ahmedabad,PM2.5,2018,07,2018-07,59.018,55.462,3.556
Ahmedabad,PM2.5,2018,08,2018-08,41.518,59.018,-17.5
Ahmedabad,PM2.5,2018,09,2018-09,23.008,41.518,-18.51
Ahmedabad,PM2.5,2018,10,2018-10,97.544,23.008,74.536
Ahmedabad,PM2.5,2018,11,2018-11,106.947,97.544,9.403
Ahmedabad,PM2.5,2018,12,2018-12,91.92,106.947,-15.027
Ahmedabad,PM2.5,2019,01,2019-01,87.764,91.92,-4.156
Ahmedabad,PM2.5,2019,02,2019-02,61.598,87.764,-26.166
Ahmedabad,PM2.5,2019,03,2019-03,66.881,61.598,5.283
Ahmedabad,PM2.5,2019,04,2019-04,96.592,66.881,29.711
Ahmedabad,PM2.5,2019,05,2019-05,54.807,96.592,-41.785
Ahmedabad,PM2.5,2019,06,2019-06,41.738,54.807,-13.069
Ahmedabad,PM2.5,2019,07,2019-07,43.204,41.738,1.466
Ahmedabad,PM2.5,2019,08,2019-08,43.215,43.204,0.011
Ahmedabad,PM2.5,2019,09,2019-09,40.948,43.215,-2.267
Ahmedabad,PM2.5,2019,10,2019-10,73.798,40.948,32.85
Ahmedabad,PM2.5,2019,11,2019-11,61.89,73.798,-11.908
Ahmedabad,PM2.5,2019,12,2019-12,64.622,61.89,2.732
Ahmedabad,PM2.5,2020,01,2020-01,57.144,64.622,-7.478
Ahmedabad,PM2.5,2020,02,2020-02,73.136,57.144,15.992
Ahmedabad,PM2.5,2020,03,2020-03,44.095,73.136,-29.041
Ahmedabad,PM2.5,2020,04,2020-04,31.657,44.095,-12.438
Ahmedabad,PM2.5,2020,05,2020-05,26.328,31.657,-5.329
Ahmedabad,PM2.5,2020,06,2020-06,26.169,26.328,-0.159
Ahmedabad,PM2.5,2020,07,2020-07,,26.169,
Ahmedabad,SO2,2015,01,2015-01,45.944,,
Ahmedabad,SO2,2015,02,2015-02,66.004,45.944,20.06
Ahmedabad,SO2,2015,03,2015-03,60.064,66.004,-5.94
Ahmedabad,SO2,2015,04,2015-04,53.782,60.064,-6.282
Ahmedabad,SO2,2015,05,2015-05,38.697,53.782,-15.085
Ahmedabad,SO2,2015,06,2015-06,12.27,38.697,-26.427
Ahmedabad,SO2,2015,07,2015-07,11.52,12.27,-0.75
Ahmedabad,SO2,2015,08,2015-08,8.5,11.52,-3.02
Ahmedabad,SO2,2015,09,2015-09,8.277,8.5,-0.223
Ahmedabad,SO2,2015,10,2015-10,30.365,8.277,22.088
Ahmedabad,SO2,2015,11,2015-11,54.348,30.365,23.983
Ahmedabad,SO2,2015,12,2015-12,,54.348,
Ahmedabad,SO2,2016,01,2016-01,,,
Ahmedabad,SO2,2016,02,2016-02,,,
Ahmedabad,SO2,2016,03,2016-03,,,
Ahmedabad,SO2,2016,04,2016-04,,,
Ahmedabad,SO2,2016,05,2016-05,,,
Ahmedabad,SO2,2016,06,2016-06,1.635,,
Ahmedabad,SO2,2016,07,2016-07,12.805,1.635,11.17
Ahmedabad,SO2,2016,08,2016-08,16.741,12.805,3.936
Ahmedabad,SO2,2016,09,2016-09,17.736,16.741,0.995
Ahmedabad,SO2,2016,10,2016-10,27.918,17.736,10.182
Ahmedabad,SO2,2016,11,2016-11,17.287,27.918,-10.631
Ahmedabad,SO2,2016,12,2016-12,,17.287,
Ahmedabad,SO2,2017,01,2017-01,,,
Ahmedabad,SO2,2017,02,2017-02,,,
Ahmedabad,SO2,2017,03,2017-03,,,
Ahmedabad,SO2,2017,04,2017-04,,,
Ahmedabad,SO2,2017,05,2017-05,,,
Ahmedabad,SO2,2017,06,2017-06,,,
Ahmedabad,SO2,2017,07,2017-07,,,
Ahmedabad,SO2,2017,08,2017-08,,,
Ahmedabad,SO2,2017,09,2017-09,,,
Ahmedabad,SO2,2017,10,2017-10,53.654,,
Ahmedabad,SO2,2017,11,2017-11,119.215,53.654,65.561
Ahmedabad,SO2,2017,12,2017-12,101.825,119.215,-17.39
Ahmedabad,SO2,2018,01,2018-01,108.143,101.825,6.318
Ahmedabad,SO2,2018,02,2018-02,121.072,108.143,12.929
Ahmedabad,SO2,2018,03,2018-03,92.835,121.072,-28.237
Ahmedabad,SO2,2018,04,2018-04,52.552,92.835,-40.283
Ahmedabad,SO2,2018,05,2018-05,73.126,52.552,20.574
Ahmedabad,SO2,2018,06,2018-06,42.659,73.126,-30.467
Ahmedabad,SO2,2018,07,2018-07,25.886,42.659,-16.773
Ahmedabad,SO2,2018,08,2018-08,73.863,25.886,47.977
Ahmedabad,SO2,2018,09,2018-09,60.705,73.863,-13.158
Ahmedabad,SO2,2018,10,2018-10,81.368,60.705,20.663
Ahmedabad,SO2,2018,11,2018-11,61.161,81.368,-20.207
Ahmedabad,SO2,2018,12,2018-12,55.578,61.161,-5.583
Ahmedabad,SO2,2019,01,2019-01,64.889,55.578,9.311
Ahmedabad,SO2,2019,02,2019-02,51.356,64.889,-13.533
Ahmedabad,SO2,2019,03,2019-03,47.108,51.356,-4.248
Ahmedabad,SO2,2019,04,2019-04,32.447,47.108,-14.661
Ahmedabad,SO2,2019,05,2019-05,101.635,32.447,69.188
Ahmedabad,SO2,2019,06,2019-06,68.423,101.635,-33.212
Ahmedabad,SO2,2019,07,2019-07,59.326,68.423,-9.097
Ahmedabad,SO2,2019,08,2019-08,43.812,59.326,-15.514
Ahmedabad,SO2,2019,09,2019-09,71.439,43.812,27.627
Ahmedabad,SO2,2019,10,2019-10,134.278,71.439,62.839
Ahmedabad,SO2,2019,11,2019-11,150.437,134.278,16.159
Ahmedabad,SO2,2019,12,2019-12,57.587,150.437,-92.85
Ahmedabad,SO2,2020,01,2020-01,44.842,57.587,-12.745
Ahmedabad,SO2,2020,02,2020-02,54.351,44.842,9.509
Ahmedabad,SO2,2020,03,2020-03,43.209,54.351,-11.142
Ahmedabad,SO2,2020,04,2020-04,24.727,43.209,-18.482
Ahmedabad,SO2,2020,05,2020-05,22.038,24.727,-2.689
Ahmedabad,SO2,2020,06,2020-06,14.348,22.038,-7.69
Ahmedabad,SO2,2020,07,2020-07,,14.348,
Ahmedabad,Toluene,2015,01,2015-01,2.579,,
Ahmedabad,Toluene,2015,02,2015-02,23.718,2.579,21.139
Ahmedabad,Toluene,2015,03,2015-03,30.117,23.718,6.399
Ahmedabad,Toluene,2015,04,2015-04,8.315,30.117,-21.802
Ahmedabad,Toluene,2015,05,2015-05,10.877,8.315,2.562
Ahmedabad,Toluene,2015,06,2015-06,5.543,10.877,-5.334
Ahmedabad,Toluene,2015,07,2015-07,4.325,5.543,-1.218
Ahmedabad,Toluene,2015,08,2015-08,2.262,4.325,-2.063
Ahmedabad,Toluene,2015,09,2015-09,2.95,2.262,0.688
Ahmedabad,Toluene,2015,10,2015-10,28.066,2.95,25.116
Ahmedabad,Toluene,2015,11,2015-11,53.631,28.066,25.565
Ahmedabad,Toluene,2015,12,2015-12,,53.631,
Ahmedabad,Toluene,2016,01,2016-01,,,
Ahmedabad,Toluene,2016,02,2016-02,,,
Ahmedabad,Toluene,2016,03,2016-03,,,
Ahmedabad,Toluene,2016,04,2016-04,,,
Ahmedabad,Toluene,2016,05,2016-05,,,
Ahmedabad,Toluene,2016,06,2016-06,0.0,,
Ahmedabad,Toluene,2016,07,2016-07,2.55,0.0,2.55
Ahmedabad,Toluene,2016,08,2016-08,9.01,2.55,6.46
Ahmedabad,Toluene,2016,09,2016-09,5.778,9.01,-3.232
Ahmedabad,Toluene,2016,10,2016-10,7.863,5.778,2.085
Ahmedabad,Toluene,2016,11,2016-11,0.713,7.863,-7.15
Ahmedabad,Toluene,2016,12,2016-12,0.0,0.713,-0.713
Ahmedabad,Toluene,2017,01,2017-01,0.0,0.0,0.0
Ahmedabad,Toluene,2017,02,2017-02,0.0,0.0,0.0
Ahmedabad,Toluene,2017,03,2017-03,0.0,0.0,0.0
Ahmedabad,Toluene,2017,04,2017-04,,0.0,
Ahmedabad,Toluene,2017,05,2017-05,,,
Ahmedabad,Toluene,2017,06,2017-06,,,
Ahmedabad,Toluene,2017,07,2017-07,,,
Ahmedabad,Toluene,2017,08,2017-08,,,
Ahmedabad,Toluene,2017,09,2017-09,0.0,,
Ahmedabad,Toluene,2017,10,2017-10,28.599,0.0,28.599
Ahmedabad,Toluene,2017,11,2017-11,48.512,28.599,19.913
Ahmedabad,Toluene,2017,12,2017-12,60.563,48.512,12.051
Ahmedabad,Toluene,2018,01,2018-01,71.086,60.563,10.523
Ahmedabad,Toluene,2018,02,2018-02,27.782,71.086,-43.304
Ahmedabad,Toluene,2018,03,2018-03,52.063,27.782,24.281
Ahmedabad,Toluene,2018,04,2018-04,32.934,52.063,-19.129
Ahmedabad,Toluene,2018,05,2018-05,32.136,32.934,-0.798
Ahmedabad,Toluene,2018,06,2018-06,47.378,32.136,15.242
Ahmedabad,Toluene,2018,07,2018-07,41.229,47.378,-6.149
Ahmedabad,Toluene,2018,08,2018-08,25.565,41.229,-15.664
Ahmedabad,Toluene,2018,09,2018-09,16.374,25.565,-9.191
Ahmedabad,Toluene,2018,10,2018-10,20.551,16.374,4.177
Ahmedabad,Toluene,2018,11,2018-11,41.476,20.551,20.925
Ahmedabad,Toluene,2018,12,2018-12,32.328,41.476,-9.148
Ahmedabad,Toluene,2019,01,2019-01,32.352,32.328,0.024
Ahmedabad,Toluene,2019,02,2019-02,32.35,32.352,-0.002
Ahmedabad,Toluene,2019,03,2019-03,32.383,32.35,0.033
Ahmedabad,Toluene,2019,04,2019-04,32.487,32.383,0.104
Ahmedabad,Toluene,2019,05,2019-05,66.164,32.487,33.677
Ahmedabad,Toluene,2019,06,2019-06,92.929,66.164,26.765
Ahmedabad,Toluene,2019,07,2019-07,77.715,92.929,-15.214
Ahmedabad,Toluene,2019,08,2019-08,31.253,77.715,-46.462
Ahmedabad,Toluene,2019,09,2019-09,28.482,31.253,-2.771
Ahmedabad,Toluene,2019,10,2019-10,23.783,28.482,-4.699
Ahmedabad,Toluene,2019,11,2019-11,28.636,23.783,4.853
Ahmedabad,Toluene,2019,12,2019-12,31.792,28.636,3.156
Ahmedabad,Toluene,2020,01,2020-01,31.988,31.792,0.196
Ahmedabad,Toluene,2020,02,2020-02,36.407,31.988,4.419
Ahmedabad,Toluene,2020,03,2020-03,38.751,36.407,2.344
Ahmedabad,Toluene,2020,04,2020-04,25.734,38.751,-13.017
Ahmedabad,Toluene,2020,05,2020-05,18.861,25.734,-6.873
Ahmedabad,Toluene,2020,06,2020-06,41.086,18.861,22.225
Ahmedabad,Toluene,2020,07,2020-07,,41.086,
Ahmedabad,Xylene,2015,01,2015-01,3.02,,
Ahmedabad,Xylene,2015,02,2015-02,8.031,3.02,5.011
Ahmedabad,Xylene,2015,03,2015-03,4.307,8.031,-3.724
Ahmedabad,Xylene,2015,04,2015-04,5.035,4.307,0.728
Ahmedabad,Xylene,2015,05,2015-05,4.876,5.035,-0.159
Ahmedabad,Xylene,2015,06,2015-06,0.641,4.876,-4.235
Ahmedabad,Xylene,2015,07,2015-07,0.301,0.641,-0.34
Ahmedabad,Xylene,2015,08,2015-08,0.2,0.301,-0.101
Ahmedabad,Xylene,2015,09,2015-09,0.244,0.2,0.044
Ahmedabad,Xylene,2015,10,2015-10,5.163,0.244,4.919
Ahmedabad,Xylene,2015,11,2015-11,8.375,5.163,3.212
Ahmedabad,Xylene,2015,12,2015-12,,8.375,
Ahmedabad,Xylene,2016,01,2016-01,,,
Ahmedabad,Xylene,2016,02,2016-02,,,
Ahmedabad,Xylene,2016,03,2016-03,,,
Ahmedabad,Xylene,2016,04,2016-04,,,
Ahmedabad,Xylene,2016,05,2016-05,,,
Ahmedabad,Xylene,2016,06,2016-06,0.0,,
Ahmedabad,Xylene,2016,07,2016-07,0.73,0.0,0.73
Ahmedabad,Xylene,2016,08,2016-08,1.7,0.73,0.97
Ahmedabad,Xylene,2016,09,2016-09,1.273,1.7,-0.427
Ahmedabad,Xylene,2016,10,2016-10,3.149,1.273,1.876
Ahmedabad,Xylene,2016,11,2016-11,0.506,3.149,-2.643
Ahmedabad,Xylene,2016,12,2016-12,0.0,0.506,-0.506
Ahmedabad,Xylene,2017,01,2017-01,0.0,0.0,0.0
Ahmedabad,Xylene,2017,02,2017-02,0.0,0.0,0.0
Ahmedabad,Xylene,2017,03,2017-03,0.0,0.0,0.0
Ahmedabad,Xylene,2017,04,2017-04,,0.0,
Ahmedabad,Xylene,2017,05,2017-05,,,
Ahmedabad,Xylene,2017,06,2017-06,,,
Ahmedabad,Xylene,2017,07,2017-07,,,
Ahmedabad,Xylene,2017,08,2017-08,,,
Ahmedabad,Xylene,2017,09,2017-09,0.0,,
Ahmedabad,Xylene,2017,10,2017-10,2.206,0.0,2.206
Ahmedabad,Xylene,2017,11,2017-11,19.395,2.206,17.189
Ahmedabad,Xylene,2017,12,2017-12,11.542,19.395,-7.853
Ahmedabad,Xylene,2018,01,2018-01,12.872,11.542,1.33
Ahmedabad,Xylene,2018,02,2018-02,7.546,12.872,-5.326
Ahmedabad,Xylene,2018,03,2018-03,10.636,7.546,3.09
Ahmedabad,Xylene,2018,04,2018-04,5.42,10.636,-5.216
Ahmedabad,Xylene,2018,05,2018-05,1.144,5.42,-4.276
Ahmedabad,Xylene,2018,06,2018-06,1.243,1.144,0.099
Ahmedabad,Xylene,2018,07,2018-07,1.45,1.243,0.207
Ahmedabad,Xylene,2018,08,2018-08,1.312,1.45,-0.138
Ahmedabad,Xylene,2018,09,2018-09,0.65,1.312,-0.662
Ahmedabad,Xylene,2018,10,2018-10,10.796,0.65,10.146
Ahmedabad,Xylene,2018,11,2018-11,10.975,10.796,0.179
Ahmedabad,Xylene,2018,12,2018-12,6.946,10.975,-4.029
Ahmedabad,Xylene,2019,01,2019-01,6.971,6.946,0.025
Ahmedabad,Xylene,2019,02,2019-02,6.984,6.971,0.013
Ahmedabad,Xylene,2019,03,2019-03,7.021,6.984,0.037
Ahmedabad,Xylene,2019,04,2019-04,7.114,7.021,0.093
Ahmedabad,Xylene,2019,05,2019-05,11.179,7.114,4.065
Ahmedabad,Xylene,2019,06,2019-06,9.345,11.179,-1.834
Ahmedabad,Xylene,2019,07,2019-07,1.552,9.345,-7.793
Ahmedabad,Xylene,2019,08,2019-08,0.784,1.552,-0.768
Ahmedabad,Xylene,2019,09,2019-09,1.02,0.784,0.236
Ahmedabad,Xylene,2019,10,2019-10,2.423,1.02,1.403
Ahmedabad,Xylene,2019,11,2019-11,1.899,2.423,-0.524
Ahmedabad,Xylene,2019,12,2019-12,2.045,1.899,0.146
Ahmedabad,Xylene,2020,01,2020-01,2.132,2.045,0.087
Ahmedabad,Xylene,2020,02,2020-02,0.639,2.132,-1.493
Ahmedabad,Xylene,2020,03,2020-03,1.686,0.639,1.047
Ahmedabad,Xylene,2020,04,2020-04,2.476,1.686,0.79
Ahmedabad,Xylene,2020,05,2020-05,1.359,2.476,-1.117
Ahmedabad,Xylene,2020,06,2020-06,3.954,1.359,2.595
Ahmedabad,Xylene,2020,07,2020-07,,3.954,
Bengaluru,Benzene,2015,01,2015-01,25.314,,
Bengaluru,Benzene,2015,02,2015-02,13.9,25.314,-11.414
Bengaluru,Benzene,2015,03,2015-03,9.595,13.9,-4.305
Bengaluru,Benzene,2015,04,2015-04,5.788,9.595,-3.807
Bengaluru,Benzene,2015,05,2015-05,12.093,5.788,6.305
Bengaluru,Benzene,2015,06,2015-06,3.733,12.093,-8.36
Bengaluru,Benzene,2015,07,2015-07,19.745,3.733,16.012
Bengaluru,Benzene,2015,08,2015-08,12.929,19.745,-6.816
Bengaluru,Benzene,2015,09,2015-09,,12.929,
Bengaluru,Benzene,2015,10,2015-10,,,
Bengaluru,Benzene,2015,11,2015-11,1.762,,
Bengaluru,Benzene,2015,12,2015-12,1.197,1.762,-0.565
Bengaluru,Benzene,2016,01,2016-01,1.308,1.197,0.111
Bengaluru,Benzene,2016,02,2016-02,1.109,1.308,-0.199
Bengaluru,Benzene,2016,03,2016-03,1.519,1.109,0.41
Bengaluru,Benzene,2016,04,2016-04,5.207,1.519,3.688
Bengaluru,Benzene,2016,05,2016-05,3.222,5.207,-1.985
Bengaluru,Benzene,2016,06,2016-06,1.031,3.222,-2.191
Bengaluru,Benzene,2016,07,2016-07,0.836,1.031,-0.195
Bengaluru,Benzene,2016,08,2016-08,0.489,0.836,-0.347
Bengaluru,Benzene,2016,09,2016-09,0.709,0.489,0.22
Bengaluru,Benzene,2016,10,2016-10,1.078,0.709,0.369
Bengaluru,Benzene,2016,11,2016-11,2.873,1.078,1.795
Bengaluru,Benzene,2016,12,2016-12,3.585,2.873,0.712
Bengaluru,Benzene,2017,01,2017-01,2.927,3.585,-0.658
Bengaluru,Benzene,2017,02,2017-02,3.104,2.927,0.177
Bengaluru,Benzene,2017,03,2017-03,2.276,3.104,-0.828
Bengaluru,Benzene,2017,04,2017-04,2.213,2.276,-0.063
Bengaluru,Benzene,2017,05,2017-05,1.224,2.213,-0.989
Bengaluru,Benzene,2017,06,2017-06,0.757,1.224,-0.467
Bengaluru,Benzene,2017,07,2017-07,0.732,0.757,-0.025
Bengaluru,Benzene,2017,08,2017-08,0.858,0.732,0.126
Bengaluru,Benzene,2017,09,2017-09,1.041,0.858,0.183
Bengaluru,Benzene,2017,10,2017-10,1.206,1.041,0.165
Bengaluru,Benzene,2017,11,2017-11,0.008,1.206,-1.198
Bengaluru,Benzene,2017,12,2017-12,0.0,0.008,-0.008
Bengaluru,Benzene,2018,01,2018-01,0.015,0.0,0.015
Bengaluru,Benzene,2018,02,2018-02,0.553,0.015,0.538
Bengaluru,Benzene,2018,03,2018-03,0.386,0.553,-0.167
Bengaluru,Benzene,2018,04,2018-04,1.37,0.386,0.984
Bengaluru,Benzene,2018,05,2018-05,0.544,1.37,-0.826
Bengaluru,Benzene,2018,06,2018-06,0.482,0.544,-0.062
Bengaluru,Benzene,2018,07,2018-07,0.579,0.482,0.097
Bengaluru,Benzene,2018,08,2018-08,0.478,0.579,-0.101
Bengaluru,Benzene,2018,09,2018-09,0.505,0.478,0.027
Bengaluru,Benzene,2018,10,2018-10,0.69,0.505,0.185
Bengaluru,Benzene,2018,11,2018-11,0.649,0.69,-0.041
Bengaluru,Benzene,2018,12,2018-12,0.707,0.649,0.058
Bengaluru,Benzene,2019,01,2019-01,0.45,0.707,-0.257
Bengaluru,Benzene,2019,02,2019-02,0.996,0.45,0.546
Bengaluru,Benzene,2019,03,2019-03,1.418,0.996,0.422
Bengaluru,Benzene,2019,04,2019-04,0.99,1.418,-0.428
Bengaluru,Benzene,2019,05,2019-05,1.027,0.99,0.037
Bengaluru,Benzene,2019,06,2019-06,0.818,1.027,-0.209
Bengaluru,Benzene,2019,07,2019-07,0.562,0.818,-0.256
Bengaluru,Benzene,2019,08,2019-08,0.697,0.562,0.135
Bengaluru,Benzene,2019,09,2019-09,0.665,0.697,-0.032
Bengaluru,Benzene,2019,10,2019-10,0.92,0.665,0.255
Bengaluru,Benzene,2019,11,2019-11,1.161,0.92,0.241
Bengaluru,Benzene,2019,12,2019-12,0.881,1.161,-0.28
Bengaluru,Benzene,2020,01,2020-01,0.736,0.881,-0.145
Bengaluru,Benzene,2020,02,2020-02,0.513,0.736,-0.223
Bengaluru,Benzene,2020,03,2020-03,0.349,0.513,-0.164
Bengaluru,Benzene,2020,04,2020-04,0.29,0.349,-0.059
Bengaluru,Benzene,2020,05,2020-05,0.301,0.29,0.011
Bengaluru,Benzene,2020,06,2020-06,0.57,0.301,0.269
Bengaluru,Benzene,2020,07,2020-07,,0.57,
Bengaluru,CO,2015,01,2015-01,4.188,,
Bengaluru,CO,2015,02,2015-02,1.534,4.188,-2.654
Bengaluru,CO,2015,03,2015-03,13.135,1.534,11.601
Bengaluru,CO,2015,04,2015-04,4.811,13.135,-8.324
Bengaluru,CO,2015,05,2015-05,5.082,4.811,0.271
Bengaluru,CO,2015,06,2015-06,3.177,5.082,-1.905
Bengaluru,CO,2015,07,2015-07,9.072,3.177,5.895
Bengaluru,CO,2015,08,2015-08,11.791,9.072,2.719
Bengaluru,CO,2015,09,2015-09,2.754,11.791,-9.037
Bengaluru,CO,2015,10,2015-10,2.597,2.754,-0.157
Bengaluru,CO,2015,11,2015-11,1.618,2.597,-0.979
Bengaluru,CO,2015,12,2015-12,1.633,1.618,0.015
Bengaluru,CO,2016,01,2016-01,0.967,1.633,-0.666
Bengaluru,CO,2016,02,2016-02,1.449,0.967,0.482
Bengaluru,CO,2016,03,2016-03,0.983,1.449,-0.466
Bengaluru,CO,2016,04,2016-04,1.08,0.983,0.097
Bengaluru,CO,2016,05,2016-05,0.621,1.08,-0.459
Bengaluru,CO,2016,06,2016-06,1.382,0.621,0.761
Bengaluru,CO,2016,07,2016-07,2.258,1.382,0.876
Bengaluru,CO,2016,08,2016-08,0.558,2.258,-1.7
Bengaluru,CO,2016,09,2016-09,0.525,0.558,-0.033
Bengaluru,CO,2016,10,2016-10,1.047,0.525,0.522
Bengaluru,CO,2016,11,2016-11,1.051,1.047,0.004
Bengaluru,CO,2016,12,2016-12,0.95,1.051,-0.101
Bengaluru,CO,2017,01,2017-01,2.179,0.95,1.229
Bengaluru,CO,2017,02,2017-02,3.653,2.179,1.474
Bengaluru,CO,2017,03,2017-03,0.412,3.653,-3.241
Bengaluru,CO,2017,04,2017-04,0.477,0.412,0.065
Bengaluru,CO,2017,05,2017-05,0.405,0.477,-0.072
Bengaluru,CO,2017,06,2017-06,0.626,0.405,0.221
Bengaluru,CO,2017,07,2017-07,0.823,0.626,0.197
Bengaluru,CO,2017,08,2017-08,1.153,0.823,0.33
Bengaluru,CO,2017,09,2017-09,0.615,1.153,-0.538
Bengaluru,CO,2017,10,2017-10,0.81,0.615,0.195
Bengaluru,CO,2017,11,2017-11,0.839,0.81,0.029
Bengaluru,CO,2017,12,2017-12,0.895,0.839,0.056
Bengaluru,CO,2018,01,2018-01,1.04,0.895,0.145
Bengaluru,CO,2018,02,2018-02,0.999,1.04,-0.041
Bengaluru,CO,2018,03,2018-03,1.08,0.999,0.081
Bengaluru,CO,2018,04,2018-04,0.9,1.08,-0.18
Bengaluru,CO,2018,05,2018-05,0.91,0.9,0.01
Bengaluru,CO,2018,06,2018-06,1.005,0.91,0.095
Bengaluru,CO,2018,07,2018-07,0.831,1.005,-0.174
Bengaluru,CO,2018,08,2018-08,0.815,0.831,-0.016
Bengaluru,CO,2018,09,2018-09,0.866,0.815,0.051
Bengaluru,CO,2018,10,2018-10,0.889,0.866,0.023
Bengaluru,CO,2018,11,2018-11,1.057,0.889,0.168
Bengaluru,CO,2018,12,2018-12,0.962,1.057,-0.095
Bengaluru,CO,2019,01,2019-01,0.959,0.962,-0.003
Bengaluru,CO,2019,02,2019-02,0.928,0.959,-0.031
Bengaluru,CO,2019,03,2019-03,0.949,0.928,0.021
Bengaluru,CO,2019,04,2019-04,1.017,0.949,0.068
Bengaluru,CO,2019,05,2019-05,0.943,1.017,-0.074
Bengaluru,CO,2019,06,2019-06,0.74,0.943,-0.203
Bengaluru,CO,2019,07,2019-07,0.74,0.74,0.0
Bengaluru,CO,2019,08,2019-08,0.759,0.74,0.019
Bengaluru,CO,2019,09,2019-09,0.849,0.759,0.09
Bengaluru,CO,2019,10,2019-10,0.874,0.849,0.025
Bengaluru,CO,2019,11,2019-11,1.073,0.874,0.199
Bengaluru,CO,2019,12,2019-12,0.997,1.073,-0.076
Bengaluru,CO,2020,01,2020-01,1.097,0.997,0.1
Bengaluru,CO,2020,02,2020-02,1.067,1.097,-0.03
Bengaluru,CO,2020,03,2020-03,0.944,1.067,-0.123
Bengaluru,CO,2020,04,2020-04,0.724,0.944,-0.22
Bengaluru,CO,2020,05,2020-05,0.78,0.724,0.056
Bengaluru,CO,2020,06,2020-06,0.628,0.78,-0.152
Bengaluru,CO,2020,07,2020-07,,0.628,
Bengaluru,NH3,2015,01,2015-01,18.449,,
Bengaluru,NH3,2015,02,2015-02,15.705,18.449,-2.744
Bengaluru,NH3,2015,03,2015-03,20.676,15.705,4.971
Bengaluru,NH3,2015,04,2015-04,22.807,20.676,2.131
Bengaluru,NH3,2015,05,2015-05,12.192,22.807,-10.615
Bengaluru,NH3,2015,06,2015-06,11.571,12.192,-0.621
Bengaluru,NH3,2015,07,2015-07,12.317,11.571,0.746
Bengaluru,NH3,2015,08,2015-08,24.721,12.317,12.404
Bengaluru,NH3,2015,09,2015-09,33.258,24.721,8.537
Bengaluru,NH3,2015,10,2015-10,31.524,33.258,-1.734
Bengaluru,NH3,2015,11,2015-11,28.063,31.524,-3.461
Bengaluru,NH3,2015,12,2015-12,31.269,28.063,3.206
Bengaluru,NH3,2016,01,2016-01,20.154,31.269,-11.115
Bengaluru,NH3,2016,02,2016-02,23.742,20.154,3.588
Bengaluru,NH3,2016,03,2016-03,27.574,23.742,3.832
Bengaluru,NH3,2016,04,2016-04,23.64,27.574,-3.934
Bengaluru,NH3,2016,05,2016-05,18.358,23.64,-5.282
Bengaluru,NH3,2016,06,2016-06,40.298,18.358,21.94
Bengaluru,NH3,2016,07,2016-07,24.458,40.298,-15.84
Bengaluru,NH3,2016,08,2016-08,36.392,24.458,11.934
Bengaluru,NH3,2016,09,2016-09,40.426,36.392,4.034
Bengaluru,NH3,2016,10,2016-10,27.611,40.426,-12.815
Bengaluru,NH3,2016,11,2016-11,29.288,27.611,1.677
Bengaluru,NH3,2016,12,2016-12,24.307,29.288,-4.981
Bengaluru,NH3,2017,01,2017-01,24.638,24.307,0.331
Bengaluru,NH3,2017,02,2017-02,22.483,24.638,-2.155
Bengaluru,NH3,2017,03,2017-03,30.899,22.483,8.416
Bengaluru,NH3,2017,04,2017-04,27.544,30.899,-3.355
Bengaluru,NH3,2017,05,2017-05,20.568,27.544,-6.976
Bengaluru,NH3,2017,06,2017-06,25.951,20.568,5.383
Bengaluru,NH3,2017,07,2017-07,30.439,25.951,4.488
Bengaluru,NH3,2017,08,2017-08,24.499,30.439,-5.94
Bengaluru,NH3,2017,09,2017-09,24.033,24.499,-0.466
Bengaluru,NH3,2017,10,2017-10,25.945,24.033,1.912
Bengaluru,NH3,2017,11,2017-11,26.537,25.945,0.592
Bengaluru,NH3,2017,12,2017-12,48.279,26.537,21.742
Bengaluru,NH3,2018,01,2018-01,49.703,48.279,1.424
Bengaluru,NH3,2018,02,2018-02,84.793,49.703,35.09
Bengaluru,NH3,2018,03,2018-03,,84.793,
Bengaluru,NH3,2018,04,2018-04,,,
Bengaluru,NH3,2018,05,2018-05,,,
Bengaluru,NH3,2018,06,2018-06,44.14,,
Bengaluru,NH3,2018,07,2018-07,21.81,44.14,-22.33
Bengaluru,NH3,2018,08,2018-08,20.517,21.81,-1.293
Bengaluru,NH3,2018,09,2018-09,21.096,20.517,0.579
Bengaluru,NH3,2018,10,2018-10,15.006,21.096,-6.09
Bengaluru,NH3,2018,11,2018-11,18.403,15.006,3.397
Bengaluru,NH3,2018,12,2018-12,17.896,18.403,-0.507
Bengaluru,NH3,2019,01,2019-01,20.384,17.896,2.488
Bengaluru,NH3,2019,02,2019-02,15.773,20.384,-4.611
Bengaluru,NH3,2019,03,2019-03,15.917,15.773,0.144
Bengaluru,NH3,2019,04,2019-04,17.302,15.917,1.385
Bengaluru,NH3,2019,05,2019-05,16.547,17.302,-0.755
Bengaluru,NH3,2019,06,2019-06,12.399,16.547,-4.148
Bengaluru,NH3,2019,07,2019-07,11.32,12.399,-1.079
Bengaluru,NH3,2019,08,2019-08,12.551,11.32,1.231
Bengaluru,NH3,2019,09,2019-09,11.989,12.551,-0.562
Bengaluru,NH3,2019,10,2019-10,15.256,11.989,3.267
Bengaluru,NH3,2019,11,2019-11,17.756,15.256,2.5
Bengaluru,NH3,2019,12,2019-12,13.539,17.756,-4.217
Bengaluru,NH3,2020,01,2020-01,14.284,13.539,0.745
Bengaluru,NH3,2020,02,2020-02,13.313,14.284,-0.971
Bengaluru,NH3,2020,03,2020-03,12.524,13.313,-0.789
Bengaluru,NH3,2020,04,2020-04,10.952,12.524,-1.572
Bengaluru,NH3,2020,05,2020-05,8.918,10.952,-2.034
Bengaluru,NH3,2020,06,2020-06,6.262,8.918,-2.656
Bengaluru,NH3,2020,07,2020-07,,6.262,
Bengaluru,NO,2015,01,2015-01,13.238,,
Bengaluru,NO,2015,02,2015-02,8.996,13.238,-4.242
Bengaluru,NO,2015,03,2015-03,7.442,8.996,-1.554
Bengaluru,NO,2015,04,2015-04,3.88,7.442,-3.562
Bengaluru,NO,2015,05,2015-05,5.831,3.88,1.951
Bengaluru,NO,2015,06,2015-06,2.815,5.831,-3.016
Bengaluru,NO,2015,07,2015-07,4.226,2.815,1.411
Bengaluru,NO,2015,08,2015-08,4.245,4.226,0.019
Bengaluru,NO,2015,09,2015-09,4.942,4.245,0.697
Bengaluru,NO,2015,10,2015-10,5.294,4.942,0.352
Bengaluru,NO,2015,11,2015-11,5.478,5.294,0.184
Bengaluru,NO,2015,12,2015-12,16.173,5.478,10.695
Bengaluru,NO,2016,01,2016-01,30.33,16.173,14.157
Bengaluru,NO,2016,02,2016-02,9.839,30.33,-20.491
Bengaluru,NO,2016,03,2016-03,9.447,9.839,-0.392
Bengaluru,NO,2016,04,2016-04,8.472,9.447,-0.975
Bengaluru,NO,2016,05,2016-05,7.893,8.472,-0.579
Bengaluru,NO,2016,06,2016-06,4.456,7.893,-3.437
Bengaluru,NO,2016,07,2016-07,8.074,4.456,3.618
Bengaluru,NO,2016,08,2016-08,8.569,8.074,0.495
Bengaluru,NO,2016,09,2016-09,5.606,8.569,-2.963
Bengaluru,NO,2016,10,2016-10,12.342,5.606,6.736
Bengaluru,NO,2016,11,2016-11,10.191,12.342,-2.151
Bengaluru,NO,2016,12,2016-12,9.655,10.191,-0.536
Bengaluru,NO,2017,01,2017-01,8.214,9.655,-1.441
Bengaluru,NO,2017,02,2017-02,9.602,8.214,1.388
Bengaluru,NO,2017,03,2017-03,8.072,9.602,-1.53
Bengaluru,NO,2017,04,2017-04,6.012,8.072,-2.06
Bengaluru,NO,2017,05,2017-05,6.659,6.012,0.647
Bengaluru,NO,2017,06,2017-06,7.8,6.659,1.141
Bengaluru,NO,2017,07,2017-07,16.899,7.8,9.099
Bengaluru,NO,2017,08,2017-08,11.193,16.899,-5.706
Bengaluru,NO,2017,09,2017-09,12.809,11.193,1.616
Bengaluru,NO,2017,10,2017-10,12.38,12.809,-0.429
Bengaluru,NO,2017,11,2017-11,11.158,12.38,-1.222
Bengaluru,NO,2017,12,2017-12,12.582,11.158,1.424
Bengaluru,NO,2018,01,2018-01,6.685,12.582,-5.897
Bengaluru,NO,2018,02,2018-02,5.708,6.685,-0.977
Bengaluru,NO,2018,03,2018-03,6.341,5.708,0.633
Bengaluru,NO,2018,04,2018-04,5.506,6.341,-0.835
Bengaluru,NO,2018,05,2018-05,7.365,5.506,1.859
Bengaluru,NO,2018,06,2018-06,9.742,7.365,2.377
Bengaluru,NO,2018,07,2018-07,13.627,9.742,3.885
Bengaluru,NO,2018,08,2018-08,19.734,13.627,6.107
Bengaluru,NO,2018,09,2018-09,16.781,19.734,-2.953
Bengaluru,NO,2018,10,2018-10,16.703,16.781,-0.078
Bengaluru,NO,2018,11,2018-11,14.618,16.703,-2.085
Bengaluru,NO,2018,12,2018-12,14.558,14.618,-0.06
Bengaluru,NO,2019,01,2019-01,12.026,14.558,-2.532
Bengaluru,NO,2019,02,2019-02,13.061,12.026,1.035
Bengaluru,NO,2019,03,2019-03,10.362,13.061,-2.699
Bengaluru,NO,2019,04,2019-04,9.101,10.362,-1.261
Bengaluru,NO,2019,05,2019-05,8.702,9.101,-0.399
Bengaluru,NO,2019,06,2019-06,6.848,8.702,-1.854
Bengaluru,NO,2019,07,2019-07,6.36,6.848,-0.488
Bengaluru,NO,2019,08,2019-08,8.794,6.36,2.434
Bengaluru,NO,2019,09,2019-09,8.096,8.794,-0.698
Bengaluru,NO,2019,10,2019-10,12.799,8.096,4.703
Bengaluru,NO,2019,11,2019-11,13.785,12.799,0.986
Bengaluru,NO,2019,12,2019-12,9.496,13.785,-4.289
Bengaluru,NO,2020,01,2020-01,8.653,9.496,-0.843
Bengaluru,NO,2020,02,2020-02,6.978,8.653,-1.675
Bengaluru,NO,2020,03,2020-03,4.791,6.978,-2.187
Bengaluru,NO,2020,04,2020-04,2.886,4.791,-1.905
Bengaluru,NO,2020,05,2020-05,3.707,2.886,0.821
Bengaluru,NO,2020,06,2020-06,4.894,3.707,1.187
Bengaluru,NO,2020,07,2020-07,,4.894,
Bengaluru,NO2,2015,01,2015-01,18.969,,
Bengaluru,NO2,2015,02,2015-02,24.082,18.969,5.113
Bengaluru,NO2,2015,03,2015-03,22.081,24.082,-2.001
Bengaluru,NO2,2015,04,2015-04,8.877,22.081,-13.204
Bengaluru,NO2,2015,05,2015-05,22.281,8.877,13.404
Bengaluru,NO2,2015,06,2015-06,13.467,22.281,-8.814
Bengaluru,NO2,2015,07,2015-07,10.125,13.467,-3.342
Bengaluru,NO2,2015,08,2015-08,13.937,10.125,3.812
Bengaluru,NO2,2015,09,2015-09,15.812,13.937,1.875
Bengaluru,NO2,2015,10,2015-10,28.082,15.812,12.27
Bengaluru,NO2,2015,11,2015-11,17.602,28.082,-10.48
Bengaluru,NO2,2015,12,2015-12,43.497,17.602,25.895
Bengaluru,NO2,2016,01,2016-01,55.675,43.497,12.178
Bengaluru,NO2,2016,02,2016-02,42.615,55.675,-13.06
Bengaluru,NO2,2016,03,2016-03,33.796,42.615,-8.819
Bengaluru,NO2,2016,04,2016-04,23.57,33.796,-10.226
Bengaluru,NO2,2016,05,2016-05,19.767,23.57,-3.803
Bengaluru,NO2,2016,06,2016-06,15.811,19.767,-3.956
Bengaluru,NO2,2016,07,2016-07,16.235,15.811,0.424
Bengaluru,NO2,2016,08,2016-08,18.279,16.235,2.044
Bengaluru,NO2,2016,09,2016-09,27.295,18.279,9.016
Bengaluru,NO2,2016,10,2016-10,33.332,27.295,6.037
Bengaluru,NO2,2016,11,2016-11,34.309,33.332,0.977
Bengaluru,NO2,2016,12,2016-12,37.955,34.309,3.646
Bengaluru,NO2,2017,01,2017-01,42.126,37.955,4.171
Bengaluru,NO2,2017,02,2017-02,53.115,42.126,10.989
Bengaluru,NO2,2017,03,2017-03,33.344,53.115,-19.771
Bengaluru,NO2,2017,04,2017-04,32.056,33.344,-1.288
Bengaluru,NO2,2017,05,2017-05,31.705,32.056,-0.351
Bengaluru,NO2,2017,06,2017-06,31.122,31.705,-0.583
Bengaluru,NO2,2017,07,2017-07,33.23,31.122,2.108
Bengaluru,NO2,2017,08,2017-08,28.05,33.23,-5.18
Bengaluru,NO2,2017,09,2017-09,31.251,28.05,3.201
Bengaluru,NO2,2017,10,2017-10,32.427,31.251,1.176
Bengaluru,NO2,2017,11,2017-11,35.91,32.427,3.483
Bengaluru,NO2,2017,12,2017-12,52.549,35.91,16.639
Bengaluru,NO2,2018,01,2018-01,39.995,52.549,-12.554
Bengaluru,NO2,2018,02,2018-02,30.148,39.995,-9.847
Bengaluru,NO2,2018,03,2018-03,30.172,30.148,0.024
Bengaluru,NO2,2018,04,2018-04,28.081,30.172,-2.091
Bengaluru,NO2,2018,05,2018-05,30.69,28.081,2.609
Bengaluru,NO2,2018,06,2018-06,19.108,30.69,-11.582
Bengaluru,NO2,2018,07,2018-07,17.723,19.108,-1.385
Bengaluru,NO2,2018,08,2018-08,17.901,17.723,0.178
Bengaluru,NO2,2018,09,2018-09,29.454,17.901,11.553
Bengaluru,NO2,2018,10,2018-10,33.368,29.454,3.914
Bengaluru,NO2,2018,11,2018-11,31.521,33.368,-1.847
Bengaluru,NO2,2018,12,2018-12,34.279,31.521,2.758
Bengaluru,NO2,2019,01,2019-01,40.262,34.279,5.983
Bengaluru,NO2,2019,02,2019-02,35.757,40.262,-4.505
Bengaluru,NO2,2019,03,2019-03,33.676,35.757,-2.081
Bengaluru,NO2,2019,04,2019-04,33.051,33.676,-0.625
Bengaluru,NO2,2019,05,2019-05,27.074,33.051,-5.977
Bengaluru,NO2,2019,06,2019-06,21.201,27.074,-5.873
Bengaluru,NO2,2019,07,2019-07,21.539,21.201,0.338
Bengaluru,NO2,2019,08,2019-08,20.62,21.539,-0.919
Bengaluru,NO2,2019,09,2019-09,20.835,20.62,0.215
Bengaluru,NO2,2019,10,2019-10,28.244,20.835,7.409
Bengaluru,NO2,2019,11,2019-11,30.549,28.244,2.305
Bengaluru,NO2,2019,12,2019-12,28.19,30.549,-2.359
Bengaluru,NO2,2020,01,2020-01,34.301,28.19,6.111
Bengaluru,NO2,2020,02,2020-02,32.096,34.301,-2.205
Bengaluru,NO2,2020,03,2020-03,21.365,32.096,-10.731
Bengaluru,NO2,2020,04,2020-04,11.981,21.365,-9.384
Bengaluru,NO2,2020,05,2020-05,15.388,11.981,3.407
Bengaluru,NO2,2020,06,2020-06,13.731,15.388,-1.657
Bengaluru,NO2,2020,07,2020-07,,13.731,
Bengaluru,NOx,2015,01,2015-01,20.46,,
Bengaluru,NOx,2015,02,2015-02,18.245,20.46,-2.215
Bengaluru,NOx,2015,03,2015-03,17.688,18.245,-0.557
Bengaluru,NOx,2015,04,2015-04,10.609,17.688,-7.079
Bengaluru,NOx,2015,05,2015-05,13.736,10.609,3.127
Bengaluru,NOx,2015,06,2015-06,9.41,13.736,-4.326
Bengaluru,NOx,2015,07,2015-07,7.852,9.41,-1.558
Bengaluru,NOx,2015,08,2015-08,9.788,7.852,1.936
Bengaluru,NOx,2015,09,2015-09,12.185,9.788,2.397
Bengaluru,NOx,2015,10,2015-10,20.841,12.185,8.656
Bengaluru,NOx,2015,11,2015-11,17.395,20.841,-3.446
Bengaluru,NOx,2015,12,2015-12,32.604,17.395,15.209
Bengaluru,NOx,2016,01,2016-01,53.38,32.604,20.776
Bengaluru,NOx,2016,02,2016-02,27.628,53.38,-25.752
Bengaluru,NOx,2016,03,2016-03,23.387,27.628,-4.241
Bengaluru,NOx,2016,04,2016-04,18.019,23.387,-5.368
Bengaluru,NOx,2016,05,2016-05,14.53,18.019,-3.489
Bengaluru,NOx,2016,06,2016-06,11.156,14.53,-3.374
Bengaluru,NOx,2016,07,2016-07,14.125,11.156,2.969
Bengaluru,NOx,2016,08,2016-08,6.468,14.125,-7.657
Bengaluru,NOx,2016,09,2016-09,7.799,6.468,1.331
Bengaluru,NOx,2016,10,2016-10,6.918,7.799,-0.881
Bengaluru,NOx,2016,11,2016-11,0.78,6.918,-6.138
Bengaluru,NOx,2016,12,2016-12,0.0,0.78,-0.78
Bengaluru,NOx,2017,01,2017-01,0.0,0.0,0.0
Bengaluru,NOx,2017,02,2017-02,0.0,0.0,0.0
Bengaluru,NOx,2017,03,2017-03,0.0,0.0,0.0
Bengaluru,NOx,2017,04,2017-04,0.0,0.0,0.0
Bengaluru,NOx,2017,05,2017-05,0.0,0.0,0.0
Bengaluru,NOx,2017,06,2017-06,0.0,0.0,0.0
Bengaluru,NOx,2017,07,2017-07,0.0,0.0,0.0
Bengaluru,NOx,2017,08,2017-08,0.0,0.0,0.0
Bengaluru,NOx,2017,09,2017-09,0.0,0.0,0.0
Bengaluru,NOx,2017,10,2017-10,17.389,0.0,17.389
Bengaluru,NOx,2017,11,2017-11,28.538,17.389,11.149
Bengaluru,NOx,2017,12,2017-12,36.033,28.538,7.495
Bengaluru,NOx,2018,01,2018-01,23.41,36.033,-12.623
Bengaluru,NOx,2018,02,2018-02,20.12,23.41,-3.29
Bengaluru,NOx,2018,03,2018-03,27.766,20.12,7.646
Bengaluru,NOx,2018,04,2018-04,30.325,27.766,2.559
Bengaluru,NOx,2018,05,2018-05,20.635,30.325,-9.69
Bengaluru,NOx,2018,06,2018-06,19.001,20.635,-1.634
Bengaluru,NOx,2018,07,2018-07,21.38,19.001,2.379
Bengaluru,NOx,2018,08,2018-08,29.171,21.38,7.791
Bengaluru,NOx,2018,09,2018-09,35.901,29.171,6.73
Bengaluru,NOx,2018,10,2018-10,42.08,35.901,6.179
Bengaluru,NOx,2018,11,2018-11,36.497,42.08,-5.583
Bengaluru,NOx,2018,12,2018-12,37.941,36.497,1.444
Bengaluru,NOx,2019,01,2019-01,40.609,37.941,2.668
Bengaluru,NOx,2019,02,2019-02,35.964,40.609,-4.645
Bengaluru,NOx,2019,03,2019-03,32.872,35.964,-3.092
Bengaluru,NOx,2019,04,2019-04,31.158,32.872,-1.714
Bengaluru,NOx,2019,05,2019-05,27.427,31.158,-3.731
Bengaluru,NOx,2019,06,2019-06,24.006,27.427,-3.421
Bengaluru,NOx,2019,07,2019-07,23.107,24.006,-0.899
Bengaluru,NOx,2019,08,2019-08,23.795,23.107,0.688
Bengaluru,NOx,2019,09,2019-09,23.223,23.795,-0.572
Bengaluru,NOx,2019,10,2019-10,32.246,23.223,9.023
Bengaluru,NOx,2019,11,2019-11,36.483,32.246,4.237
Bengaluru,NOx,2019,12,2019-12,29.385,36.483,-7.098
Bengaluru,NOx,2020,01,2020-01,35.883,29.385,6.498
Bengaluru,NOx,2020,02,2020-02,32.972,35.883,-2.911
Bengaluru,NOx,2020,03,2020-03,23.149,32.972,-9.823
Bengaluru,NOx,2020,04,2020-04,13.224,23.149,-9.925
Bengaluru,NOx,2020,05,2020-05,15.595,13.224,2.371
Bengaluru,NOx,2020,06,2020-06,15.115,15.595,-0.48
Bengaluru,NOx,2020,07,2020-07,,15.115,
Bengaluru,O3,2015,01,2015-01,18.124,,
Bengaluru,O3,2015,02,2015-02,37.317,18.124,19.193
Bengaluru,O3,2015,03,2015-03,50.797,37.317,13.48
Bengaluru,O3,2015,04,2015-04,57.172,50.797,6.375
Bengaluru,O3,2015,05,2015-05,27.007,57.172,-30.165
Bengaluru,O3,2015,06,2015-06,18.959,27.007,-8.048
Bengaluru,O3,2015,07,2015-07,7.351,18.959,-11.608
Bengaluru,O3,2015,08,2015-08,6.25,7.351,-1.101
Bengaluru,O3,2015,09,2015-09,15.35,6.25,9.1
Bengaluru,O3,2015,10,2015-10,18.431,15.35,3.081
Bengaluru,O3,2015,11,2015-11,20.521,18.431,2.09
Bengaluru,O3,2015,12,2015-12,21.509,20.521,0.988
Bengaluru,O3,2016,01,2016-01,24.813,21.509,3.304
Bengaluru,O3,2016,02,2016-02,40.601,24.813,15.788
Bengaluru,O3,2016,03,2016-03,48.106,40.601,7.505
Bengaluru,O3,2016,04,2016-04,51.731,48.106,3.625
Bengaluru,O3,2016,05,2016-05,45.849,51.731,-5.882
Bengaluru,O3,2016,06,2016-06,36.815,45.849,-9.034
Bengaluru,O3,2016,07,2016-07,43.677,36.815,6.862
Bengaluru,O3,2016,08,2016-08,23.82,43.677,-19.857
Bengaluru,O3,2016,09,2016-09,23.188,23.82,-0.632
Bengaluru,O3,2016,10,2016-10,21.447,23.188,-1.741
Bengaluru,O3,2016,11,2016-11,39.609,21.447,18.162
Bengaluru,O3,2016,12,2016-12,21.36,39.609,-18.249
Bengaluru,O3,2017,01,2017-01,41.67,21.36,20.31
Bengaluru,O3,2017,02,2017-02,40.416,41.67,-1.254
Bengaluru,O3,2017,03,2017-03,35.072,40.416,-5.344
Bengaluru,O3,2017,04,2017-04,51.501,35.072,16.429
Bengaluru,O3,2017,05,2017-05,23.088,51.501,-28.413
Bengaluru,O3,2017,06,2017-06,12.973,23.088,-10.115
Bengaluru,O3,2017,07,2017-07,28.525,12.973,15.552
Bengaluru,O3,2017,08,2017-08,24.383,28.525,-4.142
Bengaluru,O3,2017,09,2017-09,20.431,24.383,-3.952
Bengaluru,O3,2017,10,2017-10,26.793,20.431,6.362
Bengaluru,O3,2017,11,2017-11,27.834,26.793,1.041
Bengaluru,O3,2017,12,2017-12,17.872,27.834,-9.962
Bengaluru,O3,2018,01,2018-01,57.49,17.872,39.618
Bengaluru,O3,2018,02,2018-02,39.998,57.49,-17.492
Bengaluru,O3,2018,03,2018-03,38.233,39.998,-1.765
Bengaluru,O3,2018,04,2018-04,46.649,38.233,8.416
Bengaluru,O3,2018,05,2018-05,36.288,46.649,-10.361
Bengaluru,O3,2018,06,2018-06,16.131,36.288,-20.157
Bengaluru,O3,2018,07,2018-07,16.11,16.131,-0.021
Bengaluru,O3,2018,08,2018-08,13.059,16.11,-3.051
Bengaluru,O3,2018,09,2018-09,20.579,13.059,7.52
Bengaluru,O3,2018,10,2018-10,23.502,20.579,2.923
Bengaluru,O3,2018,11,2018-11,28.444,23.502,4.942
Bengaluru,O3,2018,12,2018-12,52.906,28.444,24.462
Bengaluru,O3,2019,01,2019-01,56.949,52.906,4.043
Bengaluru,O3,2019,02,2019-02,55.422,56.949,-1.527
Bengaluru,O3,2019,03,2019-03,56.366,55.422,0.944
Bengaluru,O3,2019,04,2019-04,53.429,56.366,-2.937
Bengaluru,O3,2019,05,2019-05,51.274,53.429,-2.155
Bengaluru,O3,2019,06,2019-06,36.914,51.274,-14.36
Bengaluru,O3,2019,07,2019-07,27.81,36.914,-9.104
Bengaluru,O3,2019,08,2019-08,19.411,27.81,-8.399
Bengaluru,O3,2019,09,2019-09,27.198,19.411,7.787
Bengaluru,O3,2019,10,2019-10,28.931,27.198,1.733
Bengaluru,O3,2019,11,2019-11,36.551,28.931,7.62
Bengaluru,O3,2019,12,2019-12,35.06,36.551,-1.491
Bengaluru,O3,2020,01,2020-01,39.278,35.06,4.218
Bengaluru,O3,2020,02,2020-02,40.93,39.278,1.652
Bengaluru,O3,2020,03,2020-03,44.946,40.93,4.016
Bengaluru,O3,2020,04,2020-04,40.517,44.946,-4.429
Bengaluru,O3,2020,05,2020-05,32.435,40.517,-8.082
Bengaluru,O3,2020,06,2020-06,16.245,32.435,-16.19
Bengaluru,O3,2020,07,2020-07,,16.245,
Bengaluru,PM10,2015,01,2015-01,,,
Bengaluru,PM10,2015,02,2015-02,,,
Bengaluru,PM10,2015,03,2015-03,,,
Bengaluru,PM10,2015,04,2015-04,,,
Bengaluru,PM10,2015,05,2015-05,,,
Bengaluru,PM10,2015,06,2015-06,,,
Bengaluru,PM10,2015,07,2015-07,,,
Bengaluru,PM10,2015,08,2015-08,,,
Bengaluru,PM10,2015,09,2015-09,,,
Bengaluru,PM10,2015,10,2015-10,,,
Bengaluru,PM10,2015,11,2015-11,51.563,,
Bengaluru,PM10,2015,12,2015-12,73.331,51.563,21.768
Bengaluru,PM10,2016,01,2016-01,113.333,73.331,40.002
Bengaluru,PM10,2016,02,2016-02,132.697,113.333,19.364
Bengaluru,PM10,2016,03,2016-03,158.401,132.697,25.704
Bengaluru,PM10,2016,04,2016-04,150.225,158.401,-8.176
Bengaluru,PM10,2016,05,2016-05,43.092,150.225,-107.133
Bengaluru,PM10,2016,06,2016-06,41.879,43.092,-1.213
Bengaluru,PM10,2016,07,2016-07,44.419,41.879,2.54
Bengaluru,PM10,2016,08,2016-08,53.408,44.419,8.989
Bengaluru,PM10,2016,09,2016-09,68.615,53.408,15.207
Bengaluru,PM10,2016,10,2016-10,131.596,68.615,62.981
Bengaluru,PM10,2016,11,2016-11,136.796,131.596,5.2
Bengaluru,PM10,2016,12,2016-12,131.203,136.796,-5.593
Bengaluru,PM10,2017,01,2017-01,111.397,131.203,-19.806
Bengaluru,PM10,2017,02,2017-02,95.865,111.397,-15.532
Bengaluru,PM10,2017,03,2017-03,91.229,95.865,-4.636
Bengaluru,PM10,2017,04,2017-04,90.278,91.229,-0.951
Bengaluru,PM10,2017,05,2017-05,65.927,90.278,-24.351
Bengaluru,PM10,2017,06,2017-06,84.425,65.927,18.498
Bengaluru,PM10,2017,07,2017-07,98.462,84.425,14.037
Bengaluru,PM10,2017,08,2017-08,81.112,98.462,-17.35
Bengaluru,PM10,2017,09,2017-09,81.724,81.112,0.612
Bengaluru,PM10,2017,10,2017-10,92.973,81.724,11.249
Bengaluru,PM10,2017,11,2017-11,59.517,92.973,-33.456
Bengaluru,PM10,2017,12,2017-12,71.411,59.517,11.894
Bengaluru,PM10,2018,01,2018-01,100.316,71.411,28.905
Bengaluru,PM10,2018,02,2018-02,74.297,100.316,-26.019
Bengaluru,PM10,2018,03,2018-03,100.549,74.297,26.252
Bengaluru,PM10,2018,04,2018-04,79.788,100.549,-20.761
Bengaluru,PM10,2018,05,2018-05,58.435,79.788,-21.353
Bengaluru,PM10,2018,06,2018-06,49.892,58.435,-8.543
Bengaluru,PM10,2018,07,2018-07,56.049,49.892,6.157
Bengaluru,PM10,2018,08,2018-08,59.188,56.049,3.139
Bengaluru,PM10,2018,09,2018-09,69.284,59.188,10.096
Bengaluru,PM10,2018,10,2018-10,94.316,69.284,25.032
Bengaluru,PM10,2018,11,2018-11,91.376,94.316,-2.94
Bengaluru,PM10,2018,12,2018-12,106.599,91.376,15.223
Bengaluru,PM10,2019,01,2019-01,102.306,106.599,-4.293
Bengaluru,PM10,2019,02,2019-02,97.486,102.306,-4.82
Bengaluru,PM10,2019,03,2019-03,109.819,97.486,12.333
Bengaluru,PM10,2019,04,2019-04,99.07,109.819,-10.749
Bengaluru,PM10,2019,05,2019-05,88.254,99.07,-10.816
Bengaluru,PM10,2019,06,2019-06,54.627,88.254,-33.627
Bengaluru,PM10,2019,07,2019-07,53.673,54.627,-0.954
Bengaluru,PM10,2019,08,2019-08,45.026,53.673,-8.647
Bengaluru,PM10,2019,09,2019-09,52.048,45.026,7.022
Bengaluru,PM10,2019,10,2019-10,54.186,52.048,2.138
Bengaluru,PM10,2019,11,2019-11,80.773,54.186,26.587
Bengaluru,PM10,2019,12,2019-12,71.765,80.773,-9.008
Bengaluru,PM10,2020,01,2020-01,83.495,71.765,11.73
Bengaluru,PM10,2020,02,2020-02,92.37,83.495,8.875
Bengaluru,PM10,2020,03,2020-03,79.966,92.37,-12.404
Bengaluru,PM10,2020,04,2020-04,46.863,79.966,-33.103
Bengaluru,PM10,2020,05,2020-05,59.759,46.863,12.896
Bengaluru,PM10,2020,06,2020-06,41.063,59.759,-18.696
Bengaluru,PM10,2020,07,2020-07,,41.063,
Bengaluru,PM2.5,2015,01,2015-01,,,
Bengaluru,PM2.5,2015,02,2015-02,,,
Bengaluru,PM2.5,2015,03,2015-03,48.128,,
Bengaluru,PM2.5,2015,04,2015-04,27.469,48.128,-20.659
Bengaluru,PM2.5,2015,05,2015-05,33.549,27.469,6.08
Bengaluru,PM2.5,2015,06,2015-06,18.317,33.549,-15.232
Bengaluru,PM2.5,2015,07,2015-07,21.025,18.317,2.708
Bengaluru,PM2.5,2015,08,2015-08,21.113,21.025,0.088
Bengaluru,PM2.5,2015,09,2015-09,20.229,21.113,-0.884
Bengaluru,PM2.5,2015,10,2015-10,31.424,20.229,11.195
Bengaluru,PM2.5,2015,11,2015-11,31.744,31.424,0.32
Bengaluru,PM2.5,2015,12,2015-12,46.011,31.744,14.267
Bengaluru,PM2.5,2016,01,2016-01,67.895,46.011,21.884
Bengaluru,PM2.5,2016,02,2016-02,69.77,67.895,1.875
Bengaluru,PM2.5,2016,03,2016-03,63.098,69.77,-6.672
Bengaluru,PM2.5,2016,04,2016-04,40.963,63.098,-22.135
Bengaluru,PM2.5,2016,05,2016-05,34.142,40.963,-6.821
Bengaluru,PM2.5,2016,06,2016-06,32.16,34.142,-1.982
Bengaluru,PM2.5,2016,07,2016-07,24.367,32.16,-7.793
Bengaluru,PM2.5,2016,08,2016-08,34.982,24.367,10.615
Bengaluru,PM2.5,2016,09,2016-09,34.277,34.982,-0.705
Bengaluru,PM2.5,2016,10,2016-10,48.459,34.277,14.182
Bengaluru,PM2.5,2016,11,2016-11,50.65,48.459,2.191
Bengaluru,PM2.5,2016,12,2016-12,41.65,50.65,-9.0
Bengaluru,PM2.5,2017,01,2017-01,32.824,41.65,-8.826
Bengaluru,PM2.5,2017,02,2017-02,38.543,32.824,5.719
Bengaluru,PM2.5,2017,03,2017-03,37.084,38.543,-1.459
Bengaluru,PM2.5,2017,04,2017-04,35.405,37.084,-1.679
Bengaluru,PM2.5,2017,05,2017-05,28.429,35.405,-6.976
Bengaluru,PM2.5,2017,06,2017-06,23.722,28.429,-4.707
Bengaluru,PM2.5,2017,07,2017-07,24.749,23.722,1.027
Bengaluru,PM2.5,2017,08,2017-08,20.824,24.749,-3.925
Bengaluru,PM2.5,2017,09,2017-09,25.802,20.824,4.978
Bengaluru,PM2.5,2017,10,2017-10,39.632,25.802,13.83
Bengaluru,PM2.5,2017,11,2017-11,34.62,39.632,-5.012
Bengaluru,PM2.5,2017,12,2017-12,65.08,34.62,30.46
Bengaluru,PM2.5,2018,01,2018-01,38.425,65.08,-26.655
Bengaluru,PM2.5,2018,02,2018-02,29.885,38.425,-8.54
Bengaluru,PM2.5,2018,03,2018-03,35.023,29.885,5.138
Bengaluru,PM2.5,2018,04,2018-04,50.864,35.023,15.841
Bengaluru,PM2.5,2018,05,2018-05,42.818,50.864,-8.046
Bengaluru,PM2.5,2018,06,2018-06,25.44,42.818,-17.378
Bengaluru,PM2.5,2018,07,2018-07,19.727,25.44,-5.713
Bengaluru,PM2.5,2018,08,2018-08,19.12,19.727,-0.607
Bengaluru,PM2.5,2018,09,2018-09,25.099,19.12,5.979
Bengaluru,PM2.5,2018,10,2018-10,36.834,25.099,11.735
Bengaluru,PM2.5,2018,11,2018-11,45.174,36.834,8.34
Bengaluru,PM2.5,2018,12,2018-12,56.349,45.174,11.175
Bengaluru,PM2.5,2019,01,2019-01,54.725,56.349,-1.624
Bengaluru,PM2.5,2019,02,2019-02,45.544,54.725,-9.181
Bengaluru,PM2.5,2019,03,2019-03,48.905,45.544,3.361
Bengaluru,PM2.5,2019,04,2019-04,49.287,48.905,0.382
Bengaluru,PM2.5,2019,05,2019-05,40.169,49.287,-9.118
Bengaluru,PM2.5,2019,06,2019-06,23.319,40.169,-16.85
Bengaluru,PM2.5,2019,07,2019-07,21.327,23.319,-1.992
Bengaluru,PM2.5,2019,08,2019-08,17.168,21.327,-4.159
Bengaluru,PM2.5,2019,09,2019-09,22.512,17.168,5.344
Bengaluru,PM2.5,2019,10,2019-10,27.418,22.512,4.906
Bengaluru,PM2.5,2019,11,2019-11,40.261,27.418,12.843
Bengaluru,PM2.5,2019,12,2019-12,35.258,40.261,-5.003
Bengaluru,PM2.5,2020,01,2020-01,39.314,35.258,4.056
Bengaluru,PM2.5,2020,02,2020-02,41.607,39.314,2.293
Bengaluru,PM2.5,2020,03,2020-03,38.193,41.607,-3.414
Bengaluru,PM2.5,2020,04,2020-04,24.931,38.193,-13.262
Bengaluru,PM2.5,2020,05,2020-05,21.27,24.931,-3.661
Bengaluru,PM2.5,2020,06,2020-06,18.036,21.27,-3.234
Bengaluru,PM2.5,2020,07,2020-07,,18.036,
Bengaluru,SO2,2015,01,2015-01,17.776,,
Bengaluru,SO2,2015,02,2015-02,7.651,17.776,-10.125
Bengaluru,SO2,2015,03,2015-03,9.527,7.651,1.876
Bengaluru,SO2,2015,04,2015-04,9.702,9.527,0.175
Bengaluru,SO2,2015,05,2015-05,5.291,9.702,-4.411
Bengaluru,SO2,2015,06,2015-06,6.589,5.291,1.298
Bengaluru,SO2,2015,07,2015-07,4.044,6.589,-2.545
Bengaluru,SO2,2015,08,2015-08,3.021,4.044,-1.023
Bengaluru,SO2,2015,09,2015-09,2.52,3.021,-0.501
Bengaluru,SO2,2015,10,2015-10,3.132,2.52,0.612
Bengaluru,SO2,2015,11,2015-11,2.796,3.132,-0.336
Bengaluru,SO2,2015,12,2015-12,5.655,2.796,2.859
Bengaluru,SO2,2016,01,2016-01,11.996,5.655,6.341
Bengaluru,SO2,2016,02,2016-02,5.416,11.996,-6.58
Bengaluru,SO2,2016,03,2016-03,3.216,5.416,-2.2
Bengaluru,SO2,2016,04,2016-04,3.767,3.216,0.551
Bengaluru,SO2,2016,05,2016-05,4.277,3.767,0.51
Bengaluru,SO2,2016,06,2016-06,2.703,4.277,-1.574
Bengaluru,SO2,2016,07,2016-07,2.615,2.703,-0.088
Bengaluru,SO2,2016,08,2016-08,2.915,2.615,0.3
Bengaluru,SO2,2016,09,2016-09,4.209,2.915,1.294
Bengaluru,SO2,2016,10,2016-10,5.927,4.209,1.718
Bengaluru,SO2,2016,11,2016-11,5.006,5.927,-0.921
Bengaluru,SO2,2016,12,2016-12,5.007,5.006,0.001
Bengaluru,SO2,2017,01,2017-01,5.29,5.007,0.283
Bengaluru,SO2,2017,02,2017-02,7.394,5.29,2.104
Bengaluru,SO2,2017,03,2017-03,6.045,7.394,-1.349
Bengaluru,SO2,2017,04,2017-04,4.032,6.045,-2.013
Bengaluru,SO2,2017,05,2017-05,4.702,4.032,0.67
Bengaluru,SO2,2017,06,2017-06,5.196,4.702,0.494
Bengaluru,SO2,2017,07,2017-07,5.198,5.196,0.002
Bengaluru,SO2,2017,08,2017-08,5.001,5.198,-0.197
Bengaluru,SO2,2017,09,2017-09,5.199,5.001,0.198
Bengaluru,SO2,2017,10,2017-10,4.698,5.199,-0.501
Bengaluru,SO2,2017,11,2017-11,3.718,4.698,-0.98
Bengaluru,SO2,2017,12,2017-12,3.674,3.718,-0.044
Bengaluru,SO2,2018,01,2018-01,4.39,3.674,0.716
Bengaluru,SO2,2018,02,2018-02,4.061,4.39,-0.329
Bengaluru,SO2,2018,03,2018-03,3.676,4.061,-0.385
Bengaluru,SO2,2018,04,2018-04,3.865,3.676,0.189
Bengaluru,SO2,2018,05,2018-05,5.124,3.865,1.259
Bengaluru,SO2,2018,06,2018-06,4.868,5.124,-0.256
Bengaluru,SO2,2018,07,2018-07,7.277,4.868,2.409
Bengaluru,SO2,2018,08,2018-08,6.667,7.277,-0.61
Bengaluru,SO2,2018,09,2018-09,7.406,6.667,0.739
Bengaluru,SO2,2018,10,2018-10,6.736,7.406,-0.67
Bengaluru,SO2,2018,11,2018-11,6.058,6.736,-0.678
Bengaluru,SO2,2018,12,2018-12,6.072,6.058,0.014
Bengaluru,SO2,2019,01,2019-01,5.853,6.072,-0.219
Bengaluru,SO2,2019,02,2019-02,4.931,5.853,-0.922
Bengaluru,SO2,2019,03,2019-03,5.93,4.931,0.999
Bengaluru,SO2,2019,04,2019-04,5.294,5.93,-0.636
Bengaluru,SO2,2019,05,2019-05,4.348,5.294,-0.946
Bengaluru,SO2,2019,06,2019-06,5.343,4.348,0.995
Bengaluru,SO2,2019,07,2019-07,5.196,5.343,-0.147
Bengaluru,SO2,2019,08,2019-08,4.345,5.196,-0.851
Bengaluru,SO2,2019,09,2019-09,5.229,4.345,0.884
Bengaluru,SO2,2019,10,2019-10,4.994,5.229,-0.235
Bengaluru,SO2,2019,11,2019-11,6.107,4.994,1.113
Bengaluru,SO2,2019,12,2019-12,6.622,6.107,0.515
Bengaluru,SO2,2020,01,2020-01,7.581,6.622,0.959
Bengaluru,SO2,2020,02,2020-02,7.236,7.581,-0.345
Bengaluru,SO2,2020,03,2020-03,6.867,7.236,-0.369
Bengaluru,SO2,2020,04,2020-04,5.991,6.867,-0.876
Bengaluru,SO2,2020,05,2020-05,6.476,5.991,0.485
Bengaluru,SO2,2020,06,2020-06,7.102,6.476,0.626
Bengaluru,SO2,2020,07,2020-07,,7.102,
Bengaluru,Toluene,2015,01,2015-01,12.25,,
Bengaluru,Toluene,2015,02,2015-02,5.536,12.25,-6.714
Bengaluru,Toluene,2015,03,2015-03,43.678,5.536,38.142
Bengaluru,Toluene,2015,04,2015-04,7.087,43.678,-36.591
Bengaluru,Toluene,2015,05,2015-05,3.945,7.087,-3.142
Bengaluru,Toluene,2015,06,2015-06,2.149,3.945,-1.796
Bengaluru,Toluene,2015,07,2015-07,4.17,2.149,2.021
Bengaluru,Toluene,2015,08,2015-08,35.494,4.17,31.324
Bengaluru,Toluene,2015,09,2015-09,2.52,35.494,-32.974
Bengaluru,Toluene,2015,10,2015-10,2.33,2.52,-0.19
Bengaluru,Toluene,2015,11,2015-11,4.64,2.33,2.31
Bengaluru,Toluene,2015,12,2015-12,1.536,4.64,-3.104
Bengaluru,Toluene,2016,01,2016-01,0.729,1.536,-0.807
Bengaluru,Toluene,2016,02,2016-02,0.536,0.729,-0.193
Bengaluru,Toluene,2016,03,2016-03,1.23,0.536,0.694
Bengaluru,Toluene,2016,04,2016-04,3.378,1.23,2.148
Bengaluru,Toluene,2016,05,2016-05,5.278,3.378,1.9
Bengaluru,Toluene,2016,06,2016-06,2.315,5.278,-2.963
Bengaluru,Toluene,2016,07,2016-07,1.21,2.315,-1.105
Bengaluru,Toluene,2016,08,2016-08,0.859,1.21,-0.351
Bengaluru,Toluene,2016,09,2016-09,2.21,0.859,1.351
Bengaluru,Toluene,2016,10,2016-10,1.745,2.21,-0.465
Bengaluru,Toluene,2016,11,2016-11,2.973,1.745,1.228
Bengaluru,Toluene,2016,12,2016-12,4.703,2.973,1.73
Bengaluru,Toluene,2017,01,2017-01,2.403,4.703,-2.3
Bengaluru,Toluene,2017,02,2017-02,2.717,2.403,0.314
Bengaluru,Toluene,2017,03,2017-03,2.135,2.717,-0.582
Bengaluru,Toluene,2017,04,2017-04,1.714,2.135,-0.421
Bengaluru,Toluene,2017,05,2017-05,1.006,1.714,-0.708
Bengaluru,Toluene,2017,06,2017-06,0.761,1.006,-0.245
Bengaluru,Toluene,2017,07,2017-07,0.98,0.761,0.219
Bengaluru,Toluene,2017,08,2017-08,1.19,0.98,0.21
Bengaluru,Toluene,2017,09,2017-09,1.313,1.19,0.123
Bengaluru,Toluene,2017,10,2017-10,1.658,1.313,0.345
Bengaluru,Toluene,2017,11,2017-11,0.087,1.658,-1.571
Bengaluru,Toluene,2017,12,2017-12,0.986,0.087,0.899
Bengaluru,Toluene,2018,01,2018-01,0.379,0.986,-0.607
Bengaluru,Toluene,2018,02,2018-02,0.987,0.379,0.608
Bengaluru,Toluene,2018,03,2018-03,0.925,0.987,-0.062
Bengaluru,Toluene,2018,04,2018-04,1.128,0.925,0.203
Bengaluru,Toluene,2018,05,2018-05,1.114,1.128,-0.014
Bengaluru,Toluene,2018,06,2018-06,1.335,1.114,0.221
Bengaluru,Toluene,2018,07,2018-07,3.407,1.335,2.072
Bengaluru,Toluene,2018,08,2018-08,2.574,3.407,-0.833
Bengaluru,Toluene,2018,09,2018-09,2.471,2.574,-0.103
Bengaluru,Toluene,2018,10,2018-10,2.16,2.471,-0.311
Bengaluru,Toluene,2018,11,2018-11,2.268,2.16,0.108
Bengaluru,Toluene,2018,12,2018-12,2.182,2.268,-0.086
Bengaluru,Toluene,2019,01,2019-01,1.678,2.182,-0.504
Bengaluru,Toluene,2019,02,2019-02,2.927,1.678,1.249
Bengaluru,Toluene,2019,03,2019-03,4.862,2.927,1.935
Bengaluru,Toluene,2019,04,2019-04,3.318,4.862,-1.544
Bengaluru,Toluene,2019,05,2019-05,2.751,3.318,-0.567
Bengaluru,Toluene,2019,06,2019-06,2.152,2.751,-0.599
Bengaluru,Toluene,2019,07,2019-07,1.535,2.152,-0.617
Bengaluru,Toluene,2019,08,2019-08,1.744,1.535,0.209
Bengaluru,Toluene,2019,09,2019-09,1.81,1.744,0.066
Bengaluru,Toluene,2019,10,2019-10,2.888,1.81,1.078
Bengaluru,Toluene,2019,11,2019-11,8.249,2.888,5.361
Bengaluru,Toluene,2019,12,2019-12,33.248,8.249,24.999
Bengaluru,Toluene,2020,01,2020-01,11.489,33.248,-21.759
Bengaluru,Toluene,2020,02,2020-02,1.811,11.489,-9.678
Bengaluru,Toluene,2020,03,2020-03,1.525,1.811,-0.286
Bengaluru,Toluene,2020,04,2020-04,4.98,1.525,3.455
Bengaluru,Toluene,2020,05,2020-05,1.648,4.98,-3.332
Bengaluru,Toluene,2020,06,2020-06,1.917,1.648,0.269
Bengaluru,Toluene,2020,07,2020-07,,1.917,
Bengaluru,Xylene,2015,01,2015-01,,,
Bengaluru,Xylene,2015,02,2015-02,,,
Bengaluru,Xylene,2015,03,2015-03,,,
Bengaluru,Xylene,2015,04,2015-04,,,
Bengaluru,Xylene,2015,05,2015-05,,,
Bengaluru,Xylene,2015,06,2015-06,,,
Bengaluru,Xylene,2015,07,2015-07,,,
Bengaluru,Xylene,2015,08,2015-08,,,
Bengaluru,Xylene,2015,09,2015-09,,,
Bengaluru,Xylene,2015,10,2015-10,,,
Bengaluru,Xylene,2015,11,2015-11,,,
Bengaluru,Xylene,2015,12,2015-12,,,
Bengaluru,Xylene,2016,01,2016-01,,,
Bengaluru,Xylene,2016,02,2016-02,,,
Bengaluru,Xylene,2016,03,2016-03,,,
Bengaluru,Xylene,2016,04,2016-04,,,
Bengaluru,Xylene,2016,05,2016-05,,,
Bengaluru,Xylene,2016,06,2016-06,,,
Bengaluru,Xylene,2016,07,2016-07,,,
Bengaluru,Xylene,2016,08,2016-08,,,
Bengaluru,Xylene,2016,09,2016-09,,,
Bengaluru,Xylene,2016,10,2016-10,,,
Bengaluru,Xylene,2016,11,2016-11,,,
Bengaluru,Xylene,2016,12,2016-12,,,
Bengaluru,Xylene,2017,01,2017-01,,,
Bengaluru,Xylene,2017,02,2017-02,,,
Bengaluru,Xylene,2017,03,2017-03,,,
Bengaluru,Xylene,2017,04,2017-04,,,
Bengaluru,Xylene,2017,05,2017-05,,,
Bengaluru,Xylene,2017,06,2017-06,,,
Bengaluru,Xylene,2017,07,2017-07,,,
Bengaluru,Xylene,2017,08,2017-08,,,
Bengaluru,Xylene,2017,09,2017-09,,,
Bengaluru,Xylene,2017,10,2017-10,,,
Bengaluru,Xylene,2017,11,2017-11,,,
Bengaluru,Xylene,2017,12,2017-12,,,
Bengaluru,Xylene,2018,01,2018-01,,,
Bengaluru,Xylene,2018,02,2018-02,,,
Bengaluru,Xylene,2018,03,2018-03,,,
Bengaluru,Xylene,2018,04,2018-04,,,
Bengaluru,Xylene,2018,05,2018-05,,,
Bengaluru,Xylene,2018,06,2018-06,,,
Bengaluru,Xylene,2018,07,2018-07,,,
Bengaluru,Xylene,2018,08,2018-08,,,
Bengaluru,Xylene,2018,09,2018-09,,,
Bengaluru,Xylene,2018,10,2018-10,,,
Bengaluru,Xylene,2018,11,2018-11,,,
Bengaluru,Xylene,2018,12,2018-12,,,
Bengaluru,Xylene,2019,01,2019-01,,,
Bengaluru,Xylene,2019,02,2019-02,,,
Bengaluru,Xylene,2019,03,2019-03,,,
Bengaluru,Xylene,2019,04,2019-04,,,
Bengaluru,Xylene,2019,05,2019-05,,,
Bengaluru,Xylene,2019,06,2019-06,,,
Bengaluru,Xylene,2019,07,2019-07,,,
Bengaluru,Xylene,2019,08,2019-08,,,
Bengaluru,Xylene,2019,09,2019-09,,,
Bengaluru,Xylene,2019,10,2019-10,,,
Bengaluru,Xylene,2019,11,2019-11,,,
Bengaluru,Xylene,2019,12,2019-12,,,
Bengaluru,Xylene,2020,01,2020-01,,,
Bengaluru,Xylene,2020,02,2020-02,,,
Bengaluru,Xylene,2020,03,2020-03,,,
Bengaluru,Xylene,2020,04,2020-04,,,
Bengaluru,Xylene,2020,05,2020-05,,,
Bengaluru,Xylene,2020,06,2020-06,,,
Bengaluru,Xylene,2020,07,2020-07,,,
Chennai,Benzene,2015,01,2015-01,1.295,,
Chennai,Benzene,2015,02,2015-02,,1.295,
Chennai,Benzene,2015,03,2015-03,7.863,,
Chennai,Benzene,2015,04,2015-04,6.385,7.863,-1.478
Chennai,Benzene,2015,05,2015-05,2.204,6.385,-4.181
Chennai,Benzene,2015,06,2015-06,1.307,2.204,-0.897
Chennai,Benzene,2015,07,2015-07,1.004,1.307,-0.303
Chennai,Benzene,2015,08,2015-08,13.605,1.004,12.601
Chennai,Benzene,2015,09,2015-09,,13.605,
Chennai,Benzene,2015,10,2015-10,2.637,,
Chennai,Benzene,2015,11,2015-11,,2.637,
Chennai,Benzene,2015,12,2015-12,,,
Chennai,Benzene,2016,01,2016-01,7.58,,
Chennai,Benzene,2016,02,2016-02,5.628,7.58,-1.952
Chennai,Benzene,2016,03,2016-03,2.111,5.628,-3.517
Chennai,Benzene,2016,04,2016-04,2.07,2.111,-0.041
Chennai,Benzene,2016,05,2016-05,1.711,2.07,-0.359
Chennai,Benzene,2016,06,2016-06,3.395,1.711,1.684
Chennai,Benzene,2016,07,2016-07,2.166,3.395,-1.229
Chennai,Benzene,2016,08,2016-08,1.332,2.166,-0.834
Chennai,Benzene,2016,09,2016-09,1.052,1.332,-0.28
Chennai,Benzene,2016,10,2016-10,1.003,1.052,-0.049
Chennai,Benzene,2016,11,2016-11,0.367,1.003,-0.636
Chennai,Benzene,2016,12,2016-12,0.165,0.367,-0.202
Chennai,Benzene,2017,01,2017-01,0.183,0.165,0.018
Chennai,Benzene,2017,02,2017-02,0.12,0.183,-0.063
Chennai,Benzene,2017,03,2017-03,0.337,0.12,0.217
Chennai,Benzene,2017,04,2017-04,0.075,0.337,-0.262
Chennai,Benzene,2017,05,2017-05,0.213,0.075,0.138
Chennai,Benzene,2017,06,2017-06,0.021,0.213,-0.192
Chennai,Benzene,2017,07,2017-07,0.074,0.021,0.053
Chennai,Benzene,2017,08,2017-08,0.053,0.074,-0.021
Chennai,Benzene,2017,09,2017-09,0.096,0.053,0.043
Chennai,Benzene,2017,10,2017-10,0.056,0.096,-0.04
Chennai,Benzene,2017,11,2017-11,0.349,0.056,0.293
Chennai,Benzene,2017,12,2017-12,1.689,0.349,1.34
Chennai,Benzene,2018,01,2018-01,1.548,1.689,-0.141
Chennai,Benzene,2018,02,2018-02,0.958,1.548,-0.59
Chennai,Benzene,2018,03,2018-03,0.955,0.958,-0.003
Chennai,Benzene,2018,04,2018-04,1.386,0.955,0.431
Chennai,Benzene,2018,05,2018-05,0.892,1.386,-0.494
Chennai,Benzene,2018,06,2018-06,0.05,0.892,-0.842
Chennai,Benzene,2018,07,2018-07,0.086,0.05,0.036
Chennai,Benzene,2018,08,2018-08,0.015,0.086,-0.071
Chennai,Benzene,2018,09,2018-09,0.021,0.015,0.006
Chennai,Benzene,2018,10,2018-10,0.147,0.021,0.126
Chennai,Benzene,2018,11,2018-11,0.108,0.147,-0.039
Chennai,Benzene,2018,12,2018-12,0.144,0.108,0.036
Chennai,Benzene,2019,01,2019-01,0.157,0.144,0.013
Chennai,Benzene,2019,02,2019-02,0.027,0.157,-0.13
Chennai,Benzene,2019,03,2019-03,0.024,0.027,-0.003
Chennai,Benzene,2019,04,2019-04,0.099,0.024,0.075
Chennai,Benzene,2019,05,2019-05,0.155,0.099,0.056
Chennai,Benzene,2019,06,2019-06,0.088,0.155,-0.067
Chennai,Benzene,2019,07,2019-07,0.551,0.088,0.463
Chennai,Benzene,2019,08,2019-08,0.966,0.551,0.415
Chennai,Benzene,2019,09,2019-09,0.836,0.966,-0.13
Chennai,Benzene,2019,10,2019-10,0.056,0.836,-0.78
Chennai,Benzene,2019,11,2019-11,0.107,0.056,0.051
Chennai,Benzene,2019,12,2019-12,1.605,0.107,1.498
Chennai,Benzene,2020,01,2020-01,1.502,1.605,-0.103
Chennai,Benzene,2020,02,2020-02,1.649,1.502,0.147
Chennai,Benzene,2020,03,2020-03,2.496,1.649,0.847
Chennai,Benzene,2020,04,2020-04,0.315,2.496,-2.181
Chennai,Benzene,2020,05,2020-05,0.173,0.315,-0.142
Chennai,Benzene,2020,06,2020-06,0.095,0.173,-0.078
Chennai,Benzene,2020,07,2020-07,,0.095,
Chennai,CO,2015,01,2015-01,1.323,,
Chennai,CO,2015,02,2015-02,2.015,1.323,0.692
Chennai,CO,2015,03,2015-03,3.36,2.015,1.345
Chennai,CO,2015,04,2015-04,4.062,3.36,0.702
Chennai,CO,2015,05,2015-05,3.945,4.062,-0.117
Chennai,CO,2015,06,2015-06,2.078,3.945,-1.867
Chennai,CO,2015,07,2015-07,3.242,2.078,1.164
Chennai,CO,2015,08,2015-08,1.687,3.242,-1.555
Chennai,CO,2015,09,2015-09,1.878,1.687,0.191
Chennai,CO,2015,10,2015-10,1.806,1.878,-0.072
Chennai,CO,2015,11,2015-11,1.536,1.806,-0.27
Chennai,CO,2015,12,2015-12,1.573,1.536,0.037
Chennai,CO,2016,01,2016-01,1.526,1.573,-0.047
Chennai,CO,2016,02,2016-02,1.367,1.526,-0.159
Chennai,CO,2016,03,2016-03,1.053,1.367,-0.314
Chennai,CO,2016,04,2016-04,0.894,1.053,-0.159
Chennai,CO,2016,05,2016-05,1.253,0.894,0.359
Chennai,CO,2016,06,2016-06,1.694,1.253,0.441
Chennai,CO,2016,07,2016-07,1.187,1.694,-0.507
Chennai,CO,2016,08,2016-08,1.626,1.187,0.439
Chennai,CO,2016,09,2016-09,2.901,1.626,1.275
Chennai,CO,2016,10,2016-10,0.158,2.901,-2.743
Chennai,CO,2016,11,2016-11,0.066,0.158,-0.092
Chennai,CO,2016,12,2016-12,0.088,0.066,0.022
Chennai,CO,2017,01,2017-01,0.042,0.088,-0.046
Chennai,CO,2017,02,2017-02,0.062,0.042,0.02
Chennai,CO,2017,03,2017-03,0.033,0.062,-0.029
Chennai,CO,2017,04,2017-04,0.041,0.033,0.008
Chennai,CO,2017,05,2017-05,0.116,0.041,0.075
Chennai,CO,2017,06,2017-06,0.036,0.116,-0.08
Chennai,CO,2017,07,2017-07,0.055,0.036,0.019
Chennai,CO,2017,08,2017-08,0.34,0.055,0.285
Chennai,CO,2017,09,2017-09,0.251,0.34,-0.089
Chennai,CO,2017,10,2017-10,0.584,0.251,0.333
Chennai,CO,2017,11,2017-11,0.785,0.584,0.201
Chennai,CO,2017,12,2017-12,0.288,0.785,-0.497
Chennai,CO,2018,01,2018-01,0.607,0.288,0.319
Chennai,CO,2018,02,2018-02,0.846,0.607,0.239
Chennai,CO,2018,03,2018-03,0.937,0.846,0.091
Chennai,CO,2018,04,2018-04,0.823,0.937,-0.114
Chennai,CO,2018,05,2018-05,0.955,0.823,0.132
Chennai,CO,2018,06,2018-06,0.803,0.955,-0.152
Chennai,CO,2018,07,2018-07,0.813,0.803,0.01
Chennai,CO,2018,08,2018-08,0.812,0.813,-0.001
Chennai,CO,2018,09,2018-09,0.855,0.812,0.043
Chennai,CO,2018,10,2018-10,0.957,0.855,0.102
Chennai,CO,2018,11,2018-11,1.014,0.957,0.057
Chennai,CO,2018,12,2018-12,1.023,1.014,0.009
Chennai,CO,2019,01,2019-01,0.933,1.023,-0.09
Chennai,CO,2019,02,2019-02,0.985,0.933,0.052
Chennai,CO,2019,03,2019-03,0.787,0.985,-0.198
Chennai,CO,2019,04,2019-04,1.019,0.787,0.232
Chennai,CO,2019,05,2019-05,1.051,1.019,0.032
Chennai,CO,2019,06,2019-06,1.02,1.051,-0.031
Chennai,CO,2019,07,2019-07,0.873,1.02,-0.147
Chennai,CO,2019,08,2019-08,0.745,0.873,-0.128
Chennai,CO,2019,09,2019-09,0.868,0.745,0.123
Chennai,CO,2019,10,2019-10,0.821,0.868,-0.047
Chennai,CO,2019,11,2019-11,0.659,0.821,-0.162
Chennai,CO,2019,12,2019-12,0.621,0.659,-0.038
Chennai,CO,2020,01,2020-01,0.845,0.621,0.224
Chennai,CO,2020,02,2020-02,0.818,0.845,-0.027
Chennai,CO,2020,03,2020-03,0.701,0.818,-0.117
Chennai,CO,2020,04,2020-04,0.619,0.701,-0.082
Chennai,CO,2020,05,2020-05,0.856,0.619,0.237
Chennai,CO,2020,06,2020-06,1.082,0.856,0.226
Chennai,CO,2020,07,2020-07,,1.082,
Chennai,NH3,2015,01,2015-01,5.179,,
Chennai,NH3,2015,02,2015-02,63.478,5.179,58.299
Chennai,NH3,2015,03,2015-03,18.103,63.478,-45.375
Chennai,NH3,2015,04,2015-04,11.426,18.103,-6.677
Chennai,NH3,2015,05,2015-05,39.23,11.426,27.804
Chennai,NH3,2015,06,2015-06,54.666,39.23,15.436
Chennai,NH3,2015,07,2015-07,48.93,54.666,-5.736
Chennai,NH3,2015,08,2015-08,36.444,48.93,-12.486
Chennai,NH3,2015,09,2015-09,24.576,36.444,-11.868
Chennai,NH3,2015,10,2015-10,38.844,24.576,14.268
Chennai,NH3,2015,11,2015-11,114.874,38.844,76.03
Chennai,NH3,2015,12,2015-12,188.172,114.874,73.298
Chennai,NH3,2016,01,2016-01,144.918,188.172,-43.254
Chennai,NH3,2016,02,2016-02,1.492,144.918,-143.426
Chennai,NH3,2016,03,2016-03,95.146,1.492,93.654
Chennai,NH3,2016,04,2016-04,112.896,95.146,17.75
Chennai,NH3,2016,05,2016-05,113.497,112.896,0.601
Chennai,NH3,2016,06,2016-06,68.809,113.497,-44.688
Chennai,NH3,2016,07,2016-07,99.117,68.809,30.308
Chennai,NH3,2016,08,2016-08,106.725,99.117,7.608
Chennai,NH3,2016,09,2016-09,,106.725,
Chennai,NH3,2016,10,2016-10,,,
Chennai,NH3,2016,11,2016-11,,,
Chennai,NH3,2016,12,2016-12,,,
Chennai,NH3,2017,01,2017-01,,,
Chennai,NH3,2017,02,2017-02,,,
Chennai,NH3,2017,03,2017-03,,,
Chennai,NH3,2017,04,2017-04,,,
Chennai,NH3,2017,05,2017-05,,,
Chennai,NH3,2017,06,2017-06,,,
Chennai,NH3,2017,07,2017-07,,,
Chennai,NH3,2017,08,2017-08,,,
Chennai,NH3,2017,09,2017-09,37.516,,
Chennai,NH3,2017,10,2017-10,103.725,37.516,66.209
Chennai,NH3,2017,11,2017-11,204.871,103.725,101.146
Chennai,NH3,2017,12,2017-12,207.135,204.871,2.264
Chennai,NH3,2018,01,2018-01,125.232,207.135,-81.903
Chennai,NH3,2018,02,2018-02,105.272,125.232,-19.96
Chennai,NH3,2018,03,2018-03,41.73,105.272,-63.542
Chennai,NH3,2018,04,2018-04,45.311,41.73,3.581
Chennai,NH3,2018,05,2018-05,58.996,45.311,13.685
Chennai,NH3,2018,06,2018-06,28.175,58.996,-30.821
Chennai,NH3,2018,07,2018-07,51.652,28.175,23.477
Chennai,NH3,2018,08,2018-08,38.66,51.652,-12.992
Chennai,NH3,2018,09,2018-09,31.173,38.66,-7.487
Chennai,NH3,2018,10,2018-10,71.311,31.173,40.138
Chennai,NH3,2018,11,2018-11,83.093,71.311,11.782
Chennai,NH3,2018,12,2018-12,39.429,83.093,-43.664
Chennai,NH3,2019,01,2019-01,64.331,39.429,24.902
Chennai,NH3,2019,02,2019-02,57.872,64.331,-6.459
Chennai,NH3,2019,03,2019-03,27.23,57.872,-30.642
Chennai,NH3,2019,04,2019-04,2.406,27.23,-24.824
Chennai,NH3,2019,05,2019-05,21.906,2.406,19.5
Chennai,NH3,2019,06,2019-06,17.158,21.906,-4.748
Chennai,NH3,2019,07,2019-07,34.622,17.158,17.464
Chennai,NH3,2019,08,2019-08,34.71,34.622,0.088
Chennai,NH3,2019,09,2019-09,24.968,34.71,-9.742
Chennai,NH3,2019,10,2019-10,38.746,24.968,13.778
Chennai,NH3,2019,11,2019-11,48.342,38.746,9.596
Chennai,NH3,2019,12,2019-12,98.797,48.342,50.455
Chennai,NH3,2020,01,2020-01,52.057,98.797,-46.74
Chennai,NH3,2020,02,2020-02,53.01,52.057,0.953
Chennai,NH3,2020,03,2020-03,49.521,53.01,-3.489
Chennai,NH3,2020,04,2020-04,43.952,49.521,-5.569
Chennai,NH3,2020,05,2020-05,38.244,43.952,-5.708
Chennai,NH3,2020,06,2020-06,38.092,38.244,-0.152
Chennai,NH3,2020,07,2020-07,,38.092,
Chennai,NO,2015,01,2015-01,26.784,,
Chennai,NO,2015,02,2015-02,11.0,26.784,-15.784
Chennai,NO,2015,03,2015-03,18.95,11.0,7.95
Chennai,NO,2015,04,2015-04,21.997,18.95,3.047
Chennai,NO,2015,05,2015-05,14.536,21.997,-7.461
Chennai,NO,2015,06,2015-06,4.975,14.536,-9.561
Chennai,NO,2015,07,2015-07,6.715,4.975,1.74
Chennai,NO,2015,08,2015-08,8.862,6.715,2.147
Chennai,NO,2015,09,2015-09,10.689,8.862,1.827
Chennai,NO,2015,10,2015-10,13.792,10.689,3.103
Chennai,NO,2015,11,2015-11,7.004,13.792,-6.788
Chennai,NO,2015,12,2015-12,7.743,7.004,0.739
Chennai,NO,2016,01,2016-01,7.001,7.743,-0.742
Chennai,NO,2016,02,2016-02,8.429,7.001,1.428
Chennai,NO,2016,03,2016-03,5.792,8.429,-2.637
Chennai,NO,2016,04,2016-04,6.218,5.792,0.426
Chennai,NO,2016,05,2016-05,5.081,6.218,-1.137
Chennai,NO,2016,06,2016-06,6.548,5.081,1.467
Chennai,NO,2016,07,2016-07,6.397,6.548,-0.151
Chennai,NO,2016,08,2016-08,6.429,6.397,0.032
Chennai,NO,2016,09,2016-09,7.797,6.429,1.368
Chennai,NO,2016,10,2016-10,6.838,7.797,-0.959
Chennai,NO,2016,11,2016-11,4.967,6.838,-1.871
Chennai,NO,2016,12,2016-12,5.649,4.967,0.682
Chennai,NO,2017,01,2017-01,5.868,5.649,0.219
Chennai,NO,2017,02,2017-02,7.309,5.868,1.441
Chennai,NO,2017,03,2017-03,3.794,7.309,-3.515
Chennai,NO,2017,04,2017-04,3.105,3.794,-0.689
Chennai,NO,2017,05,2017-05,4.444,3.105,1.339
Chennai,NO,2017,06,2017-06,7.247,4.444,2.803
Chennai,NO,2017,07,2017-07,8.039,7.247,0.792
Chennai,NO,2017,08,2017-08,5.724,8.039,-2.315
Chennai,NO,2017,09,2017-09,7.004,5.724,1.28
Chennai,NO,2017,10,2017-10,9.847,7.004,2.843
Chennai,NO,2017,11,2017-11,10.111,9.847,0.264
Chennai,NO,2017,12,2017-12,10.459,10.111,0.348
Chennai,NO,2018,01,2018-01,11.12,10.459,0.661
Chennai,NO,2018,02,2018-02,11.081,11.12,-0.039
Chennai,NO,2018,03,2018-03,10.114,11.081,-0.967
Chennai,NO,2018,04,2018-04,16.177,10.114,6.063
Chennai,NO,2018,05,2018-05,15.837,16.177,-0.34
Chennai,NO,2018,06,2018-06,10.042,15.837,-5.795
Chennai,NO,2018,07,2018-07,9.141,10.042,-0.901
Chennai,NO,2018,08,2018-08,9.904,9.141,0.763
Chennai,NO,2018,09,2018-09,10.84,9.904,0.936
Chennai,NO,2018,10,2018-10,11.772,10.84,0.932
Chennai,NO,2018,11,2018-11,11.036,11.772,-0.736
Chennai,NO,2018,12,2018-12,10.08,11.036,-0.956
Chennai,NO,2019,01,2019-01,6.41,10.08,-3.67
Chennai,NO,2019,02,2019-02,6.024,6.41,-0.386
Chennai,NO,2019,03,2019-03,15.626,6.024,9.602
Chennai,NO,2019,04,2019-04,7.1,15.626,-8.526
Chennai,NO,2019,05,2019-05,10.463,7.1,3.363
Chennai,NO,2019,06,2019-06,9.009,10.463,-1.454
Chennai,NO,2019,07,2019-07,7.857,9.009,-1.152
Chennai,NO,2019,08,2019-08,8.204,7.857,0.347
Chennai,NO,2019,09,2019-09,5.9,8.204,-2.304
Chennai,NO,2019,10,2019-10,10.408,5.9,4.508
Chennai,NO,2019,11,2019-11,9.332,10.408,-1.076
Chennai,NO,2019,12,2019-12,7.163,9.332,-2.169
Chennai,NO,2020,01,2020-01,8.738,7.163,1.575
Chennai,NO,2020,02,2020-02,9.084,8.738,0.346
Chennai,NO,2020,03,2020-03,8.435,9.084,-0.649
Chennai,NO,2020,04,2020-04,6.526,8.435,-1.909
Chennai,NO,2020,05,2020-05,6.446,6.526,-0.08
Chennai,NO,2020,06,2020-06,9.087,6.446,2.641
Chennai,NO,2020,07,2020-07,,9.087,
Chennai,NO2,2015,01,2015-01,29.71,,
Chennai,NO2,2015,02,2015-02,14.333,29.71,-15.377
Chennai,NO2,2015,03,2015-03,26.361,14.333,12.028
Chennai,NO2,2015,04,2015-04,29.99,26.361,3.629
Chennai,NO2,2015,05,2015-05,23.551,29.99,-6.439
Chennai,NO2,2015,06,2015-06,15.608,23.551,-7.943
Chennai,NO2,2015,07,2015-07,19.275,15.608,3.667
Chennai,NO2,2015,08,2015-08,15.407,19.275,-3.868
Chennai,NO2,2015,09,2015-09,13.498,15.407,-1.909
Chennai,NO2,2015,10,2015-10,13.882,13.498,0.384
Chennai,NO2,2015,11,2015-11,12.236,13.882,-1.646
Chennai,NO2,2015,12,2015-12,11.405,12.236,-0.831
Chennai,NO2,2016,01,2016-01,15.936,11.405,4.531
Chennai,NO2,2016,02,2016-02,12.465,15.936,-3.471
Chennai,NO2,2016,03,2016-03,10.084,12.465,-2.381
Chennai,NO2,2016,04,2016-04,12.282,10.084,2.198
Chennai,NO2,2016,05,2016-05,16.559,12.282,4.277
Chennai,NO2,2016,06,2016-06,13.798,16.559,-2.761
Chennai,NO2,2016,07,2016-07,13.656,13.798,-0.142
Chennai,NO2,2016,08,2016-08,12.546,13.656,-1.11
Chennai,NO2,2016,09,2016-09,19.818,12.546,7.272
Chennai,NO2,2016,10,2016-10,25.058,19.818,5.24
Chennai,NO2,2016,11,2016-11,23.938,25.058,-1.12
Chennai,NO2,2016,12,2016-12,26.21,23.938,2.272
Chennai,NO2,2017,01,2017-01,13.961,26.21,-12.249
Chennai,NO2,2017,02,2017-02,14.626,13.961,0.665
Chennai,NO2,2017,03,2017-03,11.272,14.626,-3.354
Chennai,NO2,2017,04,2017-04,10.676,11.272,-0.596
Chennai,NO2,2017,05,2017-05,14.061,10.676,3.385
Chennai,NO2,2017,06,2017-06,12.14,14.061,-1.921
Chennai,NO2,2017,07,2017-07,14.155,12.14,2.015
Chennai,NO2,2017,08,2017-08,11.203,14.155,-2.952
Chennai,NO2,2017,09,2017-09,12.357,11.203,1.154
Chennai,NO2,2017,10,2017-10,19.038,12.357,6.681
Chennai,NO2,2017,11,2017-11,23.503,19.038,4.465
Chennai,NO2,2017,12,2017-12,23.25,23.503,-0.253
Chennai,NO2,2018,01,2018-01,18.056,23.25,-5.194
Chennai,NO2,2018,02,2018-02,17.397,18.056,-0.659
Chennai,NO2,2018,03,2018-03,16.422,17.397,-0.975
Chennai,NO2,2018,04,2018-04,22.714,16.422,6.292
Chennai,NO2,2018,05,2018-05,33.69,22.714,10.976
Chennai,NO2,2018,06,2018-06,22.545,33.69,-11.145
Chennai,NO2,2018,07,2018-07,21.06,22.545,-1.485
Chennai,NO2,2018,08,2018-08,19.511,21.06,-1.549
Chennai,NO2,2018,09,2018-09,16.739,19.511,-2.772
Chennai,NO2,2018,10,2018-10,17.435,16.739,0.696
Chennai,NO2,2018,11,2018-11,17.844,17.435,0.409
Chennai,NO2,2018,12,2018-12,16.935,17.844,-0.909
Chennai,NO2,2019,01,2019-01,12.721,16.935,-4.214
Chennai,NO2,2019,02,2019-02,11.699,12.721,-1.022
Chennai,NO2,2019,03,2019-03,19.564,11.699,7.865
Chennai,NO2,2019,04,2019-04,12.796,19.564,-6.768
Chennai,NO2,2019,05,2019-05,17.339,12.796,4.543
Chennai,NO2,2019,06,2019-06,20.035,17.339,2.696
Chennai,NO2,2019,07,2019-07,18.879,20.035,-1.156
Chennai,NO2,2019,08,2019-08,17.785,18.879,-1.094
Chennai,NO2,2019,09,2019-09,13.002,17.785,-4.783
Chennai,NO2,2019,10,2019-10,17.889,13.002,4.887
Chennai,NO2,2019,11,2019-11,14.879,17.889,-3.01
Chennai,NO2,2019,12,2019-12,17.328,14.879,2.449
Chennai,NO2,2020,01,2020-01,15.766,17.328,-1.562
Chennai,NO2,2020,02,2020-02,13.747,15.766,-2.019
Chennai,NO2,2020,03,2020-03,9.533,13.747,-4.214
Chennai,NO2,2020,04,2020-04,8.776,9.533,-0.757
Chennai,NO2,2020,05,2020-05,7.926,8.776,-0.85
Chennai,NO2,2020,06,2020-06,11.839,7.926,3.913
Chennai,NO2,2020,07,2020-07,,11.839,
Chennai,NOx,2015,01,2015-01,13.236,,
Chennai,NOx,2015,02,2015-02,15.201,13.236,1.965
Chennai,NOx,2015,03,2015-03,14.693,15.201,-0.508
Chennai,NOx,2015,04,2015-04,15.159,14.693,0.466
Chennai,NOx,2015,05,2015-05,21.168,15.159,6.009
Chennai,NOx,2015,06,2015-06,15.993,21.168,-5.175
Chennai,NOx,2015,07,2015-07,17.9,15.993,1.907
Chennai,NOx,2015,08,2015-08,19.444,17.9,1.544
Chennai,NOx,2015,09,2015-09,18.267,19.444,-1.177
Chennai,NOx,2015,10,2015-10,19.491,18.267,1.224
Chennai,NOx,2015,11,2015-11,15.017,19.491,-4.474
Chennai,NOx,2015,12,2015-12,17.624,15.017,2.607
Chennai,NOx,2016,01,2016-01,17.36,17.624,-0.264
Chennai,NOx,2016,02,2016-02,13.127,17.36,-4.233
Chennai,NOx,2016,03,2016-03,10.8,13.127,-2.327
Chennai,NOx,2016,04,2016-04,11.613,10.8,0.813
Chennai,NOx,2016,05,2016-05,14.591,11.613,2.978
Chennai,NOx,2016,06,2016-06,15.387,14.591,0.796
Chennai,NOx,2016,07,2016-07,14.617,15.387,-0.77
Chennai,NOx,2016,08,2016-08,14.177,14.617,-0.44
Chennai,NOx,2016,09,2016-09,17.57,14.177,3.393
Chennai,NOx,2016,10,2016-10,14.878,17.57,-2.692
Chennai,NOx,2016,11,2016-11,14.673,14.878,-0.205
Chennai,NOx,2016,12,2016-12,16.425,14.673,1.752
Chennai,NOx,2017,01,2017-01,11.686,16.425,-4.739
Chennai,NOx,2017,02,2017-02,13.108,11.686,1.422
Chennai,NOx,2017,03,2017-03,9.349,13.108,-3.759
Chennai,NOx,2017,04,2017-04,8.56,9.349,-0.789
Chennai,NOx,2017,05,2017-05,9.742,8.56,1.182
Chennai,NOx,2017,06,2017-06,10.08,9.742,0.338
Chennai,NOx,2017,07,2017-07,11.148,10.08,1.068
Chennai,NOx,2017,08,2017-08,8.466,11.148,-2.682
Chennai,NOx,2017,09,2017-09,10.459,8.466,1.993
Chennai,NOx,2017,10,2017-10,16.06,10.459,5.601
Chennai,NOx,2017,11,2017-11,17.536,16.06,1.476
Chennai,NOx,2017,12,2017-12,17.883,17.536,0.347
Chennai,NOx,2018,01,2018-01,15.657,17.883,-2.226
Chennai,NOx,2018,02,2018-02,14.811,15.657,-0.846
Chennai,NOx,2018,03,2018-03,13.664,14.811,-1.147
Chennai,NOx,2018,04,2018-04,19.686,13.664,6.022
Chennai,NOx,2018,05,2018-05,27.774,19.686,8.088
Chennai,NOx,2018,06,2018-06,17.665,27.774,-10.109
Chennai,NOx,2018,07,2018-07,16.018,17.665,-1.647
Chennai,NOx,2018,08,2018-08,23.402,16.018,7.384
Chennai,NOx,2018,09,2018-09,27.56,23.402,4.158
Chennai,NOx,2018,10,2018-10,28.872,27.56,1.312
Chennai,NOx,2018,11,2018-11,27.822,28.872,-1.05
Chennai,NOx,2018,12,2018-12,26.127,27.822,-1.695
Chennai,NOx,2019,01,2019-01,18.697,26.127,-7.43
Chennai,NOx,2019,02,2019-02,17.495,18.697,-1.202
Chennai,NOx,2019,03,2019-03,30.084,17.495,12.589
Chennai,NOx,2019,04,2019-04,20.194,30.084,-9.89
Chennai,NOx,2019,05,2019-05,24.359,20.194,4.165
Chennai,NOx,2019,06,2019-06,23.191,24.359,-1.168
Chennai,NOx,2019,07,2019-07,26.492,23.191,3.301
Chennai,NOx,2019,08,2019-08,24.373,26.492,-2.119
Chennai,NOx,2019,09,2019-09,17.193,24.373,-7.18
Chennai,NOx,2019,10,2019-10,23.747,17.193,6.554
Chennai,NOx,2019,11,2019-11,22.033,23.747,-1.714
Chennai,NOx,2019,12,2019-12,24.045,22.033,2.012
Chennai,NOx,2020,01,2020-01,23.79,24.045,-0.255
Chennai,NOx,2020,02,2020-02,21.563,23.79,-2.227
Chennai,NOx,2020,03,2020-03,17.033,21.563,-4.53
Chennai,NOx,2020,04,2020-04,13.529,17.033,-3.504
Chennai,NOx,2020,05,2020-05,13.756,13.529,0.227
Chennai,NOx,2020,06,2020-06,19.783,13.756,6.027
Chennai,NOx,2020,07,2020-07,,19.783,
Chennai,O3,2015,01,2015-01,22.485,,
Chennai,O3,2015,02,2015-02,32.957,22.485,10.472
Chennai,O3,2015,03,2015-03,49.592,32.957,16.635
Chennai,O3,2015,04,2015-04,25.898,49.592,-23.694
Chennai,O3,2015,05,2015-05,31.765,25.898,5.867
Chennai,O3,2015,06,2015-06,40.929,31.765,9.164
Chennai,O3,2015,07,2015-07,31.719,40.929,-9.21
Chennai,O3,2015,08,2015-08,15.559,31.719,-16.16
Chennai,O3,2015,09,2015-09,27.301,15.559,11.742
Chennai,O3,2015,10,2015-10,31.075,27.301,3.774
Chennai,O3,2015,11,2015-11,52.724,31.075,21.649
Chennai,O3,2015,12,2015-12,32.503,52.724,-20.221
Chennai,O3,2016,01,2016-01,27.998,32.503,-4.505
Chennai,O3,2016,02,2016-02,31.27,27.998,3.272
Chennai,O3,2016,03,2016-03,28.685,31.27,-2.585
Chennai,O3,2016,04,2016-04,32.531,28.685,3.846
Chennai,O3,2016,05,2016-05,45.055,32.531,12.524
Chennai,O3,2016,06,2016-06,33.758,45.055,-11.297
Chennai,O3,2016,07,2016-07,17.473,33.758,-16.285
Chennai,O3,2016,08,2016-08,22.944,17.473,5.471
Chennai,O3,2016,09,2016-09,22.629,22.944,-0.315
Chennai,O3,2016,10,2016-10,49.163,22.629,26.534
Chennai,O3,2016,11,2016-11,39.236,49.163,-9.927
Chennai,O3,2016,12,2016-12,33.134,39.236,-6.102
Chennai,O3,2017,01,2017-01,38.428,33.134,5.294
Chennai,O3,2017,02,2017-02,34.532,38.428,-3.896
Chennai,O3,2017,03,2017-03,22.789,34.532,-11.743
Chennai,O3,2017,04,2017-04,32.701,22.789,9.912
Chennai,O3,2017,05,2017-05,44.201,32.701,11.5
Chennai,O3,2017,06,2017-06,28.765,44.201,-15.436
Chennai,O3,2017,07,2017-07,23.022,28.765,-5.743
Chennai,O3,2017,08,2017-08,25.016,23.022,1.994
Chennai,O3,2017,09,2017-09,31.288,25.016,6.272
Chennai,O3,2017,10,2017-10,28.157,31.288,-3.131
Chennai,O3,2017,11,2017-11,23.175,28.157,-4.982
Chennai,O3,2017,12,2017-12,37.145,23.175,13.97
Chennai,O3,2018,01,2018-01,39.851,37.145,2.706
Chennai,O3,2018,02,2018-02,31.244,39.851,-8.607
Chennai,O3,2018,03,2018-03,28.429,31.244,-2.815
Chennai,O3,2018,04,2018-04,33.109,28.429,4.68
Chennai,O3,2018,05,2018-05,35.057,33.109,1.948
Chennai,O3,2018,06,2018-06,30.551,35.057,-4.506
Chennai,O3,2018,07,2018-07,19.561,30.551,-10.99
Chennai,O3,2018,08,2018-08,12.88,19.561,-6.681
Chennai,O3,2018,09,2018-09,28.61,12.88,15.73
Chennai,O3,2018,10,2018-10,23.036,28.61,-5.574
Chennai,O3,2018,11,2018-11,26.288,23.036,3.252
Chennai,O3,2018,12,2018-12,32.063,26.288,5.775
Chennai,O3,2019,01,2019-01,41.06,32.063,8.997
Chennai,O3,2019,02,2019-02,34.059,41.06,-7.001
Chennai,O3,2019,03,2019-03,25.987,34.059,-8.072
Chennai,O3,2019,04,2019-04,14.304,25.987,-11.683
Chennai,O3,2019,05,2019-05,31.745,14.304,17.441
Chennai,O3,2019,06,2019-06,45.337,31.745,13.592
Chennai,O3,2019,07,2019-07,29.154,45.337,-16.183
Chennai,O3,2019,08,2019-08,42.859,29.154,13.705
Chennai,O3,2019,09,2019-09,49.069,42.859,6.21
Chennai,O3,2019,10,2019-10,42.654,49.069,-6.415
Chennai,O3,2019,11,2019-11,37.336,42.654,-5.318
Chennai,O3,2019,12,2019-12,28.996,37.336,-8.34
Chennai,O3,2020,01,2020-01,29.705,28.996,0.709
Chennai,O3,2020,02,2020-02,28.165,29.705,-1.54
Chennai,O3,2020,03,2020-03,31.816,28.165,3.651
Chennai,O3,2020,04,2020-04,36.497,31.816,4.681
Chennai,O3,2020,05,2020-05,46.672,36.497,10.175
Chennai,O3,2020,06,2020-06,58.941,46.672,12.269
Chennai,O3,2020,07,2020-07,,58.941,
Chennai,PM10,2015,01,2015-01,,,
Chennai,PM10,2015,02,2015-02,,,
Chennai,PM10,2015,03,2015-03,,,
Chennai,PM10,2015,04,2015-04,,,
Chennai,PM10,2015,05,2015-05,,,
Chennai,PM10,2015,06,2015-06,,,
Chennai,PM10,2015,07,2015-07,,,
Chennai,PM10,2015,08,2015-08,,,
Chennai,PM10,2015,09,2015-09,,,
Chennai,PM10,2015,10,2015-10,,,
Chennai,PM10,2015,11,2015-11,,,
Chennai,PM10,2015,12,2015-12,,,
Chennai,PM10,2016,01,2016-01,,,
Chennai,PM10,2016,02,2016-02,,,
Chennai,PM10,2016,03,2016-03,,,
Chennai,PM10,2016,04,2016-04,,,
Chennai,PM10,2016,05,2016-05,,,
Chennai,PM10,2016,06,2016-06,,,
Chennai,PM10,2016,07,2016-07,,,
Chennai,PM10,2016,08,2016-08,,,
Chennai,PM10,2016,09,2016-09,,,
Chennai,PM10,2016,10,2016-10,,,
Chennai,PM10,2016,11,2016-11,,,
Chennai,PM10,2016,12,2016-12,,,
Chennai,PM10,2017,01,2017-01,,,
Chennai,PM10,2017,02,2017-02,,,
Chennai,PM10,2017,03,2017-03,,,
Chennai,PM10,2017,04,2017-04,,,
Chennai,PM10,2017,05,2017-05,,,
Chennai,PM10,2017,06,2017-06,,,
Chennai,PM10,2017,07,2017-07,,,
Chennai,PM10,2017,08,2017-08,,,
Chennai,PM10,2017,09,2017-09,,,
Chennai,PM10,2017,10,2017-10,,,
Chennai,PM10,2017,11,2017-11,,,
Chennai,PM10,2017,12,2017-12,,,
Chennai,PM10,2018,01,2018-01,,,
Chennai,PM10,2018,02,2018-02,,,
Chennai,PM10,2018,03,2018-03,,,
Chennai,PM10,2018,04,2018-04,,,
Chennai,PM10,2018,05,2018-05,,,
Chennai,PM10,2018,06,2018-06,,,
Chennai,PM10,2018,07,2018-07,,,
Chennai,PM10,2018,08,2018-08,,,
Chennai,PM10,2018,09,2018-09,,,
Chennai,PM10,2018,10,2018-10,,,
Chennai,PM10,2018,11,2018-11,,,
Chennai,PM10,2018,12,2018-12,,,
Chennai,PM10,2019,01,2019-01,,,
Chennai,PM10,2019,02,2019-02,,,
Chennai,PM10,2019,03,2019-03,,,
Chennai,PM10,2019,04,2019-04,,,
Chennai,PM10,2019,05,2019-05,,,
Chennai,PM10,2019,06,2019-06,52.316,,
Chennai,PM10,2019,07,2019-07,30.982,52.316,-21.334
Chennai,PM10,2019,08,2019-08,33.587,30.982,2.605
Chennai,PM10,2019,09,2019-09,47.988,33.587,14.401
Chennai,PM10,2019,10,2019-10,60.436,47.988,12.448
Chennai,PM10,2019,11,2019-11,99.869,60.436,39.433
Chennai,PM10,2019,12,2019-12,61.258,99.869,-38.611
Chennai,PM10,2020,01,2020-01,66.602,61.258,5.344
Chennai,PM10,2020,02,2020-02,65.317,66.602,-1.285
Chennai,PM10,2020,03,2020-03,56.931,65.317,-8.386
Chennai,PM10,2020,04,2020-04,185.821,56.931,128.89
Chennai,PM10,2020,05,2020-05,230.278,185.821,44.457
Chennai,PM10,2020,06,2020-06,42.809,230.278,-187.469
Chennai,PM10,2020,07,2020-07,,42.809,
Chennai,PM2.5,2015,01,2015-01,,,
Chennai,PM2.5,2015,02,2015-02,,,
Chennai,PM2.5,2015,03,2015-03,150.756,,
Chennai,PM2.5,2015,04,2015-04,74.796,150.756,-75.96
Chennai,PM2.5,2015,05,2015-05,82.661,74.796,7.865
Chennai,PM2.5,2015,06,2015-06,69.567,82.661,-13.094
Chennai,PM2.5,2015,07,2015-07,59.865,69.567,-9.702
Chennai,PM2.5,2015,08,2015-08,53.68,59.865,-6.185
Chennai,PM2.5,2015,09,2015-09,35.453,53.68,-18.227
Chennai,PM2.5,2015,10,2015-10,48.967,35.453,13.514
Chennai,PM2.5,2015,11,2015-11,39.73,48.967,-9.237
Chennai,PM2.5,2015,12,2015-12,55.922,39.73,16.192
Chennai,PM2.5,2016,01,2016-01,56.397,55.922,0.475
Chennai,PM2.5,2016,02,2016-02,72.564,56.397,16.167
Chennai,PM2.5,2016,03,2016-03,70.686,72.564,-1.878
Chennai,PM2.5,2016,04,2016-04,59.277,70.686,-11.409
Chennai,PM2.5,2016,05,2016-05,56.55,59.277,-2.727
Chennai,PM2.5,2016,06,2016-06,47.481,56.55,-9.069
Chennai,PM2.5,2016,07,2016-07,40.213,47.481,-7.268
Chennai,PM2.5,2016,08,2016-08,35.258,40.213,-4.955
Chennai,PM2.5,2016,09,2016-09,31.992,35.258,-3.266
Chennai,PM2.5,2016,10,2016-10,66.12,31.992,34.128
Chennai,PM2.5,2016,11,2016-11,70.271,66.12,4.151
Chennai,PM2.5,2016,12,2016-12,59.846,70.271,-10.425
Chennai,PM2.5,2017,01,2017-01,70.792,59.846,10.946
Chennai,PM2.5,2017,02,2017-02,62.582,70.792,-8.21
Chennai,PM2.5,2017,03,2017-03,60.3,62.582,-2.282
Chennai,PM2.5,2017,04,2017-04,57.565,60.3,-2.735
Chennai,PM2.5,2017,05,2017-05,57.311,57.565,-0.254
Chennai,PM2.5,2017,06,2017-06,43.548,57.311,-13.763
Chennai,PM2.5,2017,07,2017-07,54.125,43.548,10.577
Chennai,PM2.5,2017,08,2017-08,42.295,54.125,-11.83
Chennai,PM2.5,2017,09,2017-09,40.23,42.295,-2.065
Chennai,PM2.5,2017,10,2017-10,50.231,40.23,10.001
Chennai,PM2.5,2017,11,2017-11,43.467,50.231,-6.764
Chennai,PM2.5,2017,12,2017-12,55.7,43.467,12.233
Chennai,PM2.5,2018,01,2018-01,75.99,55.7,20.29
Chennai,PM2.5,2018,02,2018-02,57.041,75.99,-18.949
Chennai,PM2.5,2018,03,2018-03,52.099,57.041,-4.942
Chennai,PM2.5,2018,04,2018-04,33.741,52.099,-18.358
Chennai,PM2.5,2018,05,2018-05,39.211,33.741,5.47
Chennai,PM2.5,2018,06,2018-06,53.541,39.211,14.33
Chennai,PM2.5,2018,07,2018-07,51.472,53.541,-2.069
Chennai,PM2.5,2018,08,2018-08,43.241,51.472,-8.231
Chennai,PM2.5,2018,09,2018-09,47.005,43.241,3.764
Chennai,PM2.5,2018,10,2018-10,49.961,47.005,2.956
Chennai,PM2.5,2018,11,2018-11,55.976,49.961,6.015
Chennai,PM2.5,2018,12,2018-12,66.3,55.976,10.324
Chennai,PM2.5,2019,01,2019-01,62.089,66.3,-4.211
Chennai,PM2.5,2019,02,2019-02,52.948,62.089,-9.141
Chennai,PM2.5,2019,03,2019-03,51.381,52.948,-1.567
Chennai,PM2.5,2019,04,2019-04,34.409,51.381,-16.972
Chennai,PM2.5,2019,05,2019-05,44.653,34.409,10.244
Chennai,PM2.5,2019,06,2019-06,49.134,44.653,4.481
Chennai,PM2.5,2019,07,2019-07,41.289,49.134,-7.845
Chennai,PM2.5,2019,08,2019-08,26.19,41.289,-15.099
Chennai,PM2.5,2019,09,2019-09,28.723,26.19,2.533
Chennai,PM2.5,2019,10,2019-10,39.087,28.723,10.364
Chennai,PM2.5,2019,11,2019-11,54.879,39.087,15.792
Chennai,PM2.5,2019,12,2019-12,43.068,54.879,-11.811
Chennai,PM2.5,2020,01,2020-01,44.23,43.068,1.162
Chennai,PM2.5,2020,02,2020-02,37.013,44.23,-7.217
Chennai,PM2.5,2020,03,2020-03,31.877,37.013,-5.136
Chennai,PM2.5,2020,04,2020-04,15.453,31.877,-16.424
Chennai,PM2.5,2020,05,2020-05,18.9,15.453,3.447
Chennai,PM2.5,2020,06,2020-06,29.448,18.9,10.548
Chennai,PM2.5,2020,07,2020-07,,29.448,
Chennai,SO2,2015,01,2015-01,15.247,,
Chennai,SO2,2015,02,2015-02,7.432,15.247,-7.815
Chennai,SO2,2015,03,2015-03,8.857,7.432,1.425
Chennai,SO2,2015,04,2015-04,4.944,8.857,-3.913
Chennai,SO2,2015,05,2015-05,11.508,4.944,6.564
Chennai,SO2,2015,06,2015-06,10.398,11.508,-1.11
Chennai,SO2,2015,07,2015-07,11.397,10.398,0.999
Chennai,SO2,2015,08,2015-08,14.194,11.397,2.797
Chennai,SO2,2015,09,2015-09,12.411,14.194,-1.783
Chennai,SO2,2015,10,2015-10,9.846,12.411,-2.565
Chennai,SO2,2015,11,2015-11,5.684,9.846,-4.162
Chennai,SO2,2015,12,2015-12,3.11,5.684,-2.574
Chennai,SO2,2016,01,2016-01,3.5,3.11,0.39
Chennai,SO2,2016,02,2016-02,3.977,3.5,0.477
Chennai,SO2,2016,03,2016-03,3.793,3.977,-0.184
Chennai,SO2,2016,04,2016-04,3.619,3.793,-0.174
Chennai,SO2,2016,05,2016-05,4.489,3.619,0.87
Chennai,SO2,2016,06,2016-06,4.149,4.489,-0.34
Chennai,SO2,2016,07,2016-07,3.973,4.149,-0.176
Chennai,SO2,2016,08,2016-08,4.491,3.973,0.518
Chennai,SO2,2016,09,2016-09,3.386,4.491,-1.105
Chennai,SO2,2016,10,2016-10,7.413,3.386,4.027
Chennai,SO2,2016,11,2016-11,4.66,7.413,-2.753
Chennai,SO2,2016,12,2016-12,4.093,4.66,-0.567
Chennai,SO2,2017,01,2017-01,4.816,4.093,0.723
Chennai,SO2,2017,02,2017-02,3.825,4.816,-0.991
Chennai,SO2,2017,03,2017-03,3.402,3.825,-0.423
Chennai,SO2,2017,04,2017-04,5.629,3.402,2.227
Chennai,SO2,2017,05,2017-05,7.964,5.629,2.335
Chennai,SO2,2017,06,2017-06,5.417,7.964,-2.547
Chennai,SO2,2017,07,2017-07,4.934,5.417,-0.483
Chennai,SO2,2017,08,2017-08,4.967,4.934,0.033
Chennai,SO2,2017,09,2017-09,12.043,4.967,7.076
Chennai,SO2,2017,10,2017-10,12.117,12.043,0.074
Chennai,SO2,2017,11,2017-11,12.455,12.117,0.338
Chennai,SO2,2017,12,2017-12,11.941,12.455,-0.514
Chennai,SO2,2018,01,2018-01,15.764,11.941,3.823
Chennai,SO2,2018,02,2018-02,8.716,15.764,-7.048
Chennai,SO2,2018,03,2018-03,8.403,8.716,-0.313
Chennai,SO2,2018,04,2018-04,7.237,8.403,-1.166
Chennai,SO2,2018,05,2018-05,6.62,7.237,-0.617
Chennai,SO2,2018,06,2018-06,5.718,6.62,-0.902
Chennai,SO2,2018,07,2018-07,6.65,5.718,0.932
Chennai,SO2,2018,08,2018-08,9.867,6.65,3.217
Chennai,SO2,2018,09,2018-09,8.033,9.867,-1.834
Chennai,SO2,2018,10,2018-10,10.204,8.033,2.171
Chennai,SO2,2018,11,2018-11,9.775,10.204,-0.429
Chennai,SO2,2018,12,2018-12,10.646,9.775,0.871
Chennai,SO2,2019,01,2019-01,14.787,10.646,4.141
Chennai,SO2,2019,02,2019-02,12.799,14.787,-1.988
Chennai,SO2,2019,03,2019-03,9.268,12.799,-3.531
Chennai,SO2,2019,04,2019-04,6.579,9.268,-2.689
Chennai,SO2,2019,05,2019-05,6.293,6.579,-0.286
Chennai,SO2,2019,06,2019-06,6.244,6.293,-0.049
Chennai,SO2,2019,07,2019-07,5.551,6.244,-0.693
Chennai,SO2,2019,08,2019-08,7.047,5.551,1.496
Chennai,SO2,2019,09,2019-09,6.386,7.047,-0.661
Chennai,SO2,2019,10,2019-10,6.883,6.386,0.497
Chennai,SO2,2019,11,2019-11,7.232,6.883,0.349
Chennai,SO2,2019,12,2019-12,9.199,7.232,1.967
Chennai,SO2,2020,01,2020-01,14.273,9.199,5.074
Chennai,SO2,2020,02,2020-02,12.713,14.273,-1.56
Chennai,SO2,2020,03,2020-03,7.835,12.713,-4.878
Chennai,SO2,2020,04,2020-04,5.4,7.835,-2.435
Chennai,SO2,2020,05,2020-05,5.096,5.4,-0.304
Chennai,SO2,2020,06,2020-06,6.241,5.096,1.145
Chennai,SO2,2020,07,2020-07,,6.241,
Chennai,Toluene,2015,01,2015-01,3.935,,
Chennai,Toluene,2015,02,2015-02,7.22,3.935,3.285
Chennai,Toluene,2015,03,2015-03,8.508,7.22,1.288
Chennai,Toluene,2015,04,2015-04,6.545,8.508,-1.963
Chennai,Toluene,2015,05,2015-05,5.727,6.545,-0.818
Chennai,Toluene,2015,06,2015-06,2.606,5.727,-3.121
Chennai,Toluene,2015,07,2015-07,0.194,2.606,-2.412
Chennai,Toluene,2015,08,2015-08,10.201,0.194,10.007
Chennai,Toluene,2015,09,2015-09,,10.201,
Chennai,Toluene,2015,10,2015-10,0.367,,
Chennai,Toluene,2015,11,2015-11,,0.367,
Chennai,Toluene,2015,12,2015-12,,,
Chennai,Toluene,2016,01,2016-01,6.972,,
Chennai,Toluene,2016,02,2016-02,7.283,6.972,0.311
Chennai,Toluene,2016,03,2016-03,3.87,7.283,-3.413
Chennai,Toluene,2016,04,2016-04,4.651,3.87,0.781
Chennai,Toluene,2016,05,2016-05,5.815,4.651,1.164
Chennai,Toluene,2016,06,2016-06,11.313,5.815,5.498
Chennai,Toluene,2016,07,2016-07,6.681,11.313,-4.632
Chennai,Toluene,2016,08,2016-08,3.344,6.681,-3.337
Chennai,Toluene,2016,09,2016-09,2.74,3.344,-0.604
Chennai,Toluene,2016,10,2016-10,1.78,2.74,-0.96
Chennai,Toluene,2016,11,2016-11,0.526,1.78,-1.254
Chennai,Toluene,2016,12,2016-12,0.171,0.526,-0.355
Chennai,Toluene,2017,01,2017-01,0.039,0.171,-0.132
Chennai,Toluene,2017,02,2017-02,0.08,0.039,0.041
Chennai,Toluene,2017,03,2017-03,0.184,0.08,0.104
Chennai,Toluene,2017,04,2017-04,0.183,0.184,-0.001
Chennai,Toluene,2017,05,2017-05,0.267,0.183,0.084
Chennai,Toluene,2017,06,2017-06,0.027,0.267,-0.24
Chennai,Toluene,2017,07,2017-07,0.155,0.027,0.128
Chennai,Toluene,2017,08,2017-08,0.081,0.155,-0.074
Chennai,Toluene,2017,09,2017-09,0.256,0.081,0.175
Chennai,Toluene,2017,10,2017-10,0.13,0.256,-0.126
Chennai,Toluene,2017,11,2017-11,1.895,0.13,1.765
Chennai,Toluene,2017,12,2017-12,2.437,1.895,0.542
Chennai,Toluene,2018,01,2018-01,2.942,2.437,0.505
Chennai,Toluene,2018,02,2018-02,1.986,2.942,-0.956
Chennai,Toluene,2018,03,2018-03,1.827,1.986,-0.159
Chennai,Toluene,2018,04,2018-04,5.189,1.827,3.362
Chennai,Toluene,2018,05,2018-05,1.825,5.189,-3.364
Chennai,Toluene,2018,06,2018-06,4.005,1.825,2.18
Chennai,Toluene,2018,07,2018-07,2.848,4.005,-1.157
Chennai,Toluene,2018,08,2018-08,5.142,2.848,2.294
Chennai,Toluene,2018,09,2018-09,1.77,5.142,-3.372
Chennai,Toluene,2018,10,2018-10,3.742,1.77,1.972
Chennai,Toluene,2018,11,2018-11,0.564,3.742,-3.178
Chennai,Toluene,2018,12,2018-12,0.674,0.564,0.11
Chennai,Toluene,2019,01,2019-01,1.599,0.674,0.925
Chennai,Toluene,2019,02,2019-02,0.478,1.599,-1.121
Chennai,Toluene,2019,03,2019-03,1.219,0.478,0.741
Chennai,Toluene,2019,04,2019-04,1.537,1.219,0.318
Chennai,Toluene,2019,05,2019-05,0.484,1.537,-1.053
Chennai,Toluene,2019,06,2019-06,1.489,0.484,1.005
Chennai,Toluene,2019,07,2019-07,1.546,1.489,0.057
Chennai,Toluene,2019,08,2019-08,2.198,1.546,0.652
Chennai,Toluene,2019,09,2019-09,3.352,2.198,1.154
Chennai,Toluene,2019,10,2019-10,0.898,3.352,-2.454
Chennai,Toluene,2019,11,2019-11,2.025,0.898,1.127
Chennai,Toluene,2019,12,2019-12,0.169,2.025,-1.856
Chennai,Toluene,2020,01,2020-01,0.072,0.169,-0.097
Chennai,Toluene,2020,02,2020-02,0.022,0.072,-0.05
Chennai,Toluene,2020,03,2020-03,0.09,0.022,0.068
Chennai,Toluene,2020,04,2020-04,0.002,0.09,-0.088
Chennai,Toluene,2020,05,2020-05,0.025,0.002,0.023
Chennai,Toluene,2020,06,2020-06,0.033,0.025,0.008
Chennai,Toluene,2020,07,2020-07,,0.033,
Chennai,Xylene,2015,01,2015-01,,,
Chennai,Xylene,2015,02,2015-02,,,
Chennai,Xylene,2015,03,2015-03,,,
Chennai,Xylene,2015,04,2015-04,,,
Chennai,Xylene,2015,05,2015-05,,,
Chennai,Xylene,2015,06,2015-06,,,
Chennai,Xylene,2015,07,2015-07,,,
Chennai,Xylene,2015,08,2015-08,,,
Chennai,Xylene,2015,09,2015-09,,,
Chennai,Xylene,2015,10,2015-10,,,
Chennai,Xylene,2015,11,2015-11,,,
Chennai,Xylene,2015,12,2015-12,,,
Chennai,Xylene,2016,01,2016-01,,,
Chennai,Xylene,2016,02,2016-02,,,
Chennai,Xylene,2016,03,2016-03,,,
Chennai,Xylene,2016,04,2016-04,,,
Chennai,Xylene,2016,05,2016-05,,,
Chennai,Xylene,2016,06,2016-06,,,
Chennai,Xylene,2016,07,2016-07,,,
Chennai,Xylene,2016,08,2016-08,,,
Chennai,Xylene,2016,09,2016-09,,,
Chennai,Xylene,2016,10,2016-10,,,
Chennai,Xylene,2016,11,2016-11,,,
Chennai,Xylene,2016,12,2016-12,,,
Chennai,Xylene,2017,01,2017-01,,,
Chennai,Xylene,2017,02,2017-02,,,
Chennai,Xylene,2017,03,2017-03,,,
Chennai,Xylene,2017,04,2017-04,,,
Chennai,Xylene,2017,05,2017-05,,,
Chennai,Xylene,2017,06,2017-06,,,
Chennai,Xylene,2017,07,2017-07,,,
Chennai,Xylene,2017,08,2017-08,,,
Chennai,Xylene,2017,09,2017-09,,,
Chennai,Xylene,2017,10,2017-10,,,
Chennai,Xylene,2017,11,2017-11,,,
Chennai,Xylene,2017,12,2017-12,,,
Chennai,Xylene,2018,01,2018-01,,,
Chennai,Xylene,2018,02,2018-02,,,
Chennai,Xylene,2018,03,2018-03,,,
Chennai,Xylene,2018,04,2018-04,,,
Chennai,Xylene,2018,05,2018-05,,,
Chennai,Xylene,2018,06,2018-06,,,
Chennai,Xylene,2018,07,2018-07,,,
Chennai,Xylene,2018,08,2018-08,,,
Chennai,Xylene,2018,09,2018-09,,,
Chennai,Xylene,2018,10,2018-10,,,
Chennai,Xylene,2018,11,2018-11,,,
Chennai,Xylene,2018,12,2018-12,,,
Chennai,Xylene,2019,01,2019-01,,,
Chennai,Xylene,2019,02,2019-02,,,
Chennai,Xylene,2019,03,2019-03,,,
Chennai,Xylene,2019,04,2019-04,,,
Chennai,Xylene,2019,05,2019-05,,,
Chennai,Xylene,2019,06,2019-06,,,
Chennai,Xylene,2019,07,2019-07,,,
Chennai,Xylene,2019,08,2019-08,,,
Chennai,Xylene,2019,09,2019-09,,,
Chennai,Xylene,2019,10,2019-10,,,
Chennai,Xylene,2019,11,2019-11,,,
Chennai,Xylene,2019,12,2019-12,,,
Chennai,Xylene,2020,01,2020-01,,,
Chennai,Xylene,2020,02,2020-02,,,
Chennai,Xylene,2020,03,2020-03,,,
Chennai,Xylene,2020,04,2020-04,,,
Chennai,Xylene,2020,05,2020-05,,,
Chennai,Xylene,2020,06,2020-06,,,
Chennai,Xylene,2020,07,2020-07,,,
Delhi,Benzene,2015,01,2015-01,5.266,,
Delhi,Benzene,2015,02,2015-02,3.969,5.266,-1.297
Delhi,Benzene,2015,03,2015-03,3.066,3.969,-0.903
Delhi,Benzene,2015,04,2015-04,3.143,3.066,0.077
Delhi,Benzene,2015,05,2015-05,3.072,3.143,-0.071
Delhi,Benzene,2015,06,2015-06,2.093,3.072,-0.979
Delhi,Benzene,2015,07,2015-07,1.96,2.093,-0.133
Delhi,Benzene,2015,08,2015-08,2.032,1.96,0.072
Delhi,Benzene,2015,09,2015-09,3.42,2.032,1.388
Delhi,Benzene,2015,10,2015-10,5.945,3.42,2.525
Delhi,Benzene,2015,11,2015-11,5.913,5.945,-0.032
Delhi,Benzene,2015,12,2015-12,4.432,5.913,-1.481
Delhi,Benzene,2016,01,2016-01,6.571,4.432,2.139
Delhi,Benzene,2016,02,2016-02,6.262,6.571,-0.309
Delhi,Benzene,2016,03,2016-03,4.011,6.262,-2.251
Delhi,Benzene,2016,04,2016-04,5.23,4.011,1.219
Delhi,Benzene,2016,05,2016-05,3.361,5.23,-1.869
Delhi,Benzene,2016,06,2016-06,3.745,3.361,0.384
Delhi,Benzene,2016,07,2016-07,3.42,3.745,-0.325
Delhi,Benzene,2016,08,2016-08,2.957,3.42,-0.463
Delhi,Benzene,2016,09,2016-09,1.877,2.957,-1.08
Delhi,Benzene,2016,10,2016-10,3.678,1.877,1.801
Delhi,Benzene,2016,11,2016-11,6.471,3.678,2.793
Delhi,Benzene,2016,12,2016-12,6.809,6.471,0.338
Delhi,Benzene,2017,01,2017-01,4.932,6.809,-1.877
Delhi,Benzene,2017,02,2017-02,3.461,4.932,-1.471
Delhi,Benzene,2017,03,2017-03,3.033,3.461,-0.428
Delhi,Benzene,2017,04,2017-04,2.885,3.033,-0.148
Delhi,Benzene,2017,05,2017-05,2.819,2.885,-0.066
Delhi,Benzene,2017,06,2017-06,1.021,2.819,-1.798
Delhi,Benzene,2017,07,2017-07,0.229,1.021,-0.792
Delhi,Benzene,2017,08,2017-08,0.173,0.229,-0.056
Delhi,Benzene,2017,09,2017-09,0.227,0.173,0.054
Delhi,Benzene,2017,10,2017-10,0.977,0.227,0.75
Delhi,Benzene,2017,11,2017-11,5.765,0.977,4.788
Delhi,Benzene,2017,12,2017-12,4.83,5.765,-0.935
Delhi,Benzene,2018,01,2018-01,3.567,4.83,-1.263
Delhi,Benzene,2018,02,2018-02,2.467,3.567,-1.1
Delhi,Benzene,2018,03,2018-03,2.617,2.467,0.15
Delhi,Benzene,2018,04,2018-04,2.91,2.617,0.293
Delhi,Benzene,2018,05,2018-05,2.776,2.91,-0.134
Delhi,Benzene,2018,06,2018-06,2.721,2.776,-0.055
Delhi,Benzene,2018,07,2018-07,1.576,2.721,-1.145
Delhi,Benzene,2018,08,2018-08,1.411,1.576,-0.165
Delhi,Benzene,2018,09,2018-09,2.396,1.411,0.985
Delhi,Benzene,2018,10,2018-10,6.602,2.396,4.206
Delhi,Benzene,2018,11,2018-11,6.593,6.602,-0.009
Delhi,Benzene,2018,12,2018-12,7.558,6.593,0.965
Delhi,Benzene,2019,01,2019-01,6.264,7.558,-1.294
Delhi,Benzene,2019,02,2019-02,3.923,6.264,-2.341
Delhi,Benzene,2019,03,2019-03,3.875,3.923,-0.048
Delhi,Benzene,2019,04,2019-04,3.89,3.875,0.015
Delhi,Benzene,2019,05,2019-05,3.99,3.89,0.1
Delhi,Benzene,2019,06,2019-06,2.718,3.99,-1.272
Delhi,Benzene,2019,07,2019-07,2.128,2.718,-0.59
Delhi,Benzene,2019,08,2019-08,2.156,2.128,0.028
Delhi,Benzene,2019,09,2019-09,2.035,2.156,-0.121
Delhi,Benzene,2019,10,2019-10,4.435,2.035,2.4
Delhi,Benzene,2019,11,2019-11,4.909,4.435,0.474
Delhi,Benzene,2019,12,2019-12,5.28,4.909,0.371
Delhi,Benzene,2020,01,2020-01,4.599,5.28,-0.681
Delhi,Benzene,2020,02,2020-02,4.059,4.599,-0.54
Delhi,Benzene,2020,03,2020-03,2.346,4.059,-1.713
Delhi,Benzene,2020,04,2020-04,1.634,2.346,-0.712
Delhi,Benzene,2020,05,2020-05,1.74,1.634,0.106
Delhi,Benzene,2020,06,2020-06,1.837,1.74,0.097
Delhi,Benzene,2020,07,2020-07,,1.837,
Delhi,CO,2015,01,2015-01,10.269,,
Delhi,CO,2015,02,2015-02,11.138,10.269,0.869
Delhi,CO,2015,03,2015-03,9.864,11.138,-1.274
Delhi,CO,2015,04,2015-04,7.219,9.864,-2.645
Delhi,CO,2015,05,2015-05,8.008,7.219,0.789
Delhi,CO,2015,06,2015-06,2.653,8.008,-5.355
Delhi,CO,2015,07,2015-07,1.482,2.653,-1.171
Delhi,CO,2015,08,2015-08,1.2,1.482,-0.282
Delhi,CO,2015,09,2015-09,1.22,1.2,0.02
Delhi,CO,2015,10,2015-10,2.08,1.22,0.86
Delhi,CO,2015,11,2015-11,2.284,2.08,0.204
Delhi,CO,2015,12,2015-12,6.368,2.284,4.084
Delhi,CO,2016,01,2016-01,2.245,6.368,-4.123
Delhi,CO,2016,02,2016-02,1.571,2.245,-0.674
Delhi,CO,2016,03,2016-03,1.463,1.571,-0.108
Delhi,CO,2016,04,2016-04,1.487,1.463,0.024
Delhi,CO,2016,05,2016-05,1.217,1.487,-0.27
Delhi,CO,2016,06,2016-06,2.126,1.217,0.909
Delhi,CO,2016,07,2016-07,1.993,2.126,-0.133
Delhi,CO,2016,08,2016-08,1.665,1.993,-0.328
Delhi,CO,2016,09,2016-09,1.293,1.665,-0.372
Delhi,CO,2016,10,2016-10,1.555,1.293,0.262
Delhi,CO,2016,11,2016-11,1.505,1.555,-0.05
Delhi,CO,2016,12,2016-12,1.275,1.505,-0.23
Delhi,CO,2017,01,2017-01,0.768,1.275,-0.507
Delhi,CO,2017,02,2017-02,0.741,0.768,-0.027
Delhi,CO,2017,03,2017-03,0.515,0.741,-0.226
Delhi,CO,2017,04,2017-04,0.608,0.515,0.093
Delhi,CO,2017,05,2017-05,0.848,0.608,0.24
Delhi,CO,2017,06,2017-06,0.179,0.848,-0.669
Delhi,CO,2017,07,2017-07,0.0,0.179,-0.179
Delhi,CO,2017,08,2017-08,0.025,0.0,0.025
Delhi,CO,2017,09,2017-09,0.395,0.025,0.37
Delhi,CO,2017,10,2017-10,0.777,0.395,0.382
Delhi,CO,2017,11,2017-11,1.828,0.777,1.051
Delhi,CO,2017,12,2017-12,1.701,1.828,-0.127
Delhi,CO,2018,01,2018-01,1.598,1.701,-0.103
Delhi,CO,2018,02,2018-02,1.461,1.598,-0.137
Delhi,CO,2018,03,2018-03,1.225,1.461,-0.236
Delhi,CO,2018,04,2018-04,1.401,1.225,0.176
Delhi,CO,2018,05,2018-05,1.503,1.401,0.102
Delhi,CO,2018,06,2018-06,0.824,1.503,-0.679
Delhi,CO,2018,07,2018-07,0.846,0.824,0.022
Delhi,CO,2018,08,2018-08,0.888,0.846,0.042
Delhi,CO,2018,09,2018-09,0.936,0.888,0.048
Delhi,CO,2018,10,2018-10,1.815,0.936,0.879
Delhi,CO,2018,11,2018-11,2.068,1.815,0.253
Delhi,CO,2018,12,2018-12,2.308,2.068,0.24
Delhi,CO,2019,01,2019-01,1.904,2.308,-0.404
Delhi,CO,2019,02,2019-02,1.348,1.904,-0.556
Delhi,CO,2019,03,2019-03,1.186,1.348,-0.162
Delhi,CO,2019,04,2019-04,1.338,1.186,0.152
Delhi,CO,2019,05,2019-05,1.373,1.338,0.035
Delhi,CO,2019,06,2019-06,1.141,1.373,-0.232
Delhi,CO,2019,07,2019-07,1.1,1.141,-0.041
Delhi,CO,2019,08,2019-08,1.085,1.1,-0.015
Delhi,CO,2019,09,2019-09,0.961,1.085,-0.124
Delhi,CO,2019,10,2019-10,1.549,0.961,0.588
Delhi,CO,2019,11,2019-11,1.696,1.549,0.147
Delhi,CO,2019,12,2019-12,1.762,1.696,0.066
Delhi,CO,2020,01,2020-01,1.57,1.762,-0.192
Delhi,CO,2020,02,2020-02,1.295,1.57,-0.275
Delhi,CO,2020,03,2020-03,0.882,1.295,-0.413
Delhi,CO,2020,04,2020-04,0.781,0.882,-0.101
Delhi,CO,2020,05,2020-05,0.908,0.781,0.127
Delhi,CO,2020,06,2020-06,0.915,0.908,0.007
Delhi,CO,2020,07,2020-07,,0.915,
Delhi,NH3,2015,01,2015-01,97.868,,
Delhi,NH3,2015,02,2015-02,65.826,97.868,-32.042
Delhi,NH3,2015,03,2015-03,27.79,65.826,-38.036
Delhi,NH3,2015,04,2015-04,32.522,27.79,4.732
Delhi,NH3,2015,05,2015-05,38.924,32.522,6.402
Delhi,NH3,2015,06,2015-06,51.19,38.924,12.266
Delhi,NH3,2015,07,2015-07,40.415,51.19,-10.775
Delhi,NH3,2015,08,2015-08,32.428,40.415,-7.987
Delhi,NH3,2015,09,2015-09,31.048,32.428,-1.38
Delhi,NH3,2015,10,2015-10,29.805,31.048,-1.243
Delhi,NH3,2015,11,2015-11,54.622,29.805,24.817
Delhi,NH3,2015,12,2015-12,69.243,54.622,14.621
Delhi,NH3,2016,01,2016-01,62.647,69.243,-6.596
Delhi,NH3,2016,02,2016-02,40.785,62.647,-21.862
Delhi,NH3,2016,03,2016-03,37.829,40.785,-2.956
Delhi,NH3,2016,04,2016-04,27.922,37.829,-9.907
Delhi,NH3,2016,05,2016-05,42.204,27.922,14.282
Delhi,NH3,2016,06,2016-06,36.453,42.204,-5.751
Delhi,NH3,2016,07,2016-07,41.156,36.453,4.703
Delhi,NH3,2016,08,2016-08,28.957,41.156,-12.199
Delhi,NH3,2016,09,2016-09,26.054,28.957,-2.903
Delhi,NH3,2016,10,2016-10,46.8,26.054,20.746
Delhi,NH3,2016,11,2016-11,65.716,46.8,18.916
Delhi,NH3,2016,12,2016-12,54.088,65.716,-11.628
Delhi,NH3,2017,01,2017-01,41.214,54.088,-12.874
Delhi,NH3,2017,02,2017-02,53.054,41.214,11.84
Delhi,NH3,2017,03,2017-03,44.483,53.054,-8.571
Delhi,NH3,2017,04,2017-04,48.223,44.483,3.74
Delhi,NH3,2017,05,2017-05,36.421,48.223,-11.802
Delhi,NH3,2017,06,2017-06,48.029,36.421,11.608
Delhi,NH3,2017,07,2017-07,31.811,48.029,-16.218
Delhi,NH3,2017,08,2017-08,29.838,31.811,-1.973
Delhi,NH3,2017,09,2017-09,34.444,29.838,4.606
Delhi,NH3,2017,10,2017-10,48.003,34.444,13.559
Delhi,NH3,2017,11,2017-11,58.8,48.003,10.797
Delhi,NH3,2017,12,2017-12,63.088,58.8,4.288
Delhi,NH3,2018,01,2018-01,53.168,63.088,-9.92
Delhi,NH3,2018,02,2018-02,48.62,53.168,-4.548
Delhi,NH3,2018,03,2018-03,40.203,48.62,-8.417
Delhi,NH3,2018,04,2018-04,40.683,40.203,0.48
Delhi,NH3,2018,05,2018-05,46.085,40.683,5.402
Delhi,NH3,2018,06,2018-06,39.17,46.085,-6.915
Delhi,NH3,2018,07,2018-07,40.473,39.17,1.303
Delhi,NH3,2018,08,2018-08,33.986,40.473,-6.487
Delhi,NH3,2018,09,2018-09,27.069,33.986,-6.917
Delhi,NH3,2018,10,2018-10,39.947,27.069,12.878
Delhi,NH3,2018,11,2018-11,47.435,39.947,7.488
Delhi,NH3,2018,12,2018-12,52.039,47.435,4.604
Delhi,NH3,2019,01,2019-01,49.322,52.039,-2.717
Delhi,NH3,2019,02,2019-02,38.21,49.322,-11.112
Delhi,NH3,2019,03,2019-03,32.303,38.21,-5.907
Delhi,NH3,2019,04,2019-04,33.702,32.303,1.399
Delhi,NH3,2019,05,2019-05,33.912,33.702,0.21
Delhi,NH3,2019,06,2019-06,31.952,33.912,-1.96
Delhi,NH3,2019,07,2019-07,32.635,31.952,0.683
Delhi,NH3,2019,08,2019-08,31.963,32.635,-0.672
Delhi,NH3,2019,09,2019-09,28.23,31.963,-3.733
Delhi,NH3,2019,10,2019-10,34.048,28.23,5.818
Delhi,NH3,2019,11,2019-11,38.813,34.048,4.765
Delhi,NH3,2019,12,2019-12,51.487,38.813,12.674
Delhi,NH3,2020,01,2020-01,44.219,51.487,-7.268
Delhi,NH3,2020,02,2020-02,38.544,44.219,-5.675
Delhi,NH3,2020,03,2020-03,31.798,38.544,-6.746
Delhi,NH3,2020,04,2020-04,27.784,31.798,-4.014
Delhi,NH3,2020,05,2020-05,29.726,27.784,1.942
Delhi,NH3,2020,06,2020-06,32.771,29.726,3.045
Delhi,NH3,2020,07,2020-07,,32.771,
Delhi,NO,2015,01,2015-01,26.392,,
Delhi,NO,2015,02,2015-02,29.287,26.392,2.895
Delhi,NO,2015,03,2015-03,15.01,29.287,-14.277
Delhi,NO,2015,04,2015-04,18.511,15.01,3.501
Delhi,NO,2015,05,2015-05,30.83,18.511,12.319
Delhi,NO,2015,06,2015-06,19.972,30.83,-10.858
Delhi,NO,2015,07,2015-07,16.723,19.972,-3.249
Delhi,NO,2015,08,2015-08,28.196,16.723,11.473
Delhi,NO,2015,09,2015-09,25.61,28.196,-2.586
Delhi,NO,2015,10,2015-10,46.706,25.61,21.096
Delhi,NO,2015,11,2015-11,68.578,46.706,21.872
Delhi,NO,2015,12,2015-12,68.8,68.578,0.222
Delhi,NO,2016,01,2016-01,67.324,68.8,-1.476
Delhi,NO,2016,02,2016-02,50.806,67.324,-16.518
Delhi,NO,2016,03,2016-03,40.46,50.806,-10.346
Delhi,NO,2016,04,2016-04,40.432,40.46,-0.028
Delhi,NO,2016,05,2016-05,19.985,40.432,-20.447
Delhi,NO,2016,06,2016-06,14.27,19.985,-5.715
Delhi,NO,2016,07,2016-07,20.191,14.27,5.921
Delhi,NO,2016,08,2016-08,20.074,20.191,-0.117
Delhi,NO,2016,09,2016-09,26.586,20.074,6.512
Delhi,NO,2016,10,2016-10,97.589,26.586,71.003
Delhi,NO,2016,11,2016-11,120.81,97.589,23.221
Delhi,NO,2016,12,2016-12,95.04,120.81,-25.77
Delhi,NO,2017,01,2017-01,83.702,95.04,-11.338
Delhi,NO,2017,02,2017-02,79.576,83.702,-4.126
Delhi,NO,2017,03,2017-03,55.639,79.576,-23.937
Delhi,NO,2017,04,2017-04,71.205,55.639,15.566
Delhi,NO,2017,05,2017-05,53.206,71.205,-17.999
Delhi,NO,2017,06,2017-06,44.941,53.206,-8.265
Delhi,NO,2017,07,2017-07,27.787,44.941,-17.154
Delhi,NO,2017,08,2017-08,29.879,27.787,2.092
Delhi,NO,2017,09,2017-09,26.263,29.879,-3.616
Delhi,NO,2017,10,2017-10,40.484,26.263,14.221
Delhi,NO,2017,11,2017-11,48.759,40.484,8.275
Delhi,NO,2017,12,2017-12,49.352,48.759,0.593
Delhi,NO,2018,01,2018-01,38.324,49.352,-11.028
Delhi,NO,2018,02,2018-02,39.805,38.324,1.481
Delhi,NO,2018,03,2018-03,29.993,39.805,-9.812
Delhi,NO,2018,04,2018-04,26.716,29.993,-3.277
Delhi,NO,2018,05,2018-05,26.576,26.716,-0.14
Delhi,NO,2018,06,2018-06,11.795,26.576,-14.781
Delhi,NO,2018,07,2018-07,12.546,11.795,0.751
Delhi,NO,2018,08,2018-08,16.896,12.546,4.35
Delhi,NO,2018,09,2018-09,25.509,16.896,8.613
Delhi,NO,2018,10,2018-10,60.269,25.509,34.76
Delhi,NO,2018,11,2018-11,64.009,60.269,3.74
Delhi,NO,2018,12,2018-12,85.258,64.009,21.249
Delhi,NO,2019,01,2019-01,60.299,85.258,-24.959
Delhi,NO,2019,02,2019-02,36.67,60.299,-23.629
Delhi,NO,2019,03,2019-03,29.61,36.67,-7.06
Delhi,NO,2019,04,2019-04,29.016,29.61,-0.594
Delhi,NO,2019,05,2019-05,31.952,29.016,2.936
Delhi,NO,2019,06,2019-06,19.799,31.952,-12.153
Delhi,NO,2019,07,2019-07,14.487,19.799,-5.312
Delhi,NO,2019,08,2019-08,17.793,14.487,3.306
Delhi,NO,2019,09,2019-09,12.252,17.793,-5.541
Delhi,NO,2019,10,2019-10,39.928,12.252,27.676
Delhi,NO,2019,11,2019-11,43.44,39.928,3.512
Delhi,NO,2019,12,2019-12,49.792,43.44,6.352
Delhi,NO,2020,01,2020-01,47.914,49.792,-1.878
Delhi,NO,2020,02,2020-02,39.056,47.914,-8.858
Delhi,NO,2020,03,2020-03,21.95,39.056,-17.106
Delhi,NO,2020,04,2020-04,9.71,21.95,-12.24
Delhi,NO,2020,05,2020-05,9.77,9.71,0.06
Delhi,NO,2020,06,2020-06,8.459,9.77,-1.311
Delhi,NO,2020,07,2020-07,,8.459,
Delhi,NO2,2015,01,2015-01,36.926,,
Delhi,NO2,2015,02,2015-02,41.657,36.926,4.731
Delhi,NO2,2015,03,2015-03,24.385,41.657,-17.272
Delhi,NO2,2015,04,2015-04,44.28,24.385,19.895
Delhi,NO2,2015,05,2015-05,61.484,44.28,17.204
Delhi,NO2,2015,06,2015-06,58.515,61.484,-2.969
Delhi,NO2,2015,07,2015-07,42.89,58.515,-15.625
Delhi,NO2,2015,08,2015-08,43.701,42.89,0.811
Delhi,NO2,2015,09,2015-09,43.715,43.701,0.014
Delhi,NO2,2015,10,2015-10,54.274,43.715,10.559
Delhi,NO2,2015,11,2015-11,74.486,54.274,20.212
Delhi,NO2,2015,12,2015-12,78.672,74.486,4.186
Delhi,NO2,2016,01,2016-01,77.35,78.672,-1.322
Delhi,NO2,2016,02,2016-02,69.579,77.35,-7.771
Delhi,NO2,2016,03,2016-03,55.108,69.579,-14.471
Delhi,NO2,2016,04,2016-04,53.53,55.108,-1.578
Delhi,NO2,2016,05,2016-05,55.019,53.53,1.489
Delhi,NO2,2016,06,2016-06,42.872,55.019,-12.147
Delhi,NO2,2016,07,2016-07,35.227,42.872,-7.645
Delhi,NO2,2016,08,2016-08,35.065,35.227,-0.162
Delhi,NO2,2016,09,2016-09,50.751,35.065,15.686
Delhi,NO2,2016,10,2016-10,92.107,50.751,41.356
Delhi,NO2,2016,11,2016-11,112.663,92.107,20.556
Delhi,NO2,2016,12,2016-12,82.685,112.663,-29.978
Delhi,NO2,2017,01,2017-01,67.708,82.685,-14.977
Delhi,NO2,2017,02,2017-02,67.246,67.708,-0.462
Delhi,NO2,2017,03,2017-03,58.462,67.246,-8.784
Delhi,NO2,2017,04,2017-04,80.339,58.462,21.877
Delhi,NO2,2017,05,2017-05,69.641,80.339,-10.698
Delhi,NO2,2017,06,2017-06,74.825,69.641,5.184
Delhi,NO2,2017,07,2017-07,35.224,74.825,-39.601
Delhi,NO2,2017,08,2017-08,45.725,35.224,10.501
Delhi,NO2,2017,09,2017-09,26.724,45.725,-19.001
Delhi,NO2,2017,10,2017-10,47.222,26.724,20.498
Delhi,NO2,2017,11,2017-11,60.69,47.222,13.468
Delhi,NO2,2017,12,2017-12,56.635,60.69,-4.055
Delhi,NO2,2018,01,2018-01,51.847,56.635,-4.788
Delhi,NO2,2018,02,2018-02,57.44,51.847,5.593
Delhi,NO2,2018,03,2018-03,46.579,57.44,-10.861
Delhi,NO2,2018,04,2018-04,48.954,46.579,2.375
Delhi,NO2,2018,05,2018-05,49.042,48.954,0.088
Delhi,NO2,2018,06,2018-06,31.185,49.042,-17.857
Delhi,NO2,2018,07,2018-07,30.528,31.185,-0.657
Delhi,NO2,2018,08,2018-08,26.342,30.528,-4.186
Delhi,NO2,2018,09,2018-09,29.861,26.342,3.519
Delhi,NO2,2018,10,2018-10,55.536,29.861,25.675
Delhi,NO2,2018,11,2018-11,60.387,55.536,4.851
Delhi,NO2,2018,12,2018-12,64.053,60.387,3.666
Delhi,NO2,2019,01,2019-01,60.671,64.053,-3.382
Delhi,NO2,2019,02,2019-02,47.77,60.671,-12.901
Delhi,NO2,2019,03,2019-03,45.96,47.77,-1.81
Delhi,NO2,2019,04,2019-04,48.454,45.96,2.494
Delhi,NO2,2019,05,2019-05,51.666,48.454,3.212
Delhi,NO2,2019,06,2019-06,38.506,51.666,-13.16
Delhi,NO2,2019,07,2019-07,30.462,38.506,-8.044
Delhi,NO2,2019,08,2019-08,30.381,30.462,-0.081
Delhi,NO2,2019,09,2019-09,30.785,30.381,0.404
Delhi,NO2,2019,10,2019-10,47.941,30.785,17.156
Delhi,NO2,2019,11,2019-11,54.722,47.941,6.781
Delhi,NO2,2019,12,2019-12,55.485,54.722,0.763
Delhi,NO2,2020,01,2020-01,47.605,55.485,-7.88
Delhi,NO2,2020,02,2020-02,48.893,47.605,1.288
Delhi,NO2,2020,03,2020-03,33.78,48.893,-15.113
Delhi,NO2,2020,04,2020-04,21.008,33.78,-12.772
Delhi,NO2,2020,05,2020-05,24.903,21.008,3.895
Delhi,NO2,2020,06,2020-06,23.727,24.903,-1.176
Delhi,NO2,2020,07,2020-07,,23.727,
Delhi,NOx,2015,01,2015-01,51.794,,
Delhi,NOx,2015,02,2015-02,54.208,51.794,2.414
Delhi,NOx,2015,03,2015-03,30.733,54.208,-23.475
Delhi,NOx,2015,04,2015-04,54.751,30.733,24.018
Delhi,NOx,2015,05,2015-05,78.593,54.751,23.842
Delhi,NOx,2015,06,2015-06,73.305,78.593,-5.288
Delhi,NOx,2015,07,2015-07,123.626,73.305,50.321
Delhi,NOx,2015,08,2015-08,130.24,123.626,6.614
Delhi,NOx,2015,09,2015-09,62.834,130.24,-67.406
Delhi,NOx,2015,10,2015-10,86.827,62.834,23.993
Delhi,NOx,2015,11,2015-11,116.404,86.827,29.577
Delhi,NOx,2015,12,2015-12,114.951,116.404,-1.453
Delhi,NOx,2016,01,2016-01,119.731,114.951,4.78
Delhi,NOx,2016,02,2016-02,102.45,119.731,-17.281
Delhi,NOx,2016,03,2016-03,79.184,102.45,-23.266
Delhi,NOx,2016,04,2016-04,78.506,79.184,-0.678
Delhi,NOx,2016,05,2016-05,62.964,78.506,-15.542
Delhi,NOx,2016,06,2016-06,53.026,62.964,-9.938
Delhi,NOx,2016,07,2016-07,53.654,53.026,0.628
Delhi,NOx,2016,08,2016-08,52.02,53.654,-1.634
Delhi,NOx,2016,09,2016-09,70.469,52.02,18.449
Delhi,NOx,2016,10,2016-10,113.227,70.469,42.758
Delhi,NOx,2016,11,2016-11,71.849,113.227,-41.378
Delhi,NOx,2016,12,2016-12,51.144,71.849,-20.705
Delhi,NOx,2017,01,2017-01,47.6,51.144,-3.544
Delhi,NOx,2017,02,2017-02,53.038,47.6,5.438
Delhi,NOx,2017,03,2017-03,36.462,53.038,-16.576
Delhi,NOx,2017,04,2017-04,47.132,36.462,10.67
Delhi,NOx,2017,05,2017-05,42.312,47.132,-4.82
Delhi,NOx,2017,06,2017-06,19.877,42.312,-22.435
Delhi,NOx,2017,07,2017-07,6.529,19.877,-13.348
Delhi,NOx,2017,08,2017-08,6.664,6.529,0.135
Delhi,NOx,2017,09,2017-09,13.026,6.664,6.362
Delhi,NOx,2017,10,2017-10,36.393,13.026,23.367
Delhi,NOx,2017,11,2017-11,85.775,36.393,49.382
Delhi,NOx,2017,12,2017-12,25.32,85.775,-60.455
Delhi,NOx,2018,01,2018-01,32.544,25.32,7.224
Delhi,NOx,2018,02,2018-02,70.334,32.544,37.79
Delhi,NOx,2018,03,2018-03,60.766,70.334,-9.568
Delhi,NOx,2018,04,2018-04,58.058,60.766,-2.708
Delhi,NOx,2018,05,2018-05,56.705,58.058,-1.353
Delhi,NOx,2018,06,2018-06,33.891,56.705,-22.814
Delhi,NOx,2018,07,2018-07,28.91,33.891,-4.981
Delhi,NOx,2018,08,2018-08,29.725,28.91,0.815
Delhi,NOx,2018,09,2018-09,37.759,29.725,8.034
Delhi,NOx,2018,10,2018-10,79.611,37.759,41.852
Delhi,NOx,2018,11,2018-11,88.318,79.611,8.707
Delhi,NOx,2018,12,2018-12,111.396,88.318,23.078
Delhi,NOx,2019,01,2019-01,87.5,111.396,-23.896
Delhi,NOx,2019,02,2019-02,58.743,87.5,-28.757
Delhi,NOx,2019,03,2019-03,52.28,58.743,-6.463
Delhi,NOx,2019,04,2019-04,51.956,52.28,-0.324
Delhi,NOx,2019,05,2019-05,54.668,51.956,2.712
Delhi,NOx,2019,06,2019-06,38.963,54.668,-15.705
Delhi,NOx,2019,07,2019-07,30.047,38.963,-8.916
Delhi,NOx,2019,08,2019-08,33.421,30.047,3.374
Delhi,NOx,2019,09,2019-09,28.459,33.421,-4.962
Delhi,NOx,2019,10,2019-10,60.294,28.459,31.835
Delhi,NOx,2019,11,2019-11,68.694,60.294,8.4
Delhi,NOx,2019,12,2019-12,73.678,68.694,4.984
Delhi,NOx,2020,01,2020-01,69.345,73.678,-4.333
Delhi,NOx,2020,02,2020-02,62.028,69.345,-7.317
Delhi,NOx,2020,03,2020-03,38.555,62.028,-23.473
Delhi,NOx,2020,04,2020-04,20.548,38.555,-18.007
Delhi,NOx,2020,05,2020-05,22.486,20.548,1.938
Delhi,NOx,2020,06,2020-06,21.124,22.486,-1.362
Delhi,NOx,2020,07,2020-07,,21.124,
Delhi,O3,2015,01,2015-01,25.869,,
Delhi,O3,2015,02,2015-02,30.829,25.869,4.96
Delhi,O3,2015,03,2015-03,28.739,30.829,-2.09
Delhi,O3,2015,04,2015-04,58.172,28.739,29.433
Delhi,O3,2015,05,2015-05,69.061,58.172,10.889
Delhi,O3,2015,06,2015-06,67.083,69.061,-1.978
Delhi,O3,2015,07,2015-07,49.435,67.083,-17.648
Delhi,O3,2015,08,2015-08,53.344,49.435,3.909
Delhi,O3,2015,09,2015-09,60.622,53.344,7.278
Delhi,O3,2015,10,2015-10,64.291,60.622,3.669
Delhi,O3,2015,11,2015-11,98.812,64.291,34.521
Delhi,O3,2015,12,2015-12,80.966,98.812,-17.846
Delhi,O3,2016,01,2016-01,118.718,80.966,37.752
Delhi,O3,2016,02,2016-02,105.205,118.718,-13.513
Delhi,O3,2016,03,2016-03,82.041,105.205,-23.164
Delhi,O3,2016,04,2016-04,67.571,82.041,-14.47
Delhi,O3,2016,05,2016-05,89.529,67.571,21.958
Delhi,O3,2016,06,2016-06,73.056,89.529,-16.473
Delhi,O3,2016,07,2016-07,50.377,73.056,-22.679
Delhi,O3,2016,08,2016-08,61.023,50.377,10.646
Delhi,O3,2016,09,2016-09,74.143,61.023,13.12
Delhi,O3,2016,10,2016-10,104.605,74.143,30.462
Delhi,O3,2016,11,2016-11,57.527,104.605,-47.078
Delhi,O3,2016,12,2016-12,38.139,57.527,-19.388
Delhi,O3,2017,01,2017-01,36.211,38.139,-1.928
Delhi,O3,2017,02,2017-02,36.973,36.211,0.762
Delhi,O3,2017,03,2017-03,30.93,36.973,-6.043
Delhi,O3,2017,04,2017-04,38.861,30.93,7.931
Delhi,O3,2017,05,2017-05,48.739,38.861,9.878
Delhi,O3,2017,06,2017-06,38.667,48.739,-10.072
Delhi,O3,2017,07,2017-07,,38.667,
Delhi,O3,2017,08,2017-08,27.784,,
Delhi,O3,2017,09,2017-09,27.132,27.784,-0.652
Delhi,O3,2017,10,2017-10,49.763,27.132,22.631
Delhi,O3,2017,11,2017-11,61.706,49.763,11.943
Delhi,O3,2017,12,2017-12,50.821,61.706,-10.885
Delhi,O3,2018,01,2018-01,57.42,50.821,6.599
Delhi,O3,2018,02,2018-02,46.803,57.42,-10.617
Delhi,O3,2018,03,2018-03,47.739,46.803,0.936
Delhi,O3,2018,04,2018-04,57.817,47.739,10.078
Delhi,O3,2018,05,2018-05,58.698,57.817,0.881
Delhi,O3,2018,06,2018-06,48.221,58.698,-10.477
Delhi,O3,2018,07,2018-07,33.487,48.221,-14.734
Delhi,O3,2018,08,2018-08,28.046,33.487,-5.441
Delhi,O3,2018,09,2018-09,28.739,28.046,0.693
Delhi,O3,2018,10,2018-10,46.094,28.739,17.355
Delhi,O3,2018,11,2018-11,41.795,46.094,-4.299
Delhi,O3,2018,12,2018-12,37.817,41.795,-3.978
Delhi,O3,2019,01,2019-01,33.859,37.817,-3.958
Delhi,O3,2019,02,2019-02,34.104,33.859,0.245
Delhi,O3,2019,03,2019-03,40.262,34.104,6.158
Delhi,O3,2019,04,2019-04,52.132,40.262,11.87
Delhi,O3,2019,05,2019-05,53.003,52.132,0.871
Delhi,O3,2019,06,2019-06,55.483,53.003,2.48
Delhi,O3,2019,07,2019-07,33.465,55.483,-22.018
Delhi,O3,2019,08,2019-08,27.618,33.465,-5.847
Delhi,O3,2019,09,2019-09,30.567,27.618,2.949
Delhi,O3,2019,10,2019-10,42.792,30.567,12.225
Delhi,O3,2019,11,2019-11,34.247,42.792,-8.545
Delhi,O3,2019,12,2019-12,29.832,34.247,-4.415
Delhi,O3,2020,01,2020-01,26.304,29.832,-3.528
Delhi,O3,2020,02,2020-02,37.458,26.304,11.154
Delhi,O3,2020,03,2020-03,37.86,37.458,0.402
Delhi,O3,2020,04,2020-04,46.186,37.86,8.326
Delhi,O3,2020,05,2020-05,56.768,46.186,10.582
Delhi,O3,2020,06,2020-06,39.616,56.768,-17.152
Delhi,O3,2020,07,2020-07,,39.616,
Delhi,PM10,2015,01,2015-01,277.937,,
Delhi,PM10,2015,02,2015-02,234.939,277.937,-42.998
Delhi,PM10,2015,03,2015-03,134.601,234.939,-100.338
Delhi,PM10,2015,04,2015-04,187.991,134.601,53.39
Delhi,PM10,2015,05,2015-05,271.05,187.991,83.059
Delhi,PM10,2015,06,2015-06,191.047,271.05,-80.003
Delhi,PM10,2015,07,2015-07,110.913,191.047,-80.134
Delhi,PM10,2015,08,2015-08,156.174,110.913,45.261
Delhi,PM10,2015,09,2015-09,193.36,156.174,37.186
Delhi,PM10,2015,10,2015-10,263.301,193.36,69.941
Delhi,PM10,2015,11,2015-11,377.321,263.301,114.02
Delhi,PM10,2015,12,2015-12,398.198,377.321,20.877
Delhi,PM10,2016,01,2016-01,423.395,398.198,25.197
Delhi,PM10,2016,02,2016-02,246.839,423.395,-176.556
Delhi,PM10,2016,03,2016-03,167.833,246.839,-79.006
Delhi,PM10,2016,04,2016-04,257.738,167.833,89.905
Delhi,PM10,2016,05,2016-05,214.653,257.738,-43.085
Delhi,PM10,2016,06,2016-06,178.76,214.653,-35.893
Delhi,PM10,2016,07,2016-07,104.356,178.76,-74.404
Delhi,PM10,2016,08,2016-08,99.668,104.356,-4.688
Delhi,PM10,2016,09,2016-09,177.317,99.668,77.649
Delhi,PM10,2016,10,2016-10,347.857,177.317,170.54
Delhi,PM10,2016,11,2016-11,451.281,347.857,103.424
Delhi,PM10,2016,12,2016-12,413.749,451.281,-37.532
Delhi,PM10,2017,01,2017-01,284.653,413.749,-129.096
Delhi,PM10,2017,02,2017-02,299.783,284.653,15.13
Delhi,PM10,2017,03,2017-03,263.128,299.783,-36.655
Delhi,PM10,2017,04,2017-04,302.356,263.128,39.228
Delhi,PM10,2017,05,2017-05,313.412,302.356,11.056
Delhi,PM10,2017,06,2017-06,237.579,313.412,-75.833
Delhi,PM10,2017,07,2017-07,224.094,237.579,-13.485
Delhi,PM10,2017,08,2017-08,60.148,224.094,-163.946
Delhi,PM10,2017,09,2017-09,96.838,60.148,36.69
Delhi,PM10,2017,10,2017-10,221.261,96.838,124.423
Delhi,PM10,2017,11,2017-11,354.228,221.261,132.967
Delhi,PM10,2017,12,2017-12,287.687,354.228,-66.541
Delhi,PM10,2018,01,2018-01,300.289,287.687,12.602
Delhi,PM10,2018,02,2018-02,265.064,300.289,-35.225
Delhi,PM10,2018,03,2018-03,224.216,265.064,-40.848
Delhi,PM10,2018,04,2018-04,254.447,224.216,30.231
Delhi,PM10,2018,05,2018-05,242.444,254.447,-12.003
Delhi,PM10,2018,06,2018-06,245.543,242.444,3.099
Delhi,PM10,2018,07,2018-07,102.671,245.543,-142.872
Delhi,PM10,2018,08,2018-08,117.763,102.671,15.092
Delhi,PM10,2018,09,2018-09,114.685,117.763,-3.078
Delhi,PM10,2018,10,2018-10,295.135,114.685,180.45
Delhi,PM10,2018,11,2018-11,342.432,295.135,47.297
Delhi,PM10,2018,12,2018-12,378.942,342.432,36.51
Delhi,PM10,2019,01,2019-01,320.044,378.942,-58.898
Delhi,PM10,2019,02,2019-02,212.379,320.044,-107.665
Delhi,PM10,2019,03,2019-03,181.935,212.379,-30.444
Delhi,PM10,2019,04,2019-04,229.141,181.935,47.206
Delhi,PM10,2019,05,2019-05,246.819,229.141,17.678
Delhi,PM10,2019,06,2019-06,208.547,246.819,-38.272
Delhi,PM10,2019,07,2019-07,140.827,208.547,-67.72
Delhi,PM10,2019,08,2019-08,81.957,140.827,-58.87
Delhi,PM10,2019,09,2019-09,96.855,81.957,14.898
Delhi,PM10,2019,10,2019-10,238.371,96.855,141.516
Delhi,PM10,2019,11,2019-11,314.439,238.371,76.068
Delhi,PM10,2019,12,2019-12,308.64,314.439,-5.799
Delhi,PM10,2020,01,2020-01,238.522,308.64,-70.118
Delhi,PM10,2020,02,2020-02,219.876,238.522,-18.646
Delhi,PM10,2020,03,2020-03,122.189,219.876,-97.687
Delhi,PM10,2020,04,2020-04,104.877,122.189,-17.312
Delhi,PM10,2020,05,2020-05,137.662,104.877,32.785
Delhi,PM10,2020,06,2020-06,121.209,137.662,-16.453
Delhi,PM10,2020,07,2020-07,,121.209,
Delhi,PM2.5,2015,01,2015-01,175.619,,
Delhi,PM2.5,2015,02,2015-02,153.92,175.619,-21.699
Delhi,PM2.5,2015,03,2015-03,80.338,153.92,-73.582
Delhi,PM2.5,2015,04,2015-04,91.562,80.338,11.224
Delhi,PM2.5,2015,05,2015-05,97.109,91.562,5.547
Delhi,PM2.5,2015,06,2015-06,85.786,97.109,-11.323
Delhi,PM2.5,2015,07,2015-07,52.732,85.786,-33.054
Delhi,PM2.5,2015,08,2015-08,56.932,52.732,4.2
Delhi,PM2.5,2015,09,2015-09,74.223,56.932,17.291
Delhi,PM2.5,2015,10,2015-10,133.43,74.223,59.207
Delhi,PM2.5,2015,11,2015-11,227.707,133.43,94.277
Delhi,PM2.5,2015,12,2015-12,183.906,227.707,-43.801
Delhi,PM2.5,2016,01,2016-01,258.543,183.906,74.637
Delhi,PM2.5,2016,02,2016-02,144.997,258.543,-113.546
Delhi,PM2.5,2016,03,2016-03,96.473,144.997,-48.524
Delhi,PM2.5,2016,04,2016-04,119.057,96.473,22.584
Delhi,PM2.5,2016,05,2016-05,94.533,119.057,-24.524
Delhi,PM2.5,2016,06,2016-06,80.086,94.533,-14.447
Delhi,PM2.5,2016,07,2016-07,56.553,80.086,-23.533
Delhi,PM2.5,2016,08,2016-08,45.638,56.553,-10.915
Delhi,PM2.5,2016,09,2016-09,63.554,45.638,17.916
Delhi,PM2.5,2016,10,2016-10,167.836,63.554,104.282
Delhi,PM2.5,2016,11,2016-11,306.019,167.836,138.183
Delhi,PM2.5,2016,12,2016-12,232.421,306.019,-73.598
Delhi,PM2.5,2017,01,2017-01,199.433,232.421,-32.988
Delhi,PM2.5,2017,02,2017-02,171.872,199.433,-27.561
Delhi,PM2.5,2017,03,2017-03,109.241,171.872,-62.631
Delhi,PM2.5,2017,04,2017-04,117.265,109.241,8.024
Delhi,PM2.5,2017,05,2017-05,129.618,117.265,12.353
Delhi,PM2.5,2017,06,2017-06,61.297,129.618,-68.321
Delhi,PM2.5,2017,07,2017-07,34.721,61.297,-26.576
Delhi,PM2.5,2017,08,2017-08,38.47,34.721,3.749
Delhi,PM2.5,2017,09,2017-09,52.037,38.47,13.567
Delhi,PM2.5,2017,10,2017-10,146.696,52.037,94.659
Delhi,PM2.5,2017,11,2017-11,249.79,146.696,103.094
Delhi,PM2.5,2017,12,2017-12,189.342,249.79,-60.448
Delhi,PM2.5,2018,01,2018-01,189.786,189.342,0.444
Delhi,PM2.5,2018,02,2018-02,137.887,189.786,-51.899
Delhi,PM2.5,2018,03,2018-03,99.287,137.887,-38.6
Delhi,PM2.5,2018,04,2018-04,90.472,99.287,-8.815
Delhi,PM2.5,2018,05,2018-05,88.476,90.472,-1.996
Delhi,PM2.5,2018,06,2018-06,80.962,88.476,-7.514
Delhi,PM2.5,2018,07,2018-07,41.642,80.962,-39.32
Delhi,PM2.5,2018,08,2018-08,41.038,41.642,-0.604
Delhi,PM2.5,2018,09,2018-09,45.348,41.038,4.31
Delhi,PM2.5,2018,10,2018-10,134.321,45.348,88.973
Delhi,PM2.5,2018,11,2018-11,202.317,134.321,67.996
Delhi,PM2.5,2018,12,2018-12,229.591,202.317,27.274
Delhi,PM2.5,2019,01,2019-01,204.347,229.591,-25.244
Delhi,PM2.5,2019,02,2019-02,122.316,204.347,-82.031
Delhi,PM2.5,2019,03,2019-03,84.152,122.316,-38.164
Delhi,PM2.5,2019,04,2019-04,82.312,84.152,-1.84
Delhi,PM2.5,2019,05,2019-05,89.748,82.312,7.436
Delhi,PM2.5,2019,06,2019-06,63.84,89.748,-25.908
Delhi,PM2.5,2019,07,2019-07,46.733,63.84,-17.107
Delhi,PM2.5,2019,08,2019-08,34.117,46.733,-12.616
Delhi,PM2.5,2019,09,2019-09,40.133,34.117,6.016
Delhi,PM2.5,2019,10,2019-10,123.656,40.133,83.523
Delhi,PM2.5,2019,11,2019-11,205.393,123.656,81.737
Delhi,PM2.5,2019,12,2019-12,205.242,205.393,-0.151
Delhi,PM2.5,2020,01,2020-01,157.113,205.242,-48.129
Delhi,PM2.5,2020,02,2020-02,121.484,157.113,-35.629
Delhi,PM2.5,2020,03,2020-03,57.506,121.484,-63.978
Delhi,PM2.5,2020,04,2020-04,44.94,57.506,-12.566
Delhi,PM2.5,2020,05,2020-05,55.448,44.94,10.508
Delhi,PM2.5,2020,06,2020-06,46.696,55.448,-8.752
Delhi,PM2.5,2020,07,2020-07,,46.696,
Delhi,SO2,2015,01,2015-01,5.593,,
Delhi,SO2,2015,02,2015-02,7.864,5.593,2.271
Delhi,SO2,2015,03,2015-03,7.387,7.864,-0.477
Delhi,SO2,2015,04,2015-04,16.101,7.387,8.714
Delhi,SO2,2015,05,2015-05,16.129,16.101,0.028
Delhi,SO2,2015,06,2015-06,7.273,16.129,-8.856
Delhi,SO2,2015,07,2015-07,10.311,7.273,3.038
Delhi,SO2,2015,08,2015-08,9.93,10.311,-0.381
Delhi,SO2,2015,09,2015-09,11.458,9.93,1.528
Delhi,SO2,2015,10,2015-10,14.607,11.458,3.149
Delhi,SO2,2015,11,2015-11,24.316,14.607,9.709
Delhi,SO2,2015,12,2015-12,20.055,24.316,-4.261
Delhi,SO2,2016,01,2016-01,19.273,20.055,-0.782
Delhi,SO2,2016,02,2016-02,24.19,19.273,4.917
Delhi,SO2,2016,03,2016-03,22.595,24.19,-1.595
Delhi,SO2,2016,04,2016-04,28.329,22.595,5.734
Delhi,SO2,2016,05,2016-05,17.965,28.329,-10.364
Delhi,SO2,2016,06,2016-06,11.688,17.965,-6.277
Delhi,SO2,2016,07,2016-07,8.213,11.688,-3.475
Delhi,SO2,2016,08,2016-08,8.973,8.213,0.76
Delhi,SO2,2016,09,2016-09,12.399,8.973,3.426
Delhi,SO2,2016,10,2016-10,23.81,12.399,11.411
Delhi,SO2,2016,11,2016-11,26.699,23.81,2.889
Delhi,SO2,2016,12,2016-12,22.321,26.699,-4.378
Delhi,SO2,2017,01,2017-01,21.403,22.321,-0.918
Delhi,SO2,2017,02,2017-02,18.73,21.403,-2.673
Delhi,SO2,2017,03,2017-03,21.998,18.73,3.268
Delhi,SO2,2017,04,2017-04,34.7,21.998,12.702
Delhi,SO2,2017,05,2017-05,42.532,34.7,7.832
Delhi,SO2,2017,06,2017-06,21.761,42.532,-20.771
Delhi,SO2,2017,07,2017-07,,21.761,
Delhi,SO2,2017,08,2017-08,,,
Delhi,SO2,2017,09,2017-09,6.52,,
Delhi,SO2,2017,10,2017-10,18.228,6.52,11.708
Delhi,SO2,2017,11,2017-11,17.379,18.228,-0.849
Delhi,SO2,2017,12,2017-12,19.46,17.379,2.081
Delhi,SO2,2018,01,2018-01,16.001,19.46,-3.459
Delhi,SO2,2018,02,2018-02,13.507,16.001,-2.494
Delhi,SO2,2018,03,2018-03,15.958,13.507,2.451
Delhi,SO2,2018,04,2018-04,14.734,15.958,-1.224
Delhi,SO2,2018,05,2018-05,12.54,14.734,-2.194
Delhi,SO2,2018,06,2018-06,8.907,12.54,-3.633
Delhi,SO2,2018,07,2018-07,10.242,8.907,1.335
Delhi,SO2,2018,08,2018-08,10.104,10.242,-0.138
Delhi,SO2,2018,09,2018-09,11.39,10.104,1.286
Delhi,SO2,2018,10,2018-10,17.276,11.39,5.886
Delhi,SO2,2018,11,2018-11,16.796,17.276,-0.48
Delhi,SO2,2018,12,2018-12,16.16,16.796,-0.636
Delhi,SO2,2019,01,2019-01,16.772,16.16,0.612
Delhi,SO2,2019,02,2019-02,15.843,16.772,-0.929
Delhi,SO2,2019,03,2019-03,18.183,15.843,2.34
Delhi,SO2,2019,04,2019-04,21.646,18.183,3.463
Delhi,SO2,2019,05,2019-05,19.663,21.646,-1.983
Delhi,SO2,2019,06,2019-06,13.422,19.663,-6.241
Delhi,SO2,2019,07,2019-07,9.602,13.422,-3.82
Delhi,SO2,2019,08,2019-08,8.796,9.602,-0.806
Delhi,SO2,2019,09,2019-09,9.173,8.796,0.377
Delhi,SO2,2019,10,2019-10,12.077,9.173,2.904
Delhi,SO2,2019,11,2019-11,13.11,12.077,1.033
Delhi,SO2,2019,12,2019-12,10.303,13.11,-2.807
Delhi,SO2,2020,01,2020-01,11.367,10.303,1.064
Delhi,SO2,2020,02,2020-02,14.945,11.367,3.578
Delhi,SO2,2020,03,2020-03,14.001,14.945,-0.944
Delhi,SO2,2020,04,2020-04,15.494,14.001,1.493
Delhi,SO2,2020,05,2020-05,15.425,15.494,-0.069
Delhi,SO2,2020,06,2020-06,12.402,15.425,-3.023
Delhi,SO2,2020,07,2020-07,,12.402,
Delhi,Toluene,2015,01,2015-01,10.914,,
Delhi,Toluene,2015,02,2015-02,9.411,10.914,-1.503
Delhi,Toluene,2015,03,2015-03,8.617,9.411,-0.794
Delhi,Toluene,2015,04,2015-04,9.827,8.617,1.21
Delhi,Toluene,2015,05,2015-05,10.062,9.827,0.235
Delhi,Toluene,2015,06,2015-06,6.22,10.062,-3.842
Delhi,Toluene,2015,07,2015-07,6.409,6.22,0.189
Delhi,Toluene,2015,08,2015-08,7.37,6.409,0.961
Delhi,Toluene,2015,09,2015-09,10.317,7.37,2.947
Delhi,Toluene,2015,10,2015-10,19.338,10.317,9.021
Delhi,Toluene,2015,11,2015-11,17.311,19.338,-2.027
Delhi,Toluene,2015,12,2015-12,13.046,17.311,-4.265
Delhi,Toluene,2016,01,2016-01,16.848,13.046,3.802
Delhi,Toluene,2016,02,2016-02,15.497,16.848,-1.351
Delhi,Toluene,2016,03,2016-03,10.76,15.497,-4.737
Delhi,Toluene,2016,04,2016-04,12.546,10.76,1.786
Delhi,Toluene,2016,05,2016-05,10.038,12.546,-2.508
Delhi,Toluene,2016,06,2016-06,12.018,10.038,1.98
Delhi,Toluene,2016,07,2016-07,11.504,12.018,-0.514
Delhi,Toluene,2016,08,2016-08,13.464,11.504,1.96
Delhi,Toluene,2016,09,2016-09,8.095,13.464,-5.369
Delhi,Toluene,2016,10,2016-10,12.688,8.095,4.593
Delhi,Toluene,2016,11,2016-11,17.527,12.688,4.839
Delhi,Toluene,2016,12,2016-12,15.126,17.527,-2.401
Delhi,Toluene,2017,01,2017-01,10.519,15.126,-4.607
Delhi,Toluene,2017,02,2017-02,7.827,10.519,-2.692
Delhi,Toluene,2017,03,2017-03,6.591,7.827,-1.236
Delhi,Toluene,2017,04,2017-04,14.089,6.591,7.498
Delhi,Toluene,2017,05,2017-05,15.447,14.089,1.358
Delhi,Toluene,2017,06,2017-06,3.216,15.447,-12.231
Delhi,Toluene,2017,07,2017-07,0.0,3.216,-3.216
Delhi,Toluene,2017,08,2017-08,0.019,0.0,0.019
Delhi,Toluene,2017,09,2017-09,0.281,0.019,0.262
Delhi,Toluene,2017,10,2017-10,3.902,0.281,3.621
Delhi,Toluene,2017,11,2017-11,15.572,3.902,11.67
Delhi,Toluene,2017,12,2017-12,14.322,15.572,-1.25
Delhi,Toluene,2018,01,2018-01,8.816,14.322,-5.506
Delhi,Toluene,2018,02,2018-02,5.098,8.816,-3.718
Delhi,Toluene,2018,03,2018-03,4.445,5.098,-0.653
Delhi,Toluene,2018,04,2018-04,4.84,4.445,0.395
Delhi,Toluene,2018,05,2018-05,4.54,4.84,-0.3
Delhi,Toluene,2018,06,2018-06,9.275,4.54,4.735
Delhi,Toluene,2018,07,2018-07,24.907,9.275,15.632
Delhi,Toluene,2018,08,2018-08,26.145,24.907,1.238
Delhi,Toluene,2018,09,2018-09,31.889,26.145,5.744
Delhi,Toluene,2018,10,2018-10,64.523,31.889,32.634
Delhi,Toluene,2018,11,2018-11,51.766,64.523,-12.757
Delhi,Toluene,2018,12,2018-12,53.689,51.766,1.923
Delhi,Toluene,2019,01,2019-01,42.006,53.689,-11.683
Delhi,Toluene,2019,02,2019-02,30.507,42.006,-11.499
Delhi,Toluene,2019,03,2019-03,29.383,30.507,-1.124
Delhi,Toluene,2019,04,2019-04,28.245,29.383,-1.138
Delhi,Toluene,2019,05,2019-05,29.15,28.245,0.905
Delhi,Toluene,2019,06,2019-06,21.041,29.15,-8.109
Delhi,Toluene,2019,07,2019-07,20.437,21.041,-0.604
Delhi,Toluene,2019,08,2019-08,21.614,20.437,1.177
Delhi,Toluene,2019,09,2019-09,20.163,21.614,-1.451
Delhi,Toluene,2019,10,2019-10,32.037,20.163,11.874
Delhi,Toluene,2019,11,2019-11,37.232,32.037,5.195
Delhi,Toluene,2019,12,2019-12,35.332,37.232,-1.9
Delhi,Toluene,2020,01,2020-01,30.737,35.332,-4.595
Delhi,Toluene,2020,02,2020-02,23.898,30.737,-6.839
Delhi,Toluene,2020,03,2020-03,20.715,23.898,-3.183
Delhi,Toluene,2020,04,2020-04,10.364,20.715,-10.351
Delhi,Toluene,2020,05,2020-05,13.97,10.364,3.606
Delhi,Toluene,2020,06,2020-06,19.003,13.97,5.033
Delhi,Toluene,2020,07,2020-07,,19.003,
Delhi,Xylene,2015,01,2015-01,3.731,,
Delhi,Xylene,2015,02,2015-02,6.013,3.731,2.282
Delhi,Xylene,2015,03,2015-03,5.791,6.013,-0.222
Delhi,Xylene,2015,04,2015-04,2.949,5.791,-2.842
Delhi,Xylene,2015,05,2015-05,,2.949,
Delhi,Xylene,2015,06,2015-06,,,
Delhi,Xylene,2015,07,2015-07,,,
Delhi,Xylene,2015,08,2015-08,,,
Delhi,Xylene,2015,09,2015-09,3.285,,
Delhi,Xylene,2015,10,2015-10,2.597,3.285,-0.688
Delhi,Xylene,2015,11,2015-11,2.101,2.597,-0.496
Delhi,Xylene,2015,12,2015-12,0.002,2.101,-2.099
Delhi,Xylene,2016,01,2016-01,,0.002,
Delhi,Xylene,2016,02,2016-02,,,
Delhi,Xylene,2016,03,2016-03,,,
Delhi,Xylene,2016,04,2016-04,,,
Delhi,Xylene,2016,05,2016-05,,,
Delhi,Xylene,2016,06,2016-06,,,
Delhi,Xylene,2016,07,2016-07,,,
Delhi,Xylene,2016,08,2016-08,,,
Delhi,Xylene,2016,09,2016-09,,,
Delhi,Xylene,2016,10,2016-10,,,
Delhi,Xylene,2016,11,2016-11,,,
Delhi,Xylene,2016,12,2016-12,,,
Delhi,Xylene,2017,01,2017-01,,,
Delhi,Xylene,2017,02,2017-02,,,
Delhi,Xylene,2017,03,2017-03,,,
Delhi,Xylene,2017,04,2017-04,,,
Delhi,Xylene,2017,05,2017-05,,,
Delhi,Xylene,2017,06,2017-06,,,
Delhi,Xylene,2017,07,2017-07,,,
Delhi,Xylene,2017,08,2017-08,0.194,,
Delhi,Xylene,2017,09,2017-09,0.118,0.194,-0.076
Delhi,Xylene,2017,10,2017-10,0.082,0.118,-0.036
Delhi,Xylene,2017,11,2017-11,0.088,0.082,0.006
Delhi,Xylene,2017,12,2017-12,0.225,0.088,0.137
Delhi,Xylene,2018,01,2018-01,0.57,0.225,0.345
Delhi,Xylene,2018,02,2018-02,0.436,0.57,-0.134
Delhi,Xylene,2018,03,2018-03,0.066,0.436,-0.37
Delhi,Xylene,2018,04,2018-04,0.0,0.066,-0.066
Delhi,Xylene,2018,05,2018-05,0.0,0.0,0.0
Delhi,Xylene,2018,06,2018-06,1.864,0.0,1.864
Delhi,Xylene,2018,07,2018-07,1.513,1.864,-0.351
Delhi,Xylene,2018,08,2018-08,0.203,1.513,-1.31
Delhi,Xylene,2018,09,2018-09,0.088,0.203,-0.115
Delhi,Xylene,2018,10,2018-10,1.896,0.088,1.808
Delhi,Xylene,2018,11,2018-11,2.152,1.896,0.256
Delhi,Xylene,2018,12,2018-12,3.843,2.152,1.691
Delhi,Xylene,2019,01,2019-01,1.016,3.843,-2.827
Delhi,Xylene,2019,02,2019-02,2.147,1.016,1.131
Delhi,Xylene,2019,03,2019-03,0.602,2.147,-1.545
Delhi,Xylene,2019,04,2019-04,1.095,0.602,0.493
Delhi,Xylene,2019,05,2019-05,0.512,1.095,-0.583
Delhi,Xylene,2019,06,2019-06,0.43,0.512,-0.082
Delhi,Xylene,2019,07,2019-07,0.57,0.43,0.14
Delhi,Xylene,2019,08,2019-08,1.63,0.57,1.06
Delhi,Xylene,2019,09,2019-09,1.018,1.63,-0.612
Delhi,Xylene,2019,10,2019-10,2.363,1.018,1.345
Delhi,Xylene,2019,11,2019-11,1.299,2.363,-1.064
Delhi,Xylene,2019,12,2019-12,1.089,1.299,-0.21
Delhi,Xylene,2020,01,2020-01,0.968,1.089,-0.121
Delhi,Xylene,2020,02,2020-02,1.065,0.968,0.097
Delhi,Xylene,2020,03,2020-03,1.381,1.065,0.316
Delhi,Xylene,2020,04,2020-04,0.224,1.381,-1.157
Delhi,Xylene,2020,05,2020-05,0.8,0.224,0.576
Delhi,Xylene,2020,06,2020-06,0.766,0.8,-0.034
Delhi,Xylene,2020,07,2020-07,,0.766,
Hyderabad,Benzene,2015,01,2015-01,0.899,,
Hyderabad,Benzene,2015,02,2015-02,0.798,0.899,-0.101
Hyderabad,Benzene,2015,03,2015-03,0.651,0.798,-0.147
Hyderabad,Benzene,2015,04,2015-04,0.328,0.651,-0.323
Hyderabad,Benzene,2015,05,2015-05,,0.328,
Hyderabad,Benzene,2015,06,2015-06,,,
Hyderabad,Benzene,2015,07,2015-07,0.702,,
Hyderabad,Benzene,2015,08,2015-08,0.812,0.702,0.11
Hyderabad,Benzene,2015,09,2015-09,0.919,0.812,0.107
Hyderabad,Benzene,2015,10,2015-10,1.424,0.919,0.505
Hyderabad,Benzene,2015,11,2015-11,1.303,1.424,-0.121
Hyderabad,Benzene,2015,12,2015-12,1.386,1.303,0.083
Hyderabad,Benzene,2016,01,2016-01,1.087,1.386,-0.299
Hyderabad,Benzene,2016,02,2016-02,0.753,1.087,-0.334
Hyderabad,Benzene,2016,03,2016-03,1.124,0.753,0.371
Hyderabad,Benzene,2016,04,2016-04,0.821,1.124,-0.303
Hyderabad,Benzene,2016,05,2016-05,0.295,0.821,-0.526
Hyderabad,Benzene,2016,06,2016-06,0.164,0.295,-0.131
Hyderabad,Benzene,2016,07,2016-07,0.146,0.164,-0.018
Hyderabad,Benzene,2016,08,2016-08,0.047,0.146,-0.099
Hyderabad,Benzene,2016,09,2016-09,0.067,0.047,0.02
Hyderabad,Benzene,2016,10,2016-10,0.121,0.067,0.054
Hyderabad,Benzene,2016,11,2016-11,0.071,0.121,-0.05
Hyderabad,Benzene,2016,12,2016-12,0.038,0.071,-0.033
Hyderabad,Benzene,2017,01,2017-01,0.038,0.038,0.0
Hyderabad,Benzene,2017,02,2017-02,0.113,0.038,0.075
Hyderabad,Benzene,2017,03,2017-03,0.122,0.113,0.009
Hyderabad,Benzene,2017,04,2017-04,0.183,0.122,0.061
Hyderabad,Benzene,2017,05,2017-05,0.064,0.183,-0.119
Hyderabad,Benzene,2017,06,2017-06,0.054,0.064,-0.01
Hyderabad,Benzene,2017,07,2017-07,0.157,0.054,0.103
Hyderabad,Benzene,2017,08,2017-08,0.444,0.157,0.287
Hyderabad,Benzene,2017,09,2017-09,0.286,0.444,-0.158
Hyderabad,Benzene,2017,10,2017-10,1.078,0.286,0.792
Hyderabad,Benzene,2017,11,2017-11,4.62,1.078,3.542
Hyderabad,Benzene,2017,12,2017-12,4.145,4.62,-0.475
Hyderabad,Benzene,2018,01,2018-01,3.712,4.145,-0.433
Hyderabad,Benzene,2018,02,2018-02,2.605,3.712,-1.107
Hyderabad,Benzene,2018,03,2018-03,1.696,2.605,-0.909
Hyderabad,Benzene,2018,04,2018-04,1.213,1.696,-0.483
Hyderabad,Benzene,2018,05,2018-05,0.898,1.213,-0.315
Hyderabad,Benzene,2018,06,2018-06,0.513,0.898,-0.385
Hyderabad,Benzene,2018,07,2018-07,0.586,0.513,0.073
Hyderabad,Benzene,2018,08,2018-08,0.833,0.586,0.247
Hyderabad,Benzene,2018,09,2018-09,2.133,0.833,1.3
Hyderabad,Benzene,2018,10,2018-10,3.603,2.133,1.47
Hyderabad,Benzene,2018,11,2018-11,3.478,3.603,-0.125
Hyderabad,Benzene,2018,12,2018-12,2.983,3.478,-0.495
Hyderabad,Benzene,2019,01,2019-01,3.14,2.983,0.157
Hyderabad,Benzene,2019,02,2019-02,2.06,3.14,-1.08
Hyderabad,Benzene,2019,03,2019-03,1.862,2.06,-0.198
Hyderabad,Benzene,2019,04,2019-04,1.59,1.862,-0.272
Hyderabad,Benzene,2019,05,2019-05,2.611,1.59,1.021
Hyderabad,Benzene,2019,06,2019-06,0.606,2.611,-2.005
Hyderabad,Benzene,2019,07,2019-07,0.28,0.606,-0.326
Hyderabad,Benzene,2019,08,2019-08,0.435,0.28,0.155
Hyderabad,Benzene,2019,09,2019-09,0.306,0.435,-0.129
Hyderabad,Benzene,2019,10,2019-10,0.747,0.306,0.441
Hyderabad,Benzene,2019,11,2019-11,2.021,0.747,1.274
Hyderabad,Benzene,2019,12,2019-12,1.53,2.021,-0.491
Hyderabad,Benzene,2020,01,2020-01,0.387,1.53,-1.143
Hyderabad,Benzene,2020,02,2020-02,0.939,0.387,0.552
Hyderabad,Benzene,2020,03,2020-03,2.045,0.939,1.106
Hyderabad,Benzene,2020,04,2020-04,1.308,2.045,-0.737
Hyderabad,Benzene,2020,05,2020-05,1.629,1.308,0.321
Hyderabad,Benzene,2020,06,2020-06,0.79,1.629,-0.839
Hyderabad,Benzene,2020,07,2020-07,,0.79,
Hyderabad,CO,2015,01,2015-01,0.464,,
Hyderabad,CO,2015,02,2015-02,0.523,0.464,0.059
Hyderabad,CO,2015,03,2015-03,0.522,0.523,-0.001
Hyderabad,CO,2015,04,2015-04,0.915,0.522,0.393
Hyderabad,CO,2015,05,2015-05,0.953,0.915,0.038
Hyderabad,CO,2015,06,2015-06,0.772,0.953,-0.181
Hyderabad,CO,2015,07,2015-07,0.541,0.772,-0.231
Hyderabad,CO,2015,08,2015-08,0.697,0.541,0.156
Hyderabad,CO,2015,09,2015-09,0.556,0.697,-0.141
Hyderabad,CO,2015,10,2015-10,0.95,0.556,0.394
Hyderabad,CO,2015,11,2015-11,0.973,0.95,0.023
Hyderabad,CO,2015,12,2015-12,1.065,0.973,0.092
Hyderabad,CO,2016,01,2016-01,1.129,1.065,0.064
Hyderabad,CO,2016,02,2016-02,1.01,1.129,-0.119
Hyderabad,CO,2016,03,2016-03,1.046,1.01,0.036
Hyderabad,CO,2016,04,2016-04,0.953,1.046,-0.093
Hyderabad,CO,2016,05,2016-05,0.821,0.953,-0.132
Hyderabad,CO,2016,06,2016-06,0.838,0.821,0.017
Hyderabad,CO,2016,07,2016-07,1.826,0.838,0.988
Hyderabad,CO,2016,08,2016-08,0.878,1.826,-0.948
Hyderabad,CO,2016,09,2016-09,0.203,0.878,-0.675
Hyderabad,CO,2016,10,2016-10,0.384,0.203,0.181
Hyderabad,CO,2016,11,2016-11,0.503,0.384,0.119
Hyderabad,CO,2016,12,2016-12,0.387,0.503,-0.116
Hyderabad,CO,2017,01,2017-01,0.033,0.387,-0.354
Hyderabad,CO,2017,02,2017-02,0.112,0.033,0.079
Hyderabad,CO,2017,03,2017-03,0.165,0.112,0.053
Hyderabad,CO,2017,04,2017-04,0.167,0.165,0.002
Hyderabad,CO,2017,05,2017-05,0.112,0.167,-0.055
Hyderabad,CO,2017,06,2017-06,0.129,0.112,0.017
Hyderabad,CO,2017,07,2017-07,0.161,0.129,0.032
Hyderabad,CO,2017,08,2017-08,0.188,0.161,0.027
Hyderabad,CO,2017,09,2017-09,0.089,0.188,-0.099
Hyderabad,CO,2017,10,2017-10,0.197,0.089,0.108
Hyderabad,CO,2017,11,2017-11,0.748,0.197,0.551
Hyderabad,CO,2017,12,2017-12,0.94,0.748,0.192
Hyderabad,CO,2018,01,2018-01,0.96,0.94,0.02
Hyderabad,CO,2018,02,2018-02,0.858,0.96,-0.102
Hyderabad,CO,2018,03,2018-03,0.866,0.858,0.008
Hyderabad,CO,2018,04,2018-04,0.698,0.866,-0.168
Hyderabad,CO,2018,05,2018-05,0.699,0.698,0.001
Hyderabad,CO,2018,06,2018-06,0.515,0.699,-0.184
Hyderabad,CO,2018,07,2018-07,0.287,0.515,-0.228
Hyderabad,CO,2018,08,2018-08,0.3,0.287,0.013
Hyderabad,CO,2018,09,2018-09,0.472,0.3,0.172
Hyderabad,CO,2018,10,2018-10,0.556,0.472,0.084
Hyderabad,CO,2018,11,2018-11,0.605,0.556,0.049
Hyderabad,CO,2018,12,2018-12,0.662,0.605,0.057
Hyderabad,CO,2019,01,2019-01,0.717,0.662,0.055
Hyderabad,CO,2019,02,2019-02,0.604,0.717,-0.113
Hyderabad,CO,2019,03,2019-03,0.621,0.604,0.017
Hyderabad,CO,2019,04,2019-04,0.596,0.621,-0.025
Hyderabad,CO,2019,05,2019-05,0.639,0.596,0.043
Hyderabad,CO,2019,06,2019-06,0.407,0.639,-0.232
Hyderabad,CO,2019,07,2019-07,0.377,0.407,-0.03
Hyderabad,CO,2019,08,2019-08,0.391,0.377,0.014
Hyderabad,CO,2019,09,2019-09,0.423,0.391,0.032
Hyderabad,CO,2019,10,2019-10,0.598,0.423,0.175
Hyderabad,CO,2019,11,2019-11,0.687,0.598,0.089
Hyderabad,CO,2019,12,2019-12,0.781,0.687,0.094
Hyderabad,CO,2020,01,2020-01,0.552,0.781,-0.229
Hyderabad,CO,2020,02,2020-02,0.494,0.552,-0.058
Hyderabad,CO,2020,03,2020-03,0.491,0.494,-0.003
Hyderabad,CO,2020,04,2020-04,0.477,0.491,-0.014
Hyderabad,CO,2020,05,2020-05,0.46,0.477,-0.017
Hyderabad,CO,2020,06,2020-06,0.312,0.46,-0.148
Hyderabad,CO,2020,07,2020-07,,0.312,
Hyderabad,NH3,2015,01,2015-01,,,
Hyderabad,NH3,2015,02,2015-02,,,
Hyderabad,NH3,2015,03,2015-03,,,
Hyderabad,NH3,2015,04,2015-04,,,
Hyderabad,NH3,2015,05,2015-05,,,
Hyderabad,NH3,2015,06,2015-06,,,
Hyderabad,NH3,2015,07,2015-07,,,
Hyderabad,NH3,2015,08,2015-08,,,
Hyderabad,NH3,2015,09,2015-09,23.295,,
Hyderabad,NH3,2015,10,2015-10,10.711,23.295,-12.584
Hyderabad,NH3,2015,11,2015-11,9.255,10.711,-1.456
Hyderabad,NH3,2015,12,2015-12,10.348,9.255,1.093
Hyderabad,NH3,2016,01,2016-01,10.454,10.348,0.106
Hyderabad,NH3,2016,02,2016-02,10.399,10.454,-0.055
Hyderabad,NH3,2016,03,2016-03,10.287,10.399,-0.112
Hyderabad,NH3,2016,04,2016-04,23.594,10.287,13.307
Hyderabad,NH3,2016,05,2016-05,29.586,23.594,5.992
Hyderabad,NH3,2016,06,2016-06,,29.586,
Hyderabad,NH3,2016,07,2016-07,,,
Hyderabad,NH3,2016,08,2016-08,11.816,,
Hyderabad,NH3,2016,09,2016-09,22.758,11.816,10.942
Hyderabad,NH3,2016,10,2016-10,29.278,22.758,6.52
Hyderabad,NH3,2016,11,2016-11,25.791,29.278,-3.487
Hyderabad,NH3,2016,12,2016-12,28.647,25.791,2.856
Hyderabad,NH3,2017,01,2017-01,19.752,28.647,-8.895
Hyderabad,NH3,2017,02,2017-02,25.493,19.752,5.741
Hyderabad,NH3,2017,03,2017-03,21.624,25.493,-3.869
Hyderabad,NH3,2017,04,2017-04,25.894,21.624,4.27
Hyderabad,NH3,2017,05,2017-05,27.925,25.894,2.031
Hyderabad,NH3,2017,06,2017-06,9.867,27.925,-18.058
Hyderabad,NH3,2017,07,2017-07,5.649,9.867,-4.218
Hyderabad,NH3,2017,08,2017-08,6.22,5.649,0.571
Hyderabad,NH3,2017,09,2017-09,6.217,6.22,-0.003
Hyderabad,NH3,2017,10,2017-10,11.549,6.217,5.332
Hyderabad,NH3,2017,11,2017-11,15.698,11.549,4.149
Hyderabad,NH3,2017,12,2017-12,17.489,15.698,1.791
Hyderabad,NH3,2018,01,2018-01,23.571,17.489,6.082
Hyderabad,NH3,2018,02,2018-02,24.628,23.571,1.057
Hyderabad,NH3,2018,03,2018-03,20.847,24.628,-3.781
Hyderabad,NH3,2018,04,2018-04,16.103,20.847,-4.744
Hyderabad,NH3,2018,05,2018-05,13.851,16.103,-2.252
Hyderabad,NH3,2018,06,2018-06,14.954,13.851,1.103
Hyderabad,NH3,2018,07,2018-07,15.396,14.954,0.442
Hyderabad,NH3,2018,08,2018-08,15.632,15.396,0.236
Hyderabad,NH3,2018,09,2018-09,15.504,15.632,-0.128
Hyderabad,NH3,2018,10,2018-10,13.975,15.504,-1.529
Hyderabad,NH3,2018,11,2018-11,10.448,13.975,-3.527
Hyderabad,NH3,2018,12,2018-12,12.03,10.448,1.582
Hyderabad,NH3,2019,01,2019-01,18.929,12.03,6.899
Hyderabad,NH3,2019,02,2019-02,16.167,18.929,-2.762
Hyderabad,NH3,2019,03,2019-03,14.923,16.167,-1.244
Hyderabad,NH3,2019,04,2019-04,13.411,14.923,-1.512
Hyderabad,NH3,2019,05,2019-05,16.917,13.411,3.506
Hyderabad,NH3,2019,06,2019-06,11.724,16.917,-5.193
Hyderabad,NH3,2019,07,2019-07,9.437,11.724,-2.287
Hyderabad,NH3,2019,08,2019-08,16.241,9.437,6.804
Hyderabad,NH3,2019,09,2019-09,11.201,16.241,-5.04
Hyderabad,NH3,2019,10,2019-10,10.175,11.201,-1.026
Hyderabad,NH3,2019,11,2019-11,13.617,10.175,3.442
Hyderabad,NH3,2019,12,2019-12,15.138,13.617,1.521
Hyderabad,NH3,2020,01,2020-01,18.25,15.138,3.112
Hyderabad,NH3,2020,02,2020-02,20.285,18.25,2.035
Hyderabad,NH3,2020,03,2020-03,13.95,20.285,-6.335
Hyderabad,NH3,2020,04,2020-04,14.33,13.95,0.38
Hyderabad,NH3,2020,05,2020-05,13.457,14.33,-0.873
Hyderabad,NH3,2020,06,2020-06,14.947,13.457,1.49
Hyderabad,NH3,2020,07,2020-07,,14.947,
Hyderabad,NO,2015,01,2015-01,12.036,,
Hyderabad,NO,2015,02,2015-02,14.816,12.036,2.78
Hyderabad,NO,2015,03,2015-03,11.404,14.816,-3.412
Hyderabad,NO,2015,04,2015-04,13.569,11.404,2.165
Hyderabad,NO,2015,05,2015-05,13.076,13.569,-0.493
Hyderabad,NO,2015,06,2015-06,10.802,13.076,-2.274
Hyderabad,NO,2015,07,2015-07,8.639,10.802,-2.163
Hyderabad,NO,2015,08,2015-08,8.857,8.639,0.218
Hyderabad,NO,2015,09,2015-09,5.178,8.857,-3.679
Hyderabad,NO,2015,10,2015-10,3.525,5.178,-1.653
Hyderabad,NO,2015,11,2015-11,7.502,3.525,3.977
Hyderabad,NO,2015,12,2015-12,8.832,7.502,1.33
Hyderabad,NO,2016,01,2016-01,8.764,8.832,-0.068
Hyderabad,NO,2016,02,2016-02,6.256,8.764,-2.508
Hyderabad,NO,2016,03,2016-03,6.028,6.256,-0.228
Hyderabad,NO,2016,04,2016-04,7.627,6.028,1.599
Hyderabad,NO,2016,05,2016-05,9.258,7.627,1.631
Hyderabad,NO,2016,06,2016-06,7.017,9.258,-2.241
Hyderabad,NO,2016,07,2016-07,7.238,7.017,0.221
Hyderabad,NO,2016,08,2016-08,7.479,7.238,0.241
Hyderabad,NO,2016,09,2016-09,11.303,7.479,3.824
Hyderabad,NO,2016,10,2016-10,11.843,11.303,0.54
Hyderabad,NO,2016,11,2016-11,9.514,11.843,-2.329
Hyderabad,NO,2016,12,2016-12,10.822,9.514,1.308
Hyderabad,NO,2017,01,2017-01,11.902,10.822,1.08
Hyderabad,NO,2017,02,2017-02,11.188,11.902,-0.714
Hyderabad,NO,2017,03,2017-03,10.526,11.188,-0.662
Hyderabad,NO,2017,04,2017-04,9.805,10.526,-0.721
Hyderabad,NO,2017,05,2017-05,5.512,9.805,-4.293
Hyderabad,NO,2017,06,2017-06,7.79,5.512,2.278
Hyderabad,NO,2017,07,2017-07,7.023,7.79,-0.767
Hyderabad,NO,2017,08,2017-08,8.056,7.023,1.033
Hyderabad,NO,2017,09,2017-09,8.654,8.056,0.598
Hyderabad,NO,2017,10,2017-10,11.352,8.654,2.698
Hyderabad,NO,2017,11,2017-11,9.655,11.352,-1.697
Hyderabad,NO,2017,12,2017-12,8.753,9.655,-0.902
Hyderabad,NO,2018,01,2018-01,8.598,8.753,-0.155
Hyderabad,NO,2018,02,2018-02,10.554,8.598,1.956
Hyderabad,NO,2018,03,2018-03,5.534,10.554,-5.02
Hyderabad,NO,2018,04,2018-04,5.684,5.534,0.15
Hyderabad,NO,2018,05,2018-05,3.205,5.684,-2.479
Hyderabad,NO,2018,06,2018-06,3.304,3.205,0.099
Hyderabad,NO,2018,07,2018-07,4.812,3.304,1.508
Hyderabad,NO,2018,08,2018-08,6.16,4.812,1.348
Hyderabad,NO,2018,09,2018-09,7.958,6.16,1.798
Hyderabad,NO,2018,10,2018-10,7.289,7.958,-0.669
Hyderabad,NO,2018,11,2018-11,6.807,7.289,-0.482
Hyderabad,NO,2018,12,2018-12,5.549,6.807,-1.258
Hyderabad,NO,2019,01,2019-01,7.359,5.549,1.81
Hyderabad,NO,2019,02,2019-02,4.664,7.359,-2.695
Hyderabad,NO,2019,03,2019-03,4.467,4.664,-0.197
Hyderabad,NO,2019,04,2019-04,4.065,4.467,-0.402
Hyderabad,NO,2019,05,2019-05,3.863,4.065,-0.202
Hyderabad,NO,2019,06,2019-06,2.184,3.863,-1.679
Hyderabad,NO,2019,07,2019-07,3.067,2.184,0.883
Hyderabad,NO,2019,08,2019-08,4.737,3.067,1.67
Hyderabad,NO,2019,09,2019-09,4.619,4.737,-0.118
Hyderabad,NO,2019,10,2019-10,5.703,4.619,1.084
Hyderabad,NO,2019,11,2019-11,5.349,5.703,-0.354
Hyderabad,NO,2019,12,2019-12,10.358,5.349,5.009
Hyderabad,NO,2020,01,2020-01,10.572,10.358,0.214
Hyderabad,NO,2020,02,2020-02,12.571,10.572,1.999
Hyderabad,NO,2020,03,2020-03,8.241,12.571,-4.33
Hyderabad,NO,2020,04,2020-04,7.852,8.241,-0.389
Hyderabad,NO,2020,05,2020-05,6.007,7.852,-1.845
Hyderabad,NO,2020,06,2020-06,6.047,6.007,0.04
Hyderabad,NO,2020,07,2020-07,,6.047,
Hyderabad,NO2,2015,01,2015-01,23.458,,
Hyderabad,NO2,2015,02,2015-02,27.019,23.458,3.561
Hyderabad,NO2,2015,03,2015-03,21.328,27.019,-5.691
Hyderabad,NO2,2015,04,2015-04,16.339,21.328,-4.989
Hyderabad,NO2,2015,05,2015-05,15.886,16.339,-0.453
Hyderabad,NO2,2015,06,2015-06,10.375,15.886,-5.511
Hyderabad,NO2,2015,07,2015-07,6.687,10.375,-3.688
Hyderabad,NO2,2015,08,2015-08,13.14,6.687,6.453
Hyderabad,NO2,2015,09,2015-09,17.37,13.14,4.23
Hyderabad,NO2,2015,10,2015-10,5.686,17.37,-11.684
Hyderabad,NO2,2015,11,2015-11,10.685,5.686,4.999
Hyderabad,NO2,2015,12,2015-12,15.507,10.685,4.822
Hyderabad,NO2,2016,01,2016-01,12.124,15.507,-3.383
Hyderabad,NO2,2016,02,2016-02,10.237,12.124,-1.887
Hyderabad,NO2,2016,03,2016-03,10.488,10.237,0.251
Hyderabad,NO2,2016,04,2016-04,30.837,10.488,20.349
Hyderabad,NO2,2016,05,2016-05,29.503,30.837,-1.334
Hyderabad,NO2,2016,06,2016-06,12.771,29.503,-16.732
Hyderabad,NO2,2016,07,2016-07,10.42,12.771,-2.351
Hyderabad,NO2,2016,08,2016-08,8.205,10.42,-2.215
Hyderabad,NO2,2016,09,2016-09,51.289,8.205,43.084
Hyderabad,NO2,2016,10,2016-10,57.231,51.289,5.942
Hyderabad,NO2,2016,11,2016-11,38.686,57.231,-18.545
Hyderabad,NO2,2016,12,2016-12,57.405,38.686,18.719
Hyderabad,NO2,2017,01,2017-01,48.16,57.405,-9.245
Hyderabad,NO2,2017,02,2017-02,44.134,48.16,-4.026
Hyderabad,NO2,2017,03,2017-03,36.511,44.134,-7.623
Hyderabad,NO2,2017,04,2017-04,37.184,36.511,0.673
Hyderabad,NO2,2017,05,2017-05,39.9,37.184,2.716
Hyderabad,NO2,2017,06,2017-06,15.957,39.9,-23.943
Hyderabad,NO2,2017,07,2017-07,13.225,15.957,-2.732
Hyderabad,NO2,2017,08,2017-08,14.259,13.225,1.034
Hyderabad,NO2,2017,09,2017-09,16.351,14.259,2.092
Hyderabad,NO2,2017,10,2017-10,23.54,16.351,7.189
Hyderabad,NO2,2017,11,2017-11,39.549,23.54,16.009
Hyderabad,NO2,2017,12,2017-12,49.897,39.549,10.348
Hyderabad,NO2,2018,01,2018-01,53.534,49.897,3.637
Hyderabad,NO2,2018,02,2018-02,51.735,53.534,-1.799
Hyderabad,NO2,2018,03,2018-03,45.59,51.735,-6.145
Hyderabad,NO2,2018,04,2018-04,37.668,45.59,-7.922
Hyderabad,NO2,2018,05,2018-05,30.978,37.668,-6.69
Hyderabad,NO2,2018,06,2018-06,24.035,30.978,-6.943
Hyderabad,NO2,2018,07,2018-07,23.354,24.035,-0.681
Hyderabad,NO2,2018,08,2018-08,24.073,23.354,0.719
Hyderabad,NO2,2018,09,2018-09,30.92,24.073,6.847
Hyderabad,NO2,2018,10,2018-10,42.162,30.92,11.242
Hyderabad,NO2,2018,11,2018-11,45.537,42.162,3.375
Hyderabad,NO2,2018,12,2018-12,41.537,45.537,-4.0
Hyderabad,NO2,2019,01,2019-01,48.299,41.537,6.762
Hyderabad,NO2,2019,02,2019-02,43.218,48.299,-5.081
Hyderabad,NO2,2019,03,2019-03,36.566,43.218,-6.652
Hyderabad,NO2,2019,04,2019-04,32.824,36.566,-3.742
Hyderabad,NO2,2019,05,2019-05,30.842,32.824,-1.982
Hyderabad,NO2,2019,06,2019-06,18.223,30.842,-12.619
Hyderabad,NO2,2019,07,2019-07,12.817,18.223,-5.406
Hyderabad,NO2,2019,08,2019-08,19.242,12.817,6.425
Hyderabad,NO2,2019,09,2019-09,16.988,19.242,-2.254
Hyderabad,NO2,2019,10,2019-10,24.07,16.988,7.082
Hyderabad,NO2,2019,11,2019-11,33.525,24.07,9.455
Hyderabad,NO2,2019,12,2019-12,40.176,33.525,6.651
Hyderabad,NO2,2020,01,2020-01,34.109,40.176,-6.067
Hyderabad,NO2,2020,02,2020-02,34.824,34.109,0.715
Hyderabad,NO2,2020,03,2020-03,23.72,34.824,-11.104
Hyderabad,NO2,2020,04,2020-04,22.405,23.72,-1.315
Hyderabad,NO2,2020,05,2020-05,26.234,22.405,3.829
Hyderabad,NO2,2020,06,2020-06,21.728,26.234,-4.506
Hyderabad,NO2,2020,07,2020-07,,21.728,
Hyderabad,NOx,2015,01,2015-01,35.494,,
Hyderabad,NOx,2015,02,2015-02,41.835,35.494,6.341
Hyderabad,NOx,2015,03,2015-03,32.731,41.835,-9.104
Hyderabad,NOx,2015,04,2015-04,29.783,32.731,-2.948
Hyderabad,NOx,2015,05,2015-05,28.613,29.783,-1.17
Hyderabad,NOx,2015,06,2015-06,20.985,28.613,-7.628
Hyderabad,NOx,2015,07,2015-07,15.261,20.985,-5.724
Hyderabad,NOx,2015,08,2015-08,21.49,15.261,6.229
Hyderabad,NOx,2015,09,2015-09,18.814,21.49,-2.676
Hyderabad,NOx,2015,10,2015-10,7.179,18.814,-11.635
Hyderabad,NOx,2015,11,2015-11,15.896,7.179,8.717
Hyderabad,NOx,2015,12,2015-12,22.49,15.896,6.594
Hyderabad,NOx,2016,01,2016-01,19.076,22.49,-3.414
Hyderabad,NOx,2016,02,2016-02,14.946,19.076,-4.13
Hyderabad,NOx,2016,03,2016-03,15.023,14.946,0.077
Hyderabad,NOx,2016,04,2016-04,25.779,15.023,10.756
Hyderabad,NOx,2016,05,2016-05,27.249,25.779,1.47
Hyderabad,NOx,2016,06,2016-06,19.787,27.249,-7.462
Hyderabad,NOx,2016,07,2016-07,17.649,19.787,-2.138
Hyderabad,NOx,2016,08,2016-08,5.902,17.649,-11.747
Hyderabad,NOx,2016,09,2016-09,13.205,5.902,7.303
Hyderabad,NOx,2016,10,2016-10,16.658,13.205,3.453
Hyderabad,NOx,2016,11,2016-11,12.858,16.658,-3.8
Hyderabad,NOx,2016,12,2016-12,12.649,12.858,-0.209
Hyderabad,NOx,2017,01,2017-01,11.966,12.649,-0.683
Hyderabad,NOx,2017,02,2017-02,10.754,11.966,-1.212
Hyderabad,NOx,2017,03,2017-03,10.944,10.754,0.19
Hyderabad,NOx,2017,04,2017-04,11.604,10.944,0.66
Hyderabad,NOx,2017,05,2017-05,11.424,11.604,-0.18
Hyderabad,NOx,2017,06,2017-06,7.31,11.424,-4.114
Hyderabad,NOx,2017,07,2017-07,6.563,7.31,-0.747
Hyderabad,NOx,2017,08,2017-08,7.252,6.563,0.689
Hyderabad,NOx,2017,09,2017-09,8.372,7.252,1.12
Hyderabad,NOx,2017,10,2017-10,6.217,8.372,-2.155
Hyderabad,NOx,2017,11,2017-11,27.465,6.217,21.248
Hyderabad,NOx,2017,12,2017-12,33.265,27.465,5.8
Hyderabad,NOx,2018,01,2018-01,35.011,33.265,1.746
Hyderabad,NOx,2018,02,2018-02,35.408,35.011,0.397
Hyderabad,NOx,2018,03,2018-03,28.52,35.408,-6.888
Hyderabad,NOx,2018,04,2018-04,24.35,28.52,-4.17
Hyderabad,NOx,2018,05,2018-05,18.94,24.35,-5.41
Hyderabad,NOx,2018,06,2018-06,15.266,18.94,-3.674
Hyderabad,NOx,2018,07,2018-07,15.971,15.266,0.705
Hyderabad,NOx,2018,08,2018-08,17.144,15.971,1.173
Hyderabad,NOx,2018,09,2018-09,22.341,17.144,5.197
Hyderabad,NOx,2018,10,2018-10,27.794,22.341,5.453
Hyderabad,NOx,2018,11,2018-11,29.026,27.794,1.232
Hyderabad,NOx,2018,12,2018-12,25.944,29.026,-3.082
Hyderabad,NOx,2019,01,2019-01,31.048,25.944,5.104
Hyderabad,NOx,2019,02,2019-02,26.416,31.048,-4.632
Hyderabad,NOx,2019,03,2019-03,22.635,26.416,-3.781
Hyderabad,NOx,2019,04,2019-04,20.448,22.635,-2.187
Hyderabad,NOx,2019,05,2019-05,19.318,20.448,-1.13
Hyderabad,NOx,2019,06,2019-06,11.175,19.318,-8.143
Hyderabad,NOx,2019,07,2019-07,8.779,11.175,-2.396
Hyderabad,NOx,2019,08,2019-08,13.322,8.779,4.543
Hyderabad,NOx,2019,09,2019-09,11.127,13.322,-2.195
Hyderabad,NOx,2019,10,2019-10,15.081,11.127,3.954
Hyderabad,NOx,2019,11,2019-11,21.256,15.081,6.175
Hyderabad,NOx,2019,12,2019-12,28.538,21.256,7.282
Hyderabad,NOx,2020,01,2020-01,25.249,28.538,-3.289
Hyderabad,NOx,2020,02,2020-02,27.046,25.249,1.797
Hyderabad,NOx,2020,03,2020-03,18.141,27.046,-8.905
Hyderabad,NOx,2020,04,2020-04,16.785,18.141,-1.356
Hyderabad,NOx,2020,05,2020-05,17.749,16.785,0.964
Hyderabad,NOx,2020,06,2020-06,15.23,17.749,-2.519
Hyderabad,NOx,2020,07,2020-07,,15.23,
Hyderabad,O3,2015,01,2015-01,25.476,,
Hyderabad,O3,2015,02,2015-02,32.706,25.476,7.23
Hyderabad,O3,2015,03,2015-03,32.535,32.706,-0.171
Hyderabad,O3,2015,04,2015-04,34.87,32.535,2.335
Hyderabad,O3,2015,05,2015-05,37.414,34.87,2.544
Hyderabad,O3,2015,06,2015-06,22.449,37.414,-14.965
Hyderabad,O3,2015,07,2015-07,15.443,22.449,-7.006
Hyderabad,O3,2015,08,2015-08,15.301,15.443,-0.142
Hyderabad,O3,2015,09,2015-09,23.533,15.301,8.232
Hyderabad,O3,2015,10,2015-10,34.635,23.533,11.102
Hyderabad,O3,2015,11,2015-11,34.778,34.635,0.143
Hyderabad,O3,2015,12,2015-12,32.794,34.778,-1.984
Hyderabad,O3,2016,01,2016-01,42.718,32.794,9.924
Hyderabad,O3,2016,02,2016-02,32.153,42.718,-10.565
Hyderabad,O3,2016,03,2016-03,42.702,32.153,10.549
Hyderabad,O3,2016,04,2016-04,41.737,42.702,-0.965
Hyderabad,O3,2016,05,2016-05,30.983,41.737,-10.754
Hyderabad,O3,2016,06,2016-06,20.025,30.983,-10.958
Hyderabad,O3,2016,07,2016-07,10.566,20.025,-9.459
Hyderabad,O3,2016,08,2016-08,8.563,10.566,-2.003
Hyderabad,O3,2016,09,2016-09,19.677,8.563,11.114
Hyderabad,O3,2016,10,2016-10,34.387,19.677,14.71
Hyderabad,O3,2016,11,2016-11,64.15,34.387,29.763
Hyderabad,O3,2016,12,2016-12,51.203,64.15,-12.947
Hyderabad,O3,2017,01,2017-01,52.066,51.203,0.863
Hyderabad,O3,2017,02,2017-02,57.531,52.066,5.465
Hyderabad,O3,2017,03,2017-03,51.008,57.531,-6.523
Hyderabad,O3,2017,04,2017-04,47.401,51.008,-3.607
Hyderabad,O3,2017,05,2017-05,48.156,47.401,0.755
Hyderabad,O3,2017,06,2017-06,41.128,48.156,-7.028
Hyderabad,O3,2017,07,2017-07,29.43,41.128,-11.698
Hyderabad,O3,2017,08,2017-08,29.965,29.43,0.535
Hyderabad,O3,2017,09,2017-09,33.773,29.965,3.808
Hyderabad,O3,2017,10,2017-10,53.322,33.773,19.549
Hyderabad,O3,2017,11,2017-11,51.898,53.322,-1.424
Hyderabad,O3,2017,12,2017-12,50.704,51.898,-1.194
Hyderabad,O3,2018,01,2018-01,49.05,50.704,-1.654
Hyderabad,O3,2018,02,2018-02,42.784,49.05,-6.266
Hyderabad,O3,2018,03,2018-03,46.428,42.784,3.644
Hyderabad,O3,2018,04,2018-04,43.409,46.428,-3.019
Hyderabad,O3,2018,05,2018-05,49.41,43.409,6.001
Hyderabad,O3,2018,06,2018-06,28.214,49.41,-21.196
Hyderabad,O3,2018,07,2018-07,17.828,28.214,-10.386
Hyderabad,O3,2018,08,2018-08,14.17,17.828,-3.658
Hyderabad,O3,2018,09,2018-09,21.06,14.17,6.89
Hyderabad,O3,2018,10,2018-10,27.759,21.06,6.699
Hyderabad,O3,2018,11,2018-11,33.459,27.759,5.7
Hyderabad,O3,2018,12,2018-12,34.853,33.459,1.394
Hyderabad,O3,2019,01,2019-01,32.395,34.853,-2.458
Hyderabad,O3,2019,02,2019-02,31.825,32.395,-0.57
Hyderabad,O3,2019,03,2019-03,31.302,31.825,-0.523
Hyderabad,O3,2019,04,2019-04,42.397,31.302,11.095
Hyderabad,O3,2019,05,2019-05,44.304,42.397,1.907
Hyderabad,O3,2019,06,2019-06,34.812,44.304,-9.492
Hyderabad,O3,2019,07,2019-07,19.763,34.812,-15.049
Hyderabad,O3,2019,08,2019-08,16.727,19.763,-3.036
Hyderabad,O3,2019,09,2019-09,16.384,16.727,-0.343
Hyderabad,O3,2019,10,2019-10,19.918,16.384,3.534
Hyderabad,O3,2019,11,2019-11,30.543,19.918,10.625
Hyderabad,O3,2019,12,2019-12,27.887,30.543,-2.656
Hyderabad,O3,2020,01,2020-01,28.284,27.887,0.397
Hyderabad,O3,2020,02,2020-02,28.11,28.284,-0.174
Hyderabad,O3,2020,03,2020-03,26.852,28.11,-1.258
Hyderabad,O3,2020,04,2020-04,28.037,26.852,1.185
Hyderabad,O3,2020,05,2020-05,31.244,28.037,3.207
Hyderabad,O3,2020,06,2020-06,18.501,31.244,-12.743
Hyderabad,O3,2020,07,2020-07,,18.501,
Hyderabad,PM10,2015,01,2015-01,,,
Hyderabad,PM10,2015,02,2015-02,,,
Hyderabad,PM10,2015,03,2015-03,,,
Hyderabad,PM10,2015,04,2015-04,,,
Hyderabad,PM10,2015,05,2015-05,,,
Hyderabad,PM10,2015,06,2015-06,,,
Hyderabad,PM10,2015,07,2015-07,,,
Hyderabad,PM10,2015,08,2015-08,,,
Hyderabad,PM10,2015,09,2015-09,38.231,,
Hyderabad,PM10,2015,10,2015-10,96.476,38.231,58.245
Hyderabad,PM10,2015,11,2015-11,102.353,96.476,5.877
Hyderabad,PM10,2015,12,2015-12,95.049,102.353,-7.304
Hyderabad,PM10,2016,01,2016-01,101.887,95.049,6.838
Hyderabad,PM10,2016,02,2016-02,100.209,101.887,-1.678
Hyderabad,PM10,2016,03,2016-03,96.536,100.209,-3.673
Hyderabad,PM10,2016,04,2016-04,95.683,96.536,-0.853
Hyderabad,PM10,2016,05,2016-05,72.934,95.683,-22.749
Hyderabad,PM10,2016,06,2016-06,,72.934,
Hyderabad,PM10,2016,07,2016-07,,,
Hyderabad,PM10,2016,08,2016-08,26.958,,
Hyderabad,PM10,2016,09,2016-09,58.946,26.958,31.988
Hyderabad,PM10,2016,10,2016-10,82.279,58.946,23.333
Hyderabad,PM10,2016,11,2016-11,99.497,82.279,17.218
Hyderabad,PM10,2016,12,2016-12,97.894,99.497,-1.603
Hyderabad,PM10,2017,01,2017-01,128.923,97.894,31.029
Hyderabad,PM10,2017,02,2017-02,152.295,128.923,23.372
Hyderabad,PM10,2017,03,2017-03,132.336,152.295,-19.959
Hyderabad,PM10,2017,04,2017-04,157.872,132.336,25.536
Hyderabad,PM10,2017,05,2017-05,101.619,157.872,-56.253
Hyderabad,PM10,2017,06,2017-06,34.27,101.619,-67.349
Hyderabad,PM10,2017,07,2017-07,44.635,34.27,10.365
Hyderabad,PM10,2017,08,2017-08,44.513,44.635,-0.122
Hyderabad,PM10,2017,09,2017-09,53.128,44.513,8.615
Hyderabad,PM10,2017,10,2017-10,80.144,53.128,27.016
Hyderabad,PM10,2017,11,2017-11,103.928,80.144,23.784
Hyderabad,PM10,2017,12,2017-12,134.465,103.928,30.537
Hyderabad,PM10,2018,01,2018-01,144.854,134.465,10.389
Hyderabad,PM10,2018,02,2018-02,115.052,144.854,-29.802
Hyderabad,PM10,2018,03,2018-03,115.537,115.052,0.485
Hyderabad,PM10,2018,04,2018-04,91.042,115.537,-24.495
Hyderabad,PM10,2018,05,2018-05,90.728,91.042,-0.314
Hyderabad,PM10,2018,06,2018-06,54.502,90.728,-36.226
Hyderabad,PM10,2018,07,2018-07,45.041,54.502,-9.461
Hyderabad,PM10,2018,08,2018-08,50.25,45.041,5.209
Hyderabad,PM10,2018,09,2018-09,78.846,50.25,28.596
Hyderabad,PM10,2018,10,2018-10,118.454,78.846,39.608
Hyderabad,PM10,2018,11,2018-11,118.287,118.454,-0.167
Hyderabad,PM10,2018,12,2018-12,125.441,118.287,7.154
Hyderabad,PM10,2019,01,2019-01,133.099,125.441,7.658
Hyderabad,PM10,2019,02,2019-02,119.054,133.099,-14.045
Hyderabad,PM10,2019,03,2019-03,115.596,119.054,-3.458
Hyderabad,PM10,2019,04,2019-04,94.349,115.596,-21.247
Hyderabad,PM10,2019,05,2019-05,125.585,94.349,31.236
Hyderabad,PM10,2019,06,2019-06,57.31,125.585,-68.275
Hyderabad,PM10,2019,07,2019-07,39.933,57.31,-17.377
Hyderabad,PM10,2019,08,2019-08,48.821,39.933,8.888
Hyderabad,PM10,2019,09,2019-09,42.044,48.821,-6.777
Hyderabad,PM10,2019,10,2019-10,68.804,42.044,26.76
Hyderabad,PM10,2019,11,2019-11,130.779,68.804,61.975
Hyderabad,PM10,2019,12,2019-12,121.626,130.779,-9.153
Hyderabad,PM10,2020,01,2020-01,104.006,121.626,-17.62
Hyderabad,PM10,2020,02,2020-02,98.055,104.006,-5.951
Hyderabad,PM10,2020,03,2020-03,80.472,98.055,-17.583
Hyderabad,PM10,2020,04,2020-04,59.741,80.472,-20.731
Hyderabad,PM10,2020,05,2020-05,80.478,59.741,20.737
Hyderabad,PM10,2020,06,2020-06,45.096,80.478,-35.382
Hyderabad,PM10,2020,07,2020-07,,45.096,
Hyderabad,PM2.5,2015,01,2015-01,,,
Hyderabad,PM2.5,2015,02,2015-02,,,
Hyderabad,PM2.5,2015,03,2015-03,47.029,,
Hyderabad,PM2.5,2015,04,2015-04,57.063,47.029,10.034
Hyderabad,PM2.5,2015,05,2015-05,51.552,57.063,-5.511
Hyderabad,PM2.5,2015,06,2015-06,75.542,51.552,23.99
Hyderabad,PM2.5,2015,07,2015-07,26.766,75.542,-48.776
Hyderabad,PM2.5,2015,08,2015-08,50.841,26.766,24.075
Hyderabad,PM2.5,2015,09,2015-09,77.79,50.841,26.949
Hyderabad,PM2.5,2015,10,2015-10,121.82,77.79,44.03
Hyderabad,PM2.5,2015,11,2015-11,60.782,121.82,-61.038
Hyderabad,PM2.5,2015,12,2015-12,56.349,60.782,-4.433
Hyderabad,PM2.5,2016,01,2016-01,79.079,56.349,22.73
Hyderabad,PM2.5,2016,02,2016-02,87.283,79.079,8.204
Hyderabad,PM2.5,2016,03,2016-03,56.559,87.283,-30.724
Hyderabad,PM2.5,2016,04,2016-04,48.513,56.559,-8.046
Hyderabad,PM2.5,2016,05,2016-05,38.242,48.513,-10.271
Hyderabad,PM2.5,2016,06,2016-06,65.066,38.242,26.824
Hyderabad,PM2.5,2016,07,2016-07,48.444,65.066,-16.622
Hyderabad,PM2.5,2016,08,2016-08,7.691,48.444,-40.753
Hyderabad,PM2.5,2016,09,2016-09,24.798,7.691,17.107
Hyderabad,PM2.5,2016,10,2016-10,44.281,24.798,19.483
Hyderabad,PM2.5,2016,11,2016-11,62.329,44.281,18.048
Hyderabad,PM2.5,2016,12,2016-12,58.836,62.329,-3.493
Hyderabad,PM2.5,2017,01,2017-01,72.675,58.836,13.839
Hyderabad,PM2.5,2017,02,2017-02,67.466,72.675,-5.209
Hyderabad,PM2.5,2017,03,2017-03,49.396,67.466,-18.07
Hyderabad,PM2.5,2017,04,2017-04,55.002,49.396,5.606
Hyderabad,PM2.5,2017,05,2017-05,35.026,55.002,-19.976
Hyderabad,PM2.5,2017,06,2017-06,11.591,35.026,-23.435
Hyderabad,PM2.5,2017,07,2017-07,13.648,11.591,2.057
Hyderabad,PM2.5,2017,08,2017-08,16.484,13.648,2.836
Hyderabad,PM2.5,2017,09,2017-09,24.904,16.484,8.42
Hyderabad,PM2.5,2017,10,2017-10,46.176,24.904,21.272
Hyderabad,PM2.5,2017,11,2017-11,56.209,46.176,10.033
Hyderabad,PM2.5,2017,12,2017-12,72.116,56.209,15.907
Hyderabad,PM2.5,2018,01,2018-01,68.942,72.116,-3.174
Hyderabad,PM2.5,2018,02,2018-02,50.583,68.942,-18.359
Hyderabad,PM2.5,2018,03,2018-03,53.67,50.583,3.087
Hyderabad,PM2.5,2018,04,2018-04,38.266,53.67,-15.404
Hyderabad,PM2.5,2018,05,2018-05,35.617,38.266,-2.649
Hyderabad,PM2.5,2018,06,2018-06,23.046,35.617,-12.571
Hyderabad,PM2.5,2018,07,2018-07,17.074,23.046,-5.972
Hyderabad,PM2.5,2018,08,2018-08,17.599,17.074,0.525
Hyderabad,PM2.5,2018,09,2018-09,36.351,17.599,18.752
Hyderabad,PM2.5,2018,10,2018-10,54.577,36.351,18.226
Hyderabad,PM2.5,2018,11,2018-11,54.444,54.577,-0.133
Hyderabad,PM2.5,2018,12,2018-12,67.409,54.444,12.965
Hyderabad,PM2.5,2019,01,2019-01,67.619,67.409,0.21
Hyderabad,PM2.5,2019,02,2019-02,55.478,67.619,-12.141
Hyderabad,PM2.5,2019,03,2019-03,46.998,55.478,-8.48
Hyderabad,PM2.5,2019,04,2019-04,36.824,46.998,-10.174
Hyderabad,PM2.5,2019,05,2019-05,43.067,36.824,6.243
Hyderabad,PM2.5,2019,06,2019-06,23.173,43.067,-19.894
Hyderabad,PM2.5,2019,07,2019-07,15.969,23.173,-7.204
Hyderabad,PM2.5,2019,08,2019-08,17.439,15.969,1.47
Hyderabad,PM2.5,2019,09,2019-09,20.854,17.439,3.415
Hyderabad,PM2.5,2019,10,2019-10,38.419,20.854,17.565
Hyderabad,PM2.5,2019,11,2019-11,68.564,38.419,30.145
Hyderabad,PM2.5,2019,12,2019-12,65.048,68.564,-3.516
Hyderabad,PM2.5,2020,01,2020-01,52.323,65.048,-12.725
Hyderabad,PM2.5,2020,02,2020-02,43.746,52.323,-8.577
Hyderabad,PM2.5,2020,03,2020-03,35.884,43.746,-7.862
Hyderabad,PM2.5,2020,04,2020-04,30.01,35.884,-5.874
Hyderabad,PM2.5,2020,05,2020-05,30.118,30.01,0.108
Hyderabad,PM2.5,2020,06,2020-06,18.635,30.118,-11.483
Hyderabad,PM2.5,2020,07,2020-07,,18.635,
Hyderabad,SO2,2015,01,2015-01,4.674,,
Hyderabad,SO2,2015,02,2015-02,5.49,4.674,0.816
Hyderabad,SO2,2015,03,2015-03,5.998,5.49,0.508
Hyderabad,SO2,2015,04,2015-04,8.783,5.998,2.785
Hyderabad,SO2,2015,05,2015-05,9.679,8.783,0.896
Hyderabad,SO2,2015,06,2015-06,8.109,9.679,-1.57
Hyderabad,SO2,2015,07,2015-07,5.949,8.109,-2.16
Hyderabad,SO2,2015,08,2015-08,7.269,5.949,1.32
Hyderabad,SO2,2015,09,2015-09,4.302,7.269,-2.967
Hyderabad,SO2,2015,10,2015-10,6.757,4.302,2.455
Hyderabad,SO2,2015,11,2015-11,10.021,6.757,3.264
Hyderabad,SO2,2015,12,2015-12,9.404,10.021,-0.617
Hyderabad,SO2,2016,01,2016-01,9.141,9.404,-0.263
Hyderabad,SO2,2016,02,2016-02,6.833,9.141,-2.308
Hyderabad,SO2,2016,03,2016-03,6.049,6.833,-0.784
Hyderabad,SO2,2016,04,2016-04,6.31,6.049,0.261
Hyderabad,SO2,2016,05,2016-05,6.096,6.31,-0.214
Hyderabad,SO2,2016,06,2016-06,6.42,6.096,0.324
Hyderabad,SO2,2016,07,2016-07,6.497,6.42,0.077
Hyderabad,SO2,2016,08,2016-08,6.242,6.497,-0.255
Hyderabad,SO2,2016,09,2016-09,7.966,6.242,1.724
Hyderabad,SO2,2016,10,2016-10,22.118,7.966,14.152
Hyderabad,SO2,2016,11,2016-11,37.468,22.118,15.35
Hyderabad,SO2,2016,12,2016-12,30.697,37.468,-6.771
Hyderabad,SO2,2017,01,2017-01,14.772,30.697,-15.925
Hyderabad,SO2,2017,02,2017-02,19.11,14.772,4.338
Hyderabad,SO2,2017,03,2017-03,14.387,19.11,-4.723
Hyderabad,SO2,2017,04,2017-04,15.256,14.387,0.869
Hyderabad,SO2,2017,05,2017-05,7.731,15.256,-7.525
Hyderabad,SO2,2017,06,2017-06,4.639,7.731,-3.092
Hyderabad,SO2,2017,07,2017-07,5.76,4.639,1.121
Hyderabad,SO2,2017,08,2017-08,5.778,5.76,0.018
Hyderabad,SO2,2017,09,2017-09,5.589,5.778,-0.189
Hyderabad,SO2,2017,10,2017-10,7.136,5.589,1.547
Hyderabad,SO2,2017,11,2017-11,15.369,7.136,8.233
Hyderabad,SO2,2017,12,2017-12,14.443,15.369,-0.926
Hyderabad,SO2,2018,01,2018-01,13.387,14.443,-1.056
Hyderabad,SO2,2018,02,2018-02,11.149,13.387,-2.238
Hyderabad,SO2,2018,03,2018-03,8.982,11.149,-2.167
Hyderabad,SO2,2018,04,2018-04,6.956,8.982,-2.026
Hyderabad,SO2,2018,05,2018-05,6.449,6.956,-0.507
Hyderabad,SO2,2018,06,2018-06,7.054,6.449,0.605
Hyderabad,SO2,2018,07,2018-07,6.591,7.054,-0.463
Hyderabad,SO2,2018,08,2018-08,7.221,6.591,0.63
Hyderabad,SO2,2018,09,2018-09,7.331,7.221,0.11
Hyderabad,SO2,2018,10,2018-10,9.482,7.331,2.151
Hyderabad,SO2,2018,11,2018-11,13.106,9.482,3.624
Hyderabad,SO2,2018,12,2018-12,9.914,13.106,-3.192
Hyderabad,SO2,2019,01,2019-01,10.358,9.914,0.444
Hyderabad,SO2,2019,02,2019-02,7.83,10.358,-2.528
Hyderabad,SO2,2019,03,2019-03,8.019,7.83,0.189
Hyderabad,SO2,2019,04,2019-04,6.318,8.019,-1.701
Hyderabad,SO2,2019,05,2019-05,8.541,6.318,2.223
Hyderabad,SO2,2019,06,2019-06,5.074,8.541,-3.467
Hyderabad,SO2,2019,07,2019-07,6.128,5.074,1.054
Hyderabad,SO2,2019,08,2019-08,8.453,6.128,2.325
Hyderabad,SO2,2019,09,2019-09,6.357,8.453,-2.096
Hyderabad,SO2,2019,10,2019-10,4.147,6.357,-2.21
Hyderabad,SO2,2019,11,2019-11,7.547,4.147,3.4
Hyderabad,SO2,2019,12,2019-12,6.513,7.547,-1.034
Hyderabad,SO2,2020,01,2020-01,7.817,6.513,1.304
Hyderabad,SO2,2020,02,2020-02,7.523,7.817,-0.294
Hyderabad,SO2,2020,03,2020-03,5.829,7.523,-1.694
Hyderabad,SO2,2020,04,2020-04,5.886,5.829,0.057
Hyderabad,SO2,2020,05,2020-05,6.145,5.886,0.259
Hyderabad,SO2,2020,06,2020-06,6.521,6.145,0.376
Hyderabad,SO2,2020,07,2020-07,,6.521,
Hyderabad,Toluene,2015,01,2015-01,9.228,,
Hyderabad,Toluene,2015,02,2015-02,9.89,9.228,0.662
Hyderabad,Toluene,2015,03,2015-03,7.693,9.89,-2.197
Hyderabad,Toluene,2015,04,2015-04,3.115,7.693,-4.578
Hyderabad,Toluene,2015,05,2015-05,,3.115,
Hyderabad,Toluene,2015,06,2015-06,,,
Hyderabad,Toluene,2015,07,2015-07,0.825,,
Hyderabad,Toluene,2015,08,2015-08,3.867,0.825,3.042
Hyderabad,Toluene,2015,09,2015-09,5.159,3.867,1.292
Hyderabad,Toluene,2015,10,2015-10,8.582,5.159,3.423
Hyderabad,Toluene,2015,11,2015-11,7.023,8.582,-1.559
Hyderabad,Toluene,2015,12,2015-12,7.469,7.023,0.446
Hyderabad,Toluene,2016,01,2016-01,6.367,7.469,-1.102
Hyderabad,Toluene,2016,02,2016-02,5.121,6.367,-1.246
Hyderabad,Toluene,2016,03,2016-03,5.976,5.121,0.855
Hyderabad,Toluene,2016,04,2016-04,4.328,5.976,-1.648
Hyderabad,Toluene,2016,05,2016-05,1.935,4.328,-2.393
Hyderabad,Toluene,2016,06,2016-06,1.073,1.935,-0.862
Hyderabad,Toluene,2016,07,2016-07,1.071,1.073,-0.002
Hyderabad,Toluene,2016,08,2016-08,0.274,1.071,-0.797
Hyderabad,Toluene,2016,09,2016-09,1.186,0.274,0.912
Hyderabad,Toluene,2016,10,2016-10,2.391,1.186,1.205
Hyderabad,Toluene,2016,11,2016-11,1.221,2.391,-1.17
Hyderabad,Toluene,2016,12,2016-12,0.694,1.221,-0.527
Hyderabad,Toluene,2017,01,2017-01,0.608,0.694,-0.086
Hyderabad,Toluene,2017,02,2017-02,1.463,0.608,0.855
Hyderabad,Toluene,2017,03,2017-03,1.708,1.463,0.245
Hyderabad,Toluene,2017,04,2017-04,1.389,1.708,-0.319
Hyderabad,Toluene,2017,05,2017-05,0.767,1.389,-0.622
Hyderabad,Toluene,2017,06,2017-06,0.726,0.767,-0.041
Hyderabad,Toluene,2017,07,2017-07,1.297,0.726,0.571
Hyderabad,Toluene,2017,08,2017-08,2.681,1.297,1.384
Hyderabad,Toluene,2017,09,2017-09,2.593,2.681,-0.088
Hyderabad,Toluene,2017,10,2017-10,5.762,2.593,3.169
Hyderabad,Toluene,2017,11,2017-11,25.255,5.762,19.493
Hyderabad,Toluene,2017,12,2017-12,21.266,25.255,-3.989
Hyderabad,Toluene,2018,01,2018-01,23.161,21.266,1.895
Hyderabad,Toluene,2018,02,2018-02,17.159,23.161,-6.002
Hyderabad,Toluene,2018,03,2018-03,8.413,17.159,-8.746
Hyderabad,Toluene,2018,04,2018-04,5.792,8.413,-2.621
Hyderabad,Toluene,2018,05,2018-05,4.87,5.792,-0.922
Hyderabad,Toluene,2018,06,2018-06,3.908,4.87,-0.962
Hyderabad,Toluene,2018,07,2018-07,4.227,3.908,0.319
Hyderabad,Toluene,2018,08,2018-08,5.689,4.227,1.462
Hyderabad,Toluene,2018,09,2018-09,19.69,5.689,14.001
Hyderabad,Toluene,2018,10,2018-10,32.852,19.69,13.162
Hyderabad,Toluene,2018,11,2018-11,26.792,32.852,-6.06
Hyderabad,Toluene,2018,12,2018-12,21.714,26.792,-5.078
Hyderabad,Toluene,2019,01,2019-01,21.606,21.714,-0.108
Hyderabad,Toluene,2019,02,2019-02,14.824,21.606,-6.782
Hyderabad,Toluene,2019,03,2019-03,14.412,14.824,-0.412
Hyderabad,Toluene,2019,04,2019-04,10.46,14.412,-3.952
Hyderabad,Toluene,2019,05,2019-05,16.607,10.46,6.147
Hyderabad,Toluene,2019,06,2019-06,3.858,16.607,-12.749
Hyderabad,Toluene,2019,07,2019-07,1.939,3.858,-1.919
Hyderabad,Toluene,2019,08,2019-08,2.143,1.939,0.204
Hyderabad,Toluene,2019,09,2019-09,2.428,2.143,0.285
Hyderabad,Toluene,2019,10,2019-10,5.805,2.428,3.377
Hyderabad,Toluene,2019,11,2019-11,13.56,5.805,7.755
Hyderabad,Toluene,2019,12,2019-12,8.915,13.56,-4.645
Hyderabad,Toluene,2020,01,2020-01,2.46,8.915,-6.455
Hyderabad,Toluene,2020,02,2020-02,6.872,2.46,4.412
Hyderabad,Toluene,2020,03,2020-03,9.913,6.872,3.041
Hyderabad,Toluene,2020,04,2020-04,6.949,9.913,-2.964
Hyderabad,Toluene,2020,05,2020-05,11.726,6.949,4.777
Hyderabad,Toluene,2020,06,2020-06,5.519,11.726,-6.207
Hyderabad,Toluene,2020,07,2020-07,,5.519,
Hyderabad,Xylene,2015,01,2015-01,1.297,,
Hyderabad,Xylene,2015,02,2015-02,1.613,1.297,0.316
Hyderabad,Xylene,2015,03,2015-03,1.239,1.613,-0.374
Hyderabad,Xylene,2015,04,2015-04,0.566,1.239,-0.673
Hyderabad,Xylene,2015,05,2015-05,,0.566,
Hyderabad,Xylene,2015,06,2015-06,,,
Hyderabad,Xylene,2015,07,2015-07,0.067,,
Hyderabad,Xylene,2015,08,2015-08,0.02,0.067,-0.047
Hyderabad,Xylene,2015,09,2015-09,0.213,0.02,0.193
Hyderabad,Xylene,2015,10,2015-10,1.256,0.213,1.043
Hyderabad,Xylene,2015,11,2015-11,1.132,1.256,-0.124
Hyderabad,Xylene,2015,12,2015-12,1.129,1.132,-0.003
Hyderabad,Xylene,2016,01,2016-01,0.869,1.129,-0.26
Hyderabad,Xylene,2016,02,2016-02,0.772,0.869,-0.097
Hyderabad,Xylene,2016,03,2016-03,1.731,0.772,0.959
Hyderabad,Xylene,2016,04,2016-04,1.192,1.731,-0.539
Hyderabad,Xylene,2016,05,2016-05,0.322,1.192,-0.87
Hyderabad,Xylene,2016,06,2016-06,0.126,0.322,-0.196
Hyderabad,Xylene,2016,07,2016-07,0.134,0.126,0.008
Hyderabad,Xylene,2016,08,2016-08,0.033,0.134,-0.101
Hyderabad,Xylene,2016,09,2016-09,2.861,0.033,2.828
Hyderabad,Xylene,2016,10,2016-10,1.168,2.861,-1.693
Hyderabad,Xylene,2016,11,2016-11,0.561,1.168,-0.607
Hyderabad,Xylene,2016,12,2016-12,0.42,0.561,-0.141
Hyderabad,Xylene,2017,01,2017-01,0.26,0.42,-0.16
Hyderabad,Xylene,2017,02,2017-02,0.501,0.26,0.241
Hyderabad,Xylene,2017,03,2017-03,0.496,0.501,-0.005
Hyderabad,Xylene,2017,04,2017-04,0.361,0.496,-0.135
Hyderabad,Xylene,2017,05,2017-05,0.215,0.361,-0.146
Hyderabad,Xylene,2017,06,2017-06,0.204,0.215,-0.011
Hyderabad,Xylene,2017,07,2017-07,0.845,0.204,0.641
Hyderabad,Xylene,2017,08,2017-08,0.835,0.845,-0.01
Hyderabad,Xylene,2017,09,2017-09,0.965,0.835,0.13
Hyderabad,Xylene,2017,10,2017-10,0.951,0.965,-0.014
Hyderabad,Xylene,2017,11,2017-11,4.417,0.951,3.466
Hyderabad,Xylene,2017,12,2017-12,4.496,4.417,0.079
Hyderabad,Xylene,2018,01,2018-01,5.795,4.496,1.299
Hyderabad,Xylene,2018,02,2018-02,3.421,5.795,-2.374
Hyderabad,Xylene,2018,03,2018-03,2.106,3.421,-1.315
Hyderabad,Xylene,2018,04,2018-04,1.901,2.106,-0.205
Hyderabad,Xylene,2018,05,2018-05,0.901,1.901,-1.0
Hyderabad,Xylene,2018,06,2018-06,0.791,0.901,-0.11
Hyderabad,Xylene,2018,07,2018-07,1.579,0.791,0.788
Hyderabad,Xylene,2018,08,2018-08,2.576,1.579,0.997
Hyderabad,Xylene,2018,09,2018-09,7.283,2.576,4.707
Hyderabad,Xylene,2018,10,2018-10,7.988,7.283,0.705
Hyderabad,Xylene,2018,11,2018-11,5.128,7.988,-2.86
Hyderabad,Xylene,2018,12,2018-12,4.821,5.128,-0.307
Hyderabad,Xylene,2019,01,2019-01,3.779,4.821,-1.042
Hyderabad,Xylene,2019,02,2019-02,3.797,3.779,0.018
Hyderabad,Xylene,2019,03,2019-03,3.349,3.797,-0.448
Hyderabad,Xylene,2019,04,2019-04,1.577,3.349,-1.772
Hyderabad,Xylene,2019,05,2019-05,4.324,1.577,2.747
Hyderabad,Xylene,2019,06,2019-06,0.642,4.324,-3.682
Hyderabad,Xylene,2019,07,2019-07,0.165,0.642,-0.477
Hyderabad,Xylene,2019,08,2019-08,0.471,0.165,0.306
Hyderabad,Xylene,2019,09,2019-09,0.236,0.471,-0.235
Hyderabad,Xylene,2019,10,2019-10,1.475,0.236,1.239
Hyderabad,Xylene,2019,11,2019-11,2.04,1.475,0.565
Hyderabad,Xylene,2019,12,2019-12,1.093,2.04,-0.947
Hyderabad,Xylene,2020,01,2020-01,0.074,1.093,-1.019
Hyderabad,Xylene,2020,02,2020-02,0.357,0.074,0.283
Hyderabad,Xylene,2020,03,2020-03,1.188,0.357,0.831
Hyderabad,Xylene,2020,04,2020-04,0.238,1.188,-0.95
Hyderabad,Xylene,2020,05,2020-05,1.217,0.238,0.979
Hyderabad,Xylene,2020,06,2020-06,0.902,1.217,-0.315
Hyderabad,Xylene,2020,07,2020-07,,0.902,
Kolkata,Benzene,2018,04,2018-04,7.173,,
Kolkata,Benzene,2018,05,2018-05,1.472,7.173,-5.701
Kolkata,Benzene,2018,06,2018-06,2.308,1.472,0.836
Kolkata,Benzene,2018,07,2018-07,3.038,2.308,0.73
Kolkata,Benzene,2018,08,2018-08,2.47,3.038,-0.568
Kolkata,Benzene,2018,09,2018-09,2.829,2.47,0.359
Kolkata,Benzene,2018,10,2018-10,4.863,2.829,2.034
Kolkata,Benzene,2018,11,2018-11,11.639,4.863,6.776
Kolkata,Benzene,2018,12,2018-12,12.797,11.639,1.158
Kolkata,Benzene,2019,01,2019-01,19.199,12.797,6.402
Kolkata,Benzene,2019,02,2019-02,4.261,19.199,-14.938
Kolkata,Benzene,2019,03,2019-03,7.143,4.261,2.882
Kolkata,Benzene,2019,04,2019-04,3.888,7.143,-3.255
Kolkata,Benzene,2019,05,2019-05,3.444,3.888,-0.444
Kolkata,Benzene,2019,06,2019-06,18.264,3.444,14.82
Kolkata,Benzene,2019,07,2019-07,13.664,18.264,-4.6
Kolkata,Benzene,2019,08,2019-08,19.858,13.664,6.194
Kolkata,Benzene,2019,09,2019-09,18.18,19.858,-1.678
Kolkata,Benzene,2019,10,2019-10,20.971,18.18,2.791
Kolkata,Benzene,2019,11,2019-11,25.286,20.971,4.315
Kolkata,Benzene,2019,12,2019-12,28.058,25.286,2.772
Kolkata,Benzene,2020,01,2020-01,32.571,28.058,4.513
Kolkata,Benzene,2020,02,2020-02,17.232,32.571,-15.339
Kolkata,Benzene,2020,03,2020-03,6.401,17.232,-10.831
Kolkata,Benzene,2020,04,2020-04,1.924,6.401,-4.477
Kolkata,Benzene,2020,05,2020-05,1.383,1.924,-0.541
Kolkata,Benzene,2020,06,2020-06,2.296,1.383,0.913
Kolkata,Benzene,2020,07,2020-07,,2.296,
Kolkata,CO,2018,04,2018-04,0.764,,
Kolkata,CO,2018,05,2018-05,0.0,0.764,-0.764
Kolkata,CO,2018,06,2018-06,0.391,0.0,0.391
Kolkata,CO,2018,07,2018-07,0.556,0.391,0.165
Kolkata,CO,2018,08,2018-08,1.235,0.556,0.679
Kolkata,CO,2018,09,2018-09,1.341,1.235,0.106
Kolkata,CO,2018,10,2018-10,1.735,1.341,0.394
Kolkata,CO,2018,11,2018-11,1.338,1.735,-0.397
Kolkata,CO,2018,12,2018-12,1.058,1.338,-0.28
Kolkata,CO,2019,01,2019-01,1.32,1.058,0.262
Kolkata,CO,2019,02,2019-02,1.186,1.32,-0.134
Kolkata,CO,2019,03,2019-03,0.775,1.186,-0.411
Kolkata,CO,2019,04,2019-04,0.502,0.775,-0.273
Kolkata,CO,2019,05,2019-05,0.478,0.502,-0.024
Kolkata,CO,2019,06,2019-06,0.433,0.478,-0.045
Kolkata,CO,2019,07,2019-07,0.484,0.433,0.051
Kolkata,CO,2019,08,2019-08,0.511,0.484,0.027
Kolkata,CO,2019,09,2019-09,0.438,0.511,-0.073
Kolkata,CO,2019,10,2019-10,0.752,0.438,0.314
Kolkata,CO,2019,11,2019-11,1.244,0.752,0.492
Kolkata,CO,2019,12,2019-12,1.181,1.244,-0.063
Kolkata,CO,2020,01,2020-01,1.228,1.181,0.047
Kolkata,CO,2020,02,2020-02,0.872,1.228,-0.356
Kolkata,CO,2020,03,2020-03,0.685,0.872,-0.187
Kolkata,CO,2020,04,2020-04,0.384,0.685,-0.301
Kolkata,CO,2020,05,2020-05,0.333,0.384,-0.051
Kolkata,CO,2020,06,2020-06,0.363,0.333,0.03
Kolkata,CO,2020,07,2020-07,,0.363,
Kolkata,NH3,2018,04,2018-04,9.671,,
Kolkata,NH3,2018,05,2018-05,9.746,9.671,0.075
Kolkata,NH3,2018,06,2018-06,8.105,9.746,-1.641
Kolkata,NH3,2018,07,2018-07,6.685,8.105,-1.42
Kolkata,NH3,2018,08,2018-08,10.078,6.685,3.393
Kolkata,NH3,2018,09,2018-09,10.056,10.078,-0.022
Kolkata,NH3,2018,10,2018-10,14.856,10.056,4.8
Kolkata,NH3,2018,11,2018-11,35.838,14.856,20.982
Kolkata,NH3,2018,12,2018-12,34.022,35.838,-1.816
Kolkata,NH3,2019,01,2019-01,31.976,34.022,-2.046
Kolkata,NH3,2019,02,2019-02,42.315,31.976,10.339
Kolkata,NH3,2019,03,2019-03,31.236,42.315,-11.079
Kolkata,NH3,2019,04,2019-04,20.681,31.236,-10.555
Kolkata,NH3,2019,05,2019-05,7.161,20.681,-13.52
Kolkata,NH3,2019,06,2019-06,6.315,7.161,-0.846
Kolkata,NH3,2019,07,2019-07,18.996,6.315,12.681
Kolkata,NH3,2019,08,2019-08,11.472,18.996,-7.524
Kolkata,NH3,2019,09,2019-09,12.568,11.472,1.096
Kolkata,NH3,2019,10,2019-10,11.682,12.568,-0.886
Kolkata,NH3,2019,11,2019-11,23.759,11.682,12.077
Kolkata,NH3,2019,12,2019-12,25.985,23.759,2.226
Kolkata,NH3,2020,01,2020-01,28.633,25.985,2.648
Kolkata,NH3,2020,02,2020-02,28.831,28.633,0.198
Kolkata,NH3,2020,03,2020-03,22.57,28.831,-6.261
Kolkata,NH3,2020,04,2020-04,14.321,22.57,-8.249
Kolkata,NH3,2020,05,2020-05,9.513,14.321,-4.808
Kolkata,NH3,2020,06,2020-06,9.661,9.513,0.148
Kolkata,NH3,2020,07,2020-07,,9.661,
Kolkata,NO,2018,04,2018-04,3.798,,
Kolkata,NO,2018,05,2018-05,6.195,3.798,2.397
Kolkata,NO,2018,06,2018-06,2.472,6.195,-3.723
Kolkata,NO,2018,07,2018-07,7.055,2.472,4.583
Kolkata,NO,2018,08,2018-08,7.501,7.055,0.446
Kolkata,NO,2018,09,2018-09,10.484,7.501,2.983
Kolkata,NO,2018,10,2018-10,48.226,10.484,37.742
Kolkata,NO,2018,11,2018-11,62.457,48.226,14.231
Kolkata,NO,2018,12,2018-12,88.218,62.457,25.761
Kolkata,NO,2019,01,2019-01,109.645,88.218,21.427
Kolkata,NO,2019,02,2019-02,58.879,109.645,-50.766
Kolkata,NO,2019,03,2019-03,18.099,58.879,-40.78
Kolkata,NO,2019,04,2019-04,4.723,18.099,-13.376
Kolkata,NO,2019,05,2019-05,3.93,4.723,-0.793
Kolkata,NO,2019,06,2019-06,8.428,3.93,4.498
Kolkata,NO,2019,07,2019-07,8.085,8.428,-0.343
Kolkata,NO,2019,08,2019-08,11.149,8.085,3.064
Kolkata,NO,2019,09,2019-09,9.043,11.149,-2.106
Kolkata,NO,2019,10,2019-10,17.354,9.043,8.311
Kolkata,NO,2019,11,2019-11,52.113,17.354,34.759
Kolkata,NO,2019,12,2019-12,39.443,52.113,-12.67
Kolkata,NO,2020,01,2020-01,60.528,39.443,21.085
Kolkata,NO,2020,02,2020-02,46.118,60.528,-14.41
Kolkata,NO,2020,03,2020-03,13.429,46.118,-32.689
Kolkata,NO,2020,04,2020-04,4.401,13.429,-9.028
Kolkata,NO,2020,05,2020-05,3.498,4.401,-0.903
Kolkata,NO,2020,06,2020-06,4.929,3.498,1.431
Kolkata,NO,2020,07,2020-07,,4.929,
Kolkata,NO2,2018,04,2018-04,33.122,,
Kolkata,NO2,2018,05,2018-05,32.842,33.122,-0.28
Kolkata,NO2,2018,06,2018-06,30.857,32.842,-1.985
Kolkata,NO2,2018,07,2018-07,30.056,30.857,-0.801
Kolkata,NO2,2018,08,2018-08,30.674,30.056,0.618
Kolkata,NO2,2018,09,2018-09,34.064,30.674,3.39
Kolkata,NO2,2018,10,2018-10,49.058,34.064,14.994
Kolkata,NO2,2018,11,2018-11,62.94,49.058,13.882
Kolkata,NO2,2018,12,2018-12,86.968,62.94,24.028
Kolkata,NO2,2019,01,2019-01,105.641,86.968,18.673
Kolkata,NO2,2019,02,2019-02,96.078,105.641,-9.563
Kolkata,NO2,2019,03,2019-03,67.846,96.078,-28.232
Kolkata,NO2,2019,04,2019-04,31.17,67.846,-36.676
Kolkata,NO2,2019,05,2019-05,15.857,31.17,-15.313
Kolkata,NO2,2019,06,2019-06,18.376,15.857,2.519
Kolkata,NO2,2019,07,2019-07,19.544,18.376,1.168
Kolkata,NO2,2019,08,2019-08,21.022,19.544,1.478
Kolkata,NO2,2019,09,2019-09,16.712,21.022,-4.31
Kolkata,NO2,2019,10,2019-10,30.004,16.712,13.292
Kolkata,NO2,2019,11,2019-11,52.712,30.004,22.708
Kolkata,NO2,2019,12,2019-12,48.927,52.712,-3.785
Kolkata,NO2,2020,01,2020-01,55.296,48.927,6.369
Kolkata,NO2,2020,02,2020-02,60.075,55.296,4.779
Kolkata,NO2,2020,03,2020-03,29.445,60.075,-30.63
Kolkata,NO2,2020,04,2020-04,10.05,29.445,-19.395
Kolkata,NO2,2020,05,2020-05,7.379,10.05,-2.671
Kolkata,NO2,2020,06,2020-06,10.373,7.379,2.994
Kolkata,NO2,2020,07,2020-07,,10.373,
Kolkata,NOx,2018,04,2018-04,36.843,,
Kolkata,NOx,2018,05,2018-05,35.65,36.843,-1.193
Kolkata,NOx,2018,06,2018-06,37.616,35.65,1.966
Kolkata,NOx,2018,07,2018-07,37.093,37.616,-0.523
Kolkata,NOx,2018,08,2018-08,37.929,37.093,0.836
Kolkata,NOx,2018,09,2018-09,44.463,37.929,6.534
Kolkata,NOx,2018,10,2018-10,94.693,44.463,50.23
Kolkata,NOx,2018,11,2018-11,120.828,94.693,26.135
Kolkata,NOx,2018,12,2018-12,163.912,120.828,43.084
Kolkata,NOx,2019,01,2019-01,186.407,163.912,22.495
Kolkata,NOx,2019,02,2019-02,143.733,186.407,-42.674
Kolkata,NOx,2019,03,2019-03,85.069,143.733,-58.664
Kolkata,NOx,2019,04,2019-04,35.882,85.069,-49.187
Kolkata,NOx,2019,05,2019-05,19.629,35.882,-16.253
Kolkata,NOx,2019,06,2019-06,24.881,19.629,5.252
Kolkata,NOx,2019,07,2019-07,26.633,24.881,1.752
Kolkata,NOx,2019,08,2019-08,30.349,26.633,3.716
Kolkata,NOx,2019,09,2019-09,24.944,30.349,-5.405
Kolkata,NOx,2019,10,2019-10,46.97,24.944,22.026
Kolkata,NOx,2019,11,2019-11,101.801,46.97,54.831
Kolkata,NOx,2019,12,2019-12,86.642,101.801,-15.159
Kolkata,NOx,2020,01,2020-01,111.599,86.642,24.957
Kolkata,NOx,2020,02,2020-02,103.78,111.599,-7.819
Kolkata,NOx,2020,03,2020-03,42.721,103.78,-61.059
Kolkata,NOx,2020,04,2020-04,14.492,42.721,-28.229
Kolkata,NOx,2020,05,2020-05,10.929,14.492,-3.563
Kolkata,NOx,2020,06,2020-06,14.581,10.929,3.652
Kolkata,NOx,2020,07,2020-07,,14.581,
Kolkata,O3,2018,04,2018-04,38.109,,
Kolkata,O3,2018,05,2018-05,,38.109,
Kolkata,O3,2018,06,2018-06,30.881,,
Kolkata,O3,2018,07,2018-07,17.32,30.881,-13.561
Kolkata,O3,2018,08,2018-08,11.874,17.32,-5.446
Kolkata,O3,2018,09,2018-09,20.177,11.874,8.303
Kolkata,O3,2018,10,2018-10,31.919,20.177,11.742
Kolkata,O3,2018,11,2018-11,36.703,31.919,4.784
Kolkata,O3,2018,12,2018-12,35.014,36.703,-1.689
Kolkata,O3,2019,01,2019-01,29.523,35.014,-5.491
Kolkata,O3,2019,02,2019-02,30.971,29.523,1.448
Kolkata,O3,2019,03,2019-03,34.332,30.971,3.361
Kolkata,O3,2019,04,2019-04,28.721,34.332,-5.611
Kolkata,O3,2019,05,2019-05,27.215,28.721,-1.506
Kolkata,O3,2019,06,2019-06,32.072,27.215,4.857
Kolkata,O3,2019,07,2019-07,27.499,32.072,-4.573
Kolkata,O3,2019,08,2019-08,17.965,27.499,-9.534
Kolkata,O3,2019,09,2019-09,19.441,17.965,1.476
Kolkata,O3,2019,10,2019-10,30.469,19.441,11.028
Kolkata,O3,2019,11,2019-11,36.721,30.469,6.252
Kolkata,O3,2019,12,2019-12,35.056,36.721,-1.665
Kolkata,O3,2020,01,2020-01,32.78,35.056,-2.276
Kolkata,O3,2020,02,2020-02,39.736,32.78,6.956
Kolkata,O3,2020,03,2020-03,50.064,39.736,10.328
Kolkata,O3,2020,04,2020-04,46.572,50.064,-3.492
Kolkata,O3,2020,05,2020-05,33.565,46.572,-13.007
Kolkata,O3,2020,06,2020-06,25.997,33.565,-7.568
Kolkata,O3,2020,07,2020-07,,25.997,
Kolkata,PM10,2018,04,2018-04,47.972,,
Kolkata,PM10,2018,05,2018-05,,47.972,
Kolkata,PM10,2018,06,2018-06,61.597,,
Kolkata,PM10,2018,07,2018-07,41.663,61.597,-19.934
Kolkata,PM10,2018,08,2018-08,42.05,41.663,0.387
Kolkata,PM10,2018,09,2018-09,65.774,42.05,23.724
Kolkata,PM10,2018,10,2018-10,113.869,65.774,48.095
Kolkata,PM10,2018,11,2018-11,225.698,113.869,111.829
Kolkata,PM10,2018,12,2018-12,292.003,225.698,66.305
Kolkata,PM10,2019,01,2019-01,311.115,292.003,19.112
Kolkata,PM10,2019,02,2019-02,218.615,311.115,-92.5
Kolkata,PM10,2019,03,2019-03,133.862,218.615,-84.753
Kolkata,PM10,2019,04,2019-04,85.081,133.862,-48.781
Kolkata,PM10,2019,05,2019-05,93.155,85.081,8.074
Kolkata,PM10,2019,06,2019-06,60.164,93.155,-32.991
Kolkata,PM10,2019,07,2019-07,53.113,60.164,-7.051
Kolkata,PM10,2019,08,2019-08,39.925,53.113,-13.188
Kolkata,PM10,2019,09,2019-09,33.315,39.925,-6.61
Kolkata,PM10,2019,10,2019-10,96.295,33.315,62.98
Kolkata,PM10,2019,11,2019-11,177.939,96.295,81.644
Kolkata,PM10,2019,12,2019-12,184.656,177.939,6.717
Kolkata,PM10,2020,01,2020-01,183.164,184.656,-1.492
Kolkata,PM10,2020,02,2020-02,171.235,183.164,-11.929
Kolkata,PM10,2020,03,2020-03,95.396,171.235,-75.839
Kolkata,PM10,2020,04,2020-04,46.747,95.396,-48.649
Kolkata,PM10,2020,05,2020-05,37.912,46.747,-8.835
Kolkata,PM10,2020,06,2020-06,34.76,37.912,-3.152
Kolkata,PM10,2020,07,2020-07,,34.76,
Kolkata,PM2.5,2018,04,2018-04,25.479,,
Kolkata,PM2.5,2018,05,2018-05,,25.479,
Kolkata,PM2.5,2018,06,2018-06,30.769,,
Kolkata,PM2.5,2018,07,2018-07,22.955,30.769,-7.814
Kolkata,PM2.5,2018,08,2018-08,21.355,22.955,-1.6
Kolkata,PM2.5,2018,09,2018-09,38.445,21.355,17.09
Kolkata,PM2.5,2018,10,2018-10,68.883,38.445,30.438
Kolkata,PM2.5,2018,11,2018-11,141.571,68.883,72.688
Kolkata,PM2.5,2018,12,2018-12,182.699,141.571,41.128
Kolkata,PM2.5,2019,01,2019-01,202.111,182.699,19.412
Kolkata,PM2.5,2019,02,2019-02,127.873,202.111,-74.238
Kolkata,PM2.5,2019,03,2019-03,72.317,127.873,-55.556
Kolkata,PM2.5,2019,04,2019-04,42.22,72.317,-30.097
Kolkata,PM2.5,2019,05,2019-05,43.314,42.22,1.094
Kolkata,PM2.5,2019,06,2019-06,32.213,43.314,-11.101
Kolkata,PM2.5,2019,07,2019-07,27.504,32.213,-4.709
Kolkata,PM2.5,2019,08,2019-08,22.9,27.504,-4.604
Kolkata,PM2.5,2019,09,2019-09,16.155,22.9,-6.745
Kolkata,PM2.5,2019,10,2019-10,57.569,16.155,41.414
Kolkata,PM2.5,2019,11,2019-11,87.233,57.569,29.664
Kolkata,PM2.5,2019,12,2019-12,91.123,87.233,3.89
Kolkata,PM2.5,2020,01,2020-01,94.279,91.123,3.156
Kolkata,PM2.5,2020,02,2020-02,84.142,94.279,-10.137
Kolkata,PM2.5,2020,03,2020-03,51.491,84.142,-32.651
Kolkata,PM2.5,2020,04,2020-04,24.421,51.491,-27.07
Kolkata,PM2.5,2020,05,2020-05,16.102,24.421,-8.319
Kolkata,PM2.5,2020,06,2020-06,13.643,16.102,-2.459
Kolkata,PM2.5,2020,07,2020-07,,13.643,
Kolkata,SO2,2018,04,2018-04,,,
Kolkata,SO2,2018,05,2018-05,,,
Kolkata,SO2,2018,06,2018-06,2.411,,
Kolkata,SO2,2018,07,2018-07,2.229,2.411,-0.182
Kolkata,SO2,2018,08,2018-08,1.79,2.229,-0.439
Kolkata,SO2,2018,09,2018-09,3.318,1.79,1.528
Kolkata,SO2,2018,10,2018-10,7.451,3.318,4.133
Kolkata,SO2,2018,11,2018-11,12.815,7.451,5.364
Kolkata,SO2,2018,12,2018-12,14.845,12.815,2.03
Kolkata,SO2,2019,01,2019-01,17.419,14.845,2.574
Kolkata,SO2,2019,02,2019-02,15.595,17.419,-1.824
Kolkata,SO2,2019,03,2019-03,10.994,15.595,-4.601
Kolkata,SO2,2019,04,2019-04,6.092,10.994,-4.902
Kolkata,SO2,2019,05,2019-05,2.155,6.092,-3.937
Kolkata,SO2,2019,06,2019-06,2.478,2.155,0.323
Kolkata,SO2,2019,07,2019-07,5.345,2.478,2.867
Kolkata,SO2,2019,08,2019-08,3.629,5.345,-1.716
Kolkata,SO2,2019,09,2019-09,4.13,3.629,0.501
Kolkata,SO2,2019,10,2019-10,6.438,4.13,2.308
Kolkata,SO2,2019,11,2019-11,10.526,6.438,4.088
Kolkata,SO2,2019,12,2019-12,13.272,10.526,2.746
Kolkata,SO2,2020,01,2020-01,13.981,13.272,0.709
Kolkata,SO2,2020,02,2020-02,14.952,13.981,0.971
Kolkata,SO2,2020,03,2020-03,11.491,14.952,-3.461
Kolkata,SO2,2020,04,2020-04,7.916,11.491,-3.575
Kolkata,SO2,2020,05,2020-05,5.645,7.916,-2.271
Kolkata,SO2,2020,06,2020-06,6.506,5.645,0.861
Kolkata,SO2,2020,07,2020-07,,6.506,
Kolkata,Toluene,2018,04,2018-04,1.824,,
Kolkata,Toluene,2018,05,2018-05,3.239,1.824,1.415
Kolkata,Toluene,2018,06,2018-06,2.678,3.239,-0.561
Kolkata,Toluene,2018,07,2018-07,6.389,2.678,3.711
Kolkata,Toluene,2018,08,2018-08,10.778,6.389,4.389
Kolkata,Toluene,2018,09,2018-09,8.375,10.778,-2.403
Kolkata,Toluene,2018,10,2018-10,8.93,8.375,0.555
Kolkata,Toluene,2018,11,2018-11,20.965,8.93,12.035
Kolkata,Toluene,2018,12,2018-12,23.443,20.965,2.478
Kolkata,Toluene,2019,01,2019-01,29.823,23.443,6.38
Kolkata,Toluene,2019,02,2019-02,7.996,29.823,-21.827
Kolkata,Toluene,2019,03,2019-03,12.386,7.996,4.39
Kolkata,Toluene,2019,04,2019-04,9.031,12.386,-3.355
Kolkata,Toluene,2019,05,2019-05,9.381,9.031,0.35
Kolkata,Toluene,2019,06,2019-06,13.531,9.381,4.15
Kolkata,Toluene,2019,07,2019-07,9.916,13.531,-3.615
Kolkata,Toluene,2019,08,2019-08,10.728,9.916,0.812
Kolkata,Toluene,2019,09,2019-09,16.31,10.728,5.582
Kolkata,Toluene,2019,10,2019-10,26.352,16.31,10.042
Kolkata,Toluene,2019,11,2019-11,38.644,26.352,12.292
Kolkata,Toluene,2019,12,2019-12,37.281,38.644,-1.363
Kolkata,Toluene,2020,01,2020-01,40.036,37.281,2.755
Kolkata,Toluene,2020,02,2020-02,25.86,40.036,-14.176
Kolkata,Toluene,2020,03,2020-03,12.226,25.86,-13.634
Kolkata,Toluene,2020,04,2020-04,6.238,12.226,-5.988
Kolkata,Toluene,2020,05,2020-05,6.668,6.238,0.43
Kolkata,Toluene,2020,06,2020-06,12.176,6.668,5.508
Kolkata,Toluene,2020,07,2020-07,,12.176,
Kolkata,Xylene,2018,04,2018-04,,,
Kolkata,Xylene,2018,05,2018-05,,,
Kolkata,Xylene,2018,06,2018-06,,,
Kolkata,Xylene,2018,07,2018-07,,,
Kolkata,Xylene,2018,08,2018-08,,,
Kolkata,Xylene,2018,09,2018-09,,,
Kolkata,Xylene,2018,10,2018-10,,,
Kolkata,Xylene,2018,11,2018-11,,,
Kolkata,Xylene,2018,12,2018-12,,,
Kolkata,Xylene,2019,01,2019-01,,,
Kolkata,Xylene,2019,02,2019-02,,,
Kolkata,Xylene,2019,03,2019-03,,,
Kolkata,Xylene,2019,04,2019-04,,,
Kolkata,Xylene,2019,05,2019-05,,,
Kolkata,Xylene,2019,06,2019-06,4.592,,
Kolkata,Xylene,2019,07,2019-07,3.166,4.592,-1.426
Kolkata,Xylene,2019,08,2019-08,3.031,3.166,-0.135
Kolkata,Xylene,2019,09,2019-09,1.832,3.031,-1.199
Kolkata,Xylene,2019,10,2019-10,2.955,1.832,1.123
Kolkata,Xylene,2019,11,2019-11,4.834,2.955,1.879
Kolkata,Xylene,2019,12,2019-12,3.126,4.834,-1.708
Kolkata,Xylene,2020,01,2020-01,3.955,3.126,0.829
Kolkata,Xylene,2020,02,2020-02,3.062,3.955,-0.893
Kolkata,Xylene,2020,03,2020-03,1.574,3.062,-1.488
Kolkata,Xylene,2020,04,2020-04,0.399,1.574,-1.175
Kolkata,Xylene,2020,05,2020-05,0.42,0.399,0.021
Kolkata,Xylene,2020,06,2020-06,0.853,0.42,0.433
Kolkata,Xylene,2020,07,2020-07,,0.853,
Lucknow,Benzene,2015,01,2015-01,2.423,,
Lucknow,Benzene,2015,02,2015-02,2.571,2.423,0.148
Lucknow,Benzene,2015,03,2015-03,2.451,2.571,-0.12
Lucknow,Benzene,2015,04,2015-04,2.719,2.451,0.268
Lucknow,Benzene,2015,05,2015-05,1.874,2.719,-0.845
Lucknow,Benzene,2015,06,2015-06,0.753,1.874,-1.121
Lucknow,Benzene,2015,07,2015-07,0.119,0.753,-0.634
Lucknow,Benzene,2015,08,2015-08,0.116,0.119,-0.003
Lucknow,Benzene,2015,09,2015-09,0.729,0.116,0.613
Lucknow,Benzene,2015,10,2015-10,1.261,0.729,0.532
Lucknow,Benzene,2015,11,2015-11,,1.261,
Lucknow,Benzene,2015,12,2015-12,4.008,,
Lucknow,Benzene,2016,01,2016-01,2.976,4.008,-1.032
Lucknow,Benzene,2016,02,2016-02,2.516,2.976,-0.46
Lucknow,Benzene,2016,03,2016-03,1.04,2.516,-1.476
Lucknow,Benzene,2016,04,2016-04,1.163,1.04,0.123
Lucknow,Benzene,2016,05,2016-05,1.684,1.163,0.521
Lucknow,Benzene,2016,06,2016-06,1.247,1.684,-0.437
Lucknow,Benzene,2016,07,2016-07,0.327,1.247,-0.92
Lucknow,Benzene,2016,08,2016-08,0.395,0.327,0.068
Lucknow,Benzene,2016,09,2016-09,0.305,0.395,-0.09
Lucknow,Benzene,2016,10,2016-10,1.036,0.305,0.731
Lucknow,Benzene,2016,11,2016-11,3.476,1.036,2.44
Lucknow,Benzene,2016,12,2016-12,4.799,3.476,1.323
Lucknow,Benzene,2017,01,2017-01,2.423,4.799,-2.376
Lucknow,Benzene,2017,02,2017-02,2.656,2.423,0.233
Lucknow,Benzene,2017,03,2017-03,2.045,2.656,-0.611
Lucknow,Benzene,2017,04,2017-04,2.364,2.045,0.319
Lucknow,Benzene,2017,05,2017-05,2.143,2.364,-0.221
Lucknow,Benzene,2017,06,2017-06,2.469,2.143,0.326
Lucknow,Benzene,2017,07,2017-07,0.836,2.469,-1.633
Lucknow,Benzene,2017,08,2017-08,1.481,0.836,0.645
Lucknow,Benzene,2017,09,2017-09,1.843,1.481,0.362
Lucknow,Benzene,2017,10,2017-10,2.193,1.843,0.35
Lucknow,Benzene,2017,11,2017-11,1.123,2.193,-1.07
Lucknow,Benzene,2017,12,2017-12,2.283,1.123,1.16
Lucknow,Benzene,2018,01,2018-01,2.579,2.283,0.296
Lucknow,Benzene,2018,02,2018-02,1.114,2.579,-1.465
Lucknow,Benzene,2018,03,2018-03,0.614,1.114,-0.5
Lucknow,Benzene,2018,04,2018-04,0.055,0.614,-0.559
Lucknow,Benzene,2018,05,2018-05,0.002,0.055,-0.053
Lucknow,Benzene,2018,06,2018-06,0.412,0.002,0.41
Lucknow,Benzene,2018,07,2018-07,0.164,0.412,-0.248
Lucknow,Benzene,2018,08,2018-08,0.27,0.164,0.106
Lucknow,Benzene,2018,09,2018-09,0.169,0.27,-0.101
Lucknow,Benzene,2018,10,2018-10,0.46,0.169,0.291
Lucknow,Benzene,2018,11,2018-11,0.904,0.46,0.444
Lucknow,Benzene,2018,12,2018-12,0.513,0.904,-0.391
Lucknow,Benzene,2019,01,2019-01,0.249,0.513,-0.264
Lucknow,Benzene,2019,02,2019-02,0.142,0.249,-0.107
Lucknow,Benzene,2019,03,2019-03,0.683,0.142,0.541
Lucknow,Benzene,2019,04,2019-04,0.428,0.683,-0.255
Lucknow,Benzene,2019,05,2019-05,0.77,0.428,0.342
Lucknow,Benzene,2019,06,2019-06,0.784,0.77,0.014
Lucknow,Benzene,2019,07,2019-07,0.576,0.784,-0.208
Lucknow,Benzene,2019,08,2019-08,1.064,0.576,0.488
Lucknow,Benzene,2019,09,2019-09,1.601,1.064,0.537
Lucknow,Benzene,2019,10,2019-10,2.461,1.601,0.86
Lucknow,Benzene,2019,11,2019-11,3.147,2.461,0.686
Lucknow,Benzene,2019,12,2019-12,3.556,3.147,0.409
Lucknow,Benzene,2020,01,2020-01,3.114,3.556,-0.442
Lucknow,Benzene,2020,02,2020-02,2.11,3.114,-1.004
Lucknow,Benzene,2020,03,2020-03,17.151,2.11,15.041
Lucknow,Benzene,2020,04,2020-04,18.135,17.151,0.984
Lucknow,Benzene,2020,05,2020-05,21.466,18.135,3.331
Lucknow,Benzene,2020,06,2020-06,11.061,21.466,-10.405
Lucknow,Benzene,2020,07,2020-07,,11.061,
Lucknow,CO,2015,01,2015-01,11.982,,
Lucknow,CO,2015,02,2015-02,13.65,11.982,1.668
Lucknow,CO,2015,03,2015-03,5.444,13.65,-8.206
Lucknow,CO,2015,04,2015-04,2.32,5.444,-3.124
Lucknow,CO,2015,05,2015-05,2.639,2.32,0.319
Lucknow,CO,2015,06,2015-06,2.812,2.639,0.173
Lucknow,CO,2015,07,2015-07,4.548,2.812,1.736
Lucknow,CO,2015,08,2015-08,1.882,4.548,-2.666
Lucknow,CO,2015,09,2015-09,1.512,1.882,-0.37
Lucknow,CO,2015,10,2015-10,3.727,1.512,2.215
Lucknow,CO,2015,11,2015-11,4.26,3.727,0.533
Lucknow,CO,2015,12,2015-12,3.098,4.26,-1.162
Lucknow,CO,2016,01,2016-01,2.551,3.098,-0.547
Lucknow,CO,2016,02,2016-02,2.594,2.551,0.043
Lucknow,CO,2016,03,2016-03,2.198,2.594,-0.396
Lucknow,CO,2016,04,2016-04,1.659,2.198,-0.539
Lucknow,CO,2016,05,2016-05,1.609,1.659,-0.05
Lucknow,CO,2016,06,2016-06,2.038,1.609,0.429
Lucknow,CO,2016,07,2016-07,,2.038,
Lucknow,CO,2016,08,2016-08,1.1,,
Lucknow,CO,2016,09,2016-09,2.231,1.1,1.131
Lucknow,CO,2016,10,2016-10,1.82,2.231,-0.411
Lucknow,CO,2016,11,2016-11,2.456,1.82,0.636
Lucknow,CO,2016,12,2016-12,1.862,2.456,-0.594
Lucknow,CO,2017,01,2017-01,2.041,1.862,0.179
Lucknow,CO,2017,02,2017-02,2.055,2.041,0.014
Lucknow,CO,2017,03,2017-03,1.895,2.055,-0.16
Lucknow,CO,2017,04,2017-04,1.528,1.895,-0.367
Lucknow,CO,2017,05,2017-05,2.129,1.528,0.601
Lucknow,CO,2017,06,2017-06,1.415,2.129,-0.714
Lucknow,CO,2017,07,2017-07,1.223,1.415,-0.192
Lucknow,CO,2017,08,2017-08,1.501,1.223,0.278
Lucknow,CO,2017,09,2017-09,1.66,1.501,0.159
Lucknow,CO,2017,10,2017-10,1.135,1.66,-0.525
Lucknow,CO,2017,11,2017-11,1.433,1.135,0.298
Lucknow,CO,2017,12,2017-12,1.533,1.433,0.1
Lucknow,CO,2018,01,2018-01,1.567,1.533,0.034
Lucknow,CO,2018,02,2018-02,1.016,1.567,-0.551
Lucknow,CO,2018,03,2018-03,0.557,1.016,-0.459
Lucknow,CO,2018,04,2018-04,0.428,0.557,-0.129
Lucknow,CO,2018,05,2018-05,0.446,0.428,0.018
Lucknow,CO,2018,06,2018-06,0.757,0.446,0.311
Lucknow,CO,2018,07,2018-07,0.923,0.757,0.166
Lucknow,CO,2018,08,2018-08,0.788,0.923,-0.135
Lucknow,CO,2018,09,2018-09,0.999,0.788,0.211
Lucknow,CO,2018,10,2018-10,1.286,0.999,0.287
Lucknow,CO,2018,11,2018-11,2.029,1.286,0.743
Lucknow,CO,2018,12,2018-12,1.714,2.029,-0.315
Lucknow,CO,2019,01,2019-01,1.101,1.714,-0.613
Lucknow,CO,2019,02,2019-02,1.144,1.101,0.043
Lucknow,CO,2019,03,2019-03,1.325,1.144,0.181
Lucknow,CO,2019,04,2019-04,1.392,1.325,0.067
Lucknow,CO,2019,05,2019-05,1.274,1.392,-0.118
Lucknow,CO,2019,06,2019-06,1.013,1.274,-0.261
Lucknow,CO,2019,07,2019-07,1.086,1.013,0.073
Lucknow,CO,2019,08,2019-08,1.405,1.086,0.319
Lucknow,CO,2019,09,2019-09,1.054,1.405,-0.351
Lucknow,CO,2019,10,2019-10,1.213,1.054,0.159
Lucknow,CO,2019,11,2019-11,1.273,1.213,0.06
Lucknow,CO,2019,12,2019-12,1.468,1.273,0.195
Lucknow,CO,2020,01,2020-01,1.748,1.468,0.28
Lucknow,CO,2020,02,2020-02,1.342,1.748,-0.406
Lucknow,CO,2020,03,2020-03,1.079,1.342,-0.263
Lucknow,CO,2020,04,2020-04,0.988,1.079,-0.091
Lucknow,CO,2020,05,2020-05,0.973,0.988,-0.015
Lucknow,CO,2020,06,2020-06,1.066,0.973,0.093
Lucknow,CO,2020,07,2020-07,,1.066,
Lucknow,NH3,2015,01,2015-01,,,
Lucknow,NH3,2015,02,2015-02,,,
Lucknow,NH3,2015,03,2015-03,,,
Lucknow,NH3,2015,04,2015-04,,,
Lucknow,NH3,2015,05,2015-05,,,
Lucknow,NH3,2015,06,2015-06,,,
Lucknow,NH3,2015,07,2015-07,,,
Lucknow,NH3,2015,08,2015-08,,,
Lucknow,NH3,2015,09,2015-09,,,
Lucknow,NH3,2015,10,2015-10,,,
Lucknow,NH3,2015,11,2015-11,,,
Lucknow,NH3,2015,12,2015-12,,,
Lucknow,NH3,2016,01,2016-01,,,
Lucknow,NH3,2016,02,2016-02,,,
Lucknow,NH3,2016,03,2016-03,,,
Lucknow,NH3,2016,04,2016-04,,,
Lucknow,NH3,2016,05,2016-05,,,
Lucknow,NH3,2016,06,2016-06,,,
Lucknow,NH3,2016,07,2016-07,,,
Lucknow,NH3,2016,08,2016-08,,,
Lucknow,NH3,2016,09,2016-09,,,
Lucknow,NH3,2016,10,2016-10,,,
Lucknow,NH3,2016,11,2016-11,,,
Lucknow,NH3,2016,12,2016-12,,,
Lucknow,NH3,2017,01,2017-01,,,
Lucknow,NH3,2017,02,2017-02,,,
Lucknow,NH3,2017,03,2017-03,,,
Lucknow,NH3,2017,04,2017-04,,,
Lucknow,NH3,2017,05,2017-05,,,
Lucknow,NH3,2017,06,2017-06,,,
Lucknow,NH3,2017,07,2017-07,,,
Lucknow,NH3,2017,08,2017-08,,,
Lucknow,NH3,2017,09,2017-09,7.864,,
Lucknow,NH3,2017,10,2017-10,16.73,7.864,8.866
Lucknow,NH3,2017,11,2017-11,49.626,16.73,32.896
Lucknow,NH3,2017,12,2017-12,51.535,49.626,1.909
Lucknow,NH3,2018,01,2018-01,49.627,51.535,-1.908
Lucknow,NH3,2018,02,2018-02,50.419,49.627,0.792
Lucknow,NH3,2018,03,2018-03,37.401,50.419,-13.018
Lucknow,NH3,2018,04,2018-04,29.105,37.401,-8.296
Lucknow,NH3,2018,05,2018-05,31.52,29.105,2.415
Lucknow,NH3,2018,06,2018-06,38.322,31.52,6.802
Lucknow,NH3,2018,07,2018-07,30.046,38.322,-8.276
Lucknow,NH3,2018,08,2018-08,24.414,30.046,-5.632
Lucknow,NH3,2018,09,2018-09,30.298,24.414,5.884
Lucknow,NH3,2018,10,2018-10,54.825,30.298,24.527
Lucknow,NH3,2018,11,2018-11,43.678,54.825,-11.147
Lucknow,NH3,2018,12,2018-12,41.025,43.678,-2.653
Lucknow,NH3,2019,01,2019-01,39.384,41.025,-1.641
Lucknow,NH3,2019,02,2019-02,34.783,39.384,-4.601
Lucknow,NH3,2019,03,2019-03,11.556,34.783,-23.227
Lucknow,NH3,2019,04,2019-04,18.461,11.556,6.905
Lucknow,NH3,2019,05,2019-05,18.626,18.461,0.165
Lucknow,NH3,2019,06,2019-06,28.542,18.626,9.916
Lucknow,NH3,2019,07,2019-07,13.7,28.542,-14.842
Lucknow,NH3,2019,08,2019-08,11.218,13.7,-2.482
Lucknow,NH3,2019,09,2019-09,22.151,11.218,10.933
Lucknow,NH3,2019,10,2019-10,37.707,22.151,15.556
Lucknow,NH3,2019,11,2019-11,21.061,37.707,-16.646
Lucknow,NH3,2019,12,2019-12,17.52,21.061,-3.541
Lucknow,NH3,2020,01,2020-01,25.804,17.52,8.284
Lucknow,NH3,2020,02,2020-02,10.877,25.804,-14.927
Lucknow,NH3,2020,03,2020-03,22.151,10.877,11.274
Lucknow,NH3,2020,04,2020-04,32.671,22.151,10.52
Lucknow,NH3,2020,05,2020-05,13.389,32.671,-19.282
Lucknow,NH3,2020,06,2020-06,14.967,13.389,1.578
Lucknow,NH3,2020,07,2020-07,,14.967,
Lucknow,NO,2015,01,2015-01,4.221,,
Lucknow,NO,2015,02,2015-02,5.408,4.221,1.187
Lucknow,NO,2015,03,2015-03,10.128,5.408,4.72
Lucknow,NO,2015,04,2015-04,9.916,10.128,-0.212
Lucknow,NO,2015,05,2015-05,2.953,9.916,-6.963
Lucknow,NO,2015,06,2015-06,2.499,2.953,-0.454
Lucknow,NO,2015,07,2015-07,4.058,2.499,1.559
Lucknow,NO,2015,08,2015-08,4.716,4.058,0.658
Lucknow,NO,2015,09,2015-09,4.504,4.716,-0.212
Lucknow,NO,2015,10,2015-10,12.884,4.504,8.38
Lucknow,NO,2015,11,2015-11,15.635,12.884,2.751
Lucknow,NO,2015,12,2015-12,19.891,15.635,4.256
Lucknow,NO,2016,01,2016-01,5.935,19.891,-13.956
Lucknow,NO,2016,02,2016-02,6.831,5.935,0.896
Lucknow,NO,2016,03,2016-03,10.8,6.831,3.969
Lucknow,NO,2016,04,2016-04,9.731,10.8,-1.069
Lucknow,NO,2016,05,2016-05,6.466,9.731,-3.265
Lucknow,NO,2016,06,2016-06,7.186,6.466,0.72
Lucknow,NO,2016,07,2016-07,7.484,7.186,0.298
Lucknow,NO,2016,08,2016-08,6.684,7.484,-0.8
Lucknow,NO,2016,09,2016-09,7.899,6.684,1.215
Lucknow,NO,2016,10,2016-10,27.676,7.899,19.777
Lucknow,NO,2016,11,2016-11,50.972,27.676,23.296
Lucknow,NO,2016,12,2016-12,36.019,50.972,-14.953
Lucknow,NO,2017,01,2017-01,29.336,36.019,-6.683
Lucknow,NO,2017,02,2017-02,21.909,29.336,-7.427
Lucknow,NO,2017,03,2017-03,14.944,21.909,-6.965
Lucknow,NO,2017,04,2017-04,9.966,14.944,-4.978
Lucknow,NO,2017,05,2017-05,10.448,9.966,0.482
Lucknow,NO,2017,06,2017-06,6.805,10.448,-3.643
Lucknow,NO,2017,07,2017-07,10.632,6.805,3.827
Lucknow,NO,2017,08,2017-08,11.967,10.632,1.335
Lucknow,NO,2017,09,2017-09,9.861,11.967,-2.106
Lucknow,NO,2017,10,2017-10,27.17,9.861,17.309
Lucknow,NO,2017,11,2017-11,34.103,27.17,6.933
Lucknow,NO,2017,12,2017-12,34.292,34.103,0.189
Lucknow,NO,2018,01,2018-01,26.827,34.292,-7.465
Lucknow,NO,2018,02,2018-02,24.216,26.827,-2.611
Lucknow,NO,2018,03,2018-03,15.435,24.216,-8.781
Lucknow,NO,2018,04,2018-04,22.375,15.435,6.94
Lucknow,NO,2018,05,2018-05,15.723,22.375,-6.652
Lucknow,NO,2018,06,2018-06,7.793,15.723,-7.93
Lucknow,NO,2018,07,2018-07,11.891,7.793,4.098
Lucknow,NO,2018,08,2018-08,12.251,11.891,0.36
Lucknow,NO,2018,09,2018-09,8.254,12.251,-3.997
Lucknow,NO,2018,10,2018-10,25.837,8.254,17.583
Lucknow,NO,2018,11,2018-11,39.929,25.837,14.092
Lucknow,NO,2018,12,2018-12,32.07,39.929,-7.859
Lucknow,NO,2019,01,2019-01,33.439,32.07,1.369
Lucknow,NO,2019,02,2019-02,21.252,33.439,-12.187
Lucknow,NO,2019,03,2019-03,9.504,21.252,-11.748
Lucknow,NO,2019,04,2019-04,8.731,9.504,-0.773
Lucknow,NO,2019,05,2019-05,8.278,8.731,-0.453
Lucknow,NO,2019,06,2019-06,8.205,8.278,-0.073
Lucknow,NO,2019,07,2019-07,9.137,8.205,0.932
Lucknow,NO,2019,08,2019-08,7.646,9.137,-1.491
Lucknow,NO,2019,09,2019-09,7.99,7.646,0.344
Lucknow,NO,2019,10,2019-10,19.061,7.99,11.071
Lucknow,NO,2019,11,2019-11,24.082,19.061,5.021
Lucknow,NO,2019,12,2019-12,22.505,24.082,-1.577
Lucknow,NO,2020,01,2020-01,29.455,22.505,6.95
Lucknow,NO,2020,02,2020-02,16.954,29.455,-12.501
Lucknow,NO,2020,03,2020-03,12.572,16.954,-4.382
Lucknow,NO,2020,04,2020-04,3.962,12.572,-8.61
Lucknow,NO,2020,05,2020-05,5.637,3.962,1.675
Lucknow,NO,2020,06,2020-06,7.584,5.637,1.947
Lucknow,NO,2020,07,2020-07,,7.584,
Lucknow,NO2,2015,01,2015-01,15.115,,
Lucknow,NO2,2015,02,2015-02,23.058,15.115,7.943
Lucknow,NO2,2015,03,2015-03,23.699,23.058,0.641
Lucknow,NO2,2015,04,2015-04,24.145,23.699,0.446
Lucknow,NO2,2015,05,2015-05,14.253,24.145,-9.892
Lucknow,NO2,2015,06,2015-06,10.94,14.253,-3.313
Lucknow,NO2,2015,07,2015-07,9.268,10.94,-1.672
Lucknow,NO2,2015,08,2015-08,8.569,9.268,-0.699
Lucknow,NO2,2015,09,2015-09,9.712,8.569,1.143
Lucknow,NO2,2015,10,2015-10,16.365,9.712,6.653
Lucknow,NO2,2015,11,2015-11,24.305,16.365,7.94
Lucknow,NO2,2015,12,2015-12,23.094,24.305,-1.211
Lucknow,NO2,2016,01,2016-01,12.028,23.094,-11.066
Lucknow,NO2,2016,02,2016-02,19.939,12.028,7.911
Lucknow,NO2,2016,03,2016-03,32.91,19.939,12.971
Lucknow,NO2,2016,04,2016-04,53.525,32.91,20.615
Lucknow,NO2,2016,05,2016-05,49.998,53.525,-3.527
Lucknow,NO2,2016,06,2016-06,28.549,49.998,-21.449
Lucknow,NO2,2016,07,2016-07,22.246,28.549,-6.303
Lucknow,NO2,2016,08,2016-08,18.594,22.246,-3.652
Lucknow,NO2,2016,09,2016-09,24.103,18.594,5.509
Lucknow,NO2,2016,10,2016-10,55.306,24.103,31.203
Lucknow,NO2,2016,11,2016-11,77.917,55.306,22.611
Lucknow,NO2,2016,12,2016-12,52.324,77.917,-25.593
Lucknow,NO2,2017,01,2017-01,45.672,52.324,-6.652
Lucknow,NO2,2017,02,2017-02,37.686,45.672,-7.986
Lucknow,NO2,2017,03,2017-03,35.516,37.686,-2.17
Lucknow,NO2,2017,04,2017-04,32.587,35.516,-2.929
Lucknow,NO2,2017,05,2017-05,32.628,32.587,0.041
Lucknow,NO2,2017,06,2017-06,19.498,32.628,-13.13
Lucknow,NO2,2017,07,2017-07,18.838,19.498,-0.66
Lucknow,NO2,2017,08,2017-08,30.842,18.838,12.004
Lucknow,NO2,2017,09,2017-09,26.746,30.842,-4.096
Lucknow,NO2,2017,10,2017-10,52.154,26.746,25.408
Lucknow,NO2,2017,11,2017-11,57.101,52.154,4.947
Lucknow,NO2,2017,12,2017-12,59.657,57.101,2.556
Lucknow,NO2,2018,01,2018-01,45.93,59.657,-13.727
Lucknow,NO2,2018,02,2018-02,36.544,45.93,-9.386
Lucknow,NO2,2018,03,2018-03,34.642,36.544,-1.902
Lucknow,NO2,2018,04,2018-04,51.823,34.642,17.181
Lucknow,NO2,2018,05,2018-05,51.744,51.823,-0.079
Lucknow,NO2,2018,06,2018-06,27.283,51.744,-24.461
Lucknow,NO2,2018,07,2018-07,27.752,27.283,0.469
Lucknow,NO2,2018,08,2018-08,29.613,27.752,1.861
Lucknow,NO2,2018,09,2018-09,25.917,29.613,-3.696
Lucknow,NO2,2018,10,2018-10,49.82,25.917,23.903
Lucknow,NO2,2018,11,2018-11,62.558,49.82,12.738
Lucknow,NO2,2018,12,2018-12,56.495,62.558,-6.063
Lucknow,NO2,2019,01,2019-01,45.972,56.495,-10.523
Lucknow,NO2,2019,02,2019-02,42.009,45.972,-3.963
Lucknow,NO2,2019,03,2019-03,42.542,42.009,0.533
Lucknow,NO2,2019,04,2019-04,40.788,42.542,-1.754
Lucknow,NO2,2019,05,2019-05,25.245,40.788,-15.543
Lucknow,NO2,2019,06,2019-06,23.647,25.245,-1.598
Lucknow,NO2,2019,07,2019-07,23.207,23.647,-0.44
Lucknow,NO2,2019,08,2019-08,20.417,23.207,-2.79
Lucknow,NO2,2019,09,2019-09,19.468,20.417,-0.949
Lucknow,NO2,2019,10,2019-10,40.22,19.468,20.752
Lucknow,NO2,2019,11,2019-11,55.192,40.22,14.972
Lucknow,NO2,2019,12,2019-12,44.557,55.192,-10.635
Lucknow,NO2,2020,01,2020-01,67.117,44.557,22.56
Lucknow,NO2,2020,02,2020-02,44.884,67.117,-22.233
Lucknow,NO2,2020,03,2020-03,23.719,44.884,-21.165
Lucknow,NO2,2020,04,2020-04,16.219,23.719,-7.5
Lucknow,NO2,2020,05,2020-05,14.699,16.219,-1.52
Lucknow,NO2,2020,06,2020-06,14.361,14.699,-0.338
Lucknow,NO2,2020,07,2020-07,,14.361,
Lucknow,NOx,2015,01,2015-01,4.013,,
Lucknow,NOx,2015,02,2015-02,4.381,4.013,0.368
Lucknow,NOx,2015,03,2015-03,4.925,4.381,0.544
Lucknow,NOx,2015,04,2015-04,4.695,4.925,-0.23
Lucknow,NOx,2015,05,2015-05,4.46,4.695,-0.235
Lucknow,NOx,2015,06,2015-06,4.284,4.46,-0.176
Lucknow,NOx,2015,07,2015-07,4.448,4.284,0.164
Lucknow,NOx,2015,08,2015-08,4.72,4.448,0.272
Lucknow,NOx,2015,09,2015-09,3.697,4.72,-1.023
Lucknow,NOx,2015,10,2015-10,4.041,3.697,0.344
Lucknow,NOx,2015,11,2015-11,4.465,4.041,0.424
Lucknow,NOx,2015,12,2015-12,4.839,4.465,0.374
Lucknow,NOx,2016,01,2016-01,3.888,4.839,-0.951
Lucknow,NOx,2016,02,2016-02,4.405,3.888,0.517
Lucknow,NOx,2016,03,2016-03,4.355,4.405,-0.05
Lucknow,NOx,2016,04,2016-04,5.166,4.355,0.811
Lucknow,NOx,2016,05,2016-05,4.66,5.166,-0.506
Lucknow,NOx,2016,06,2016-06,4.52,4.66,-0.14
Lucknow,NOx,2016,07,2016-07,4.99,4.52,0.47
Lucknow,NOx,2016,08,2016-08,4.521,4.99,-0.469
Lucknow,NOx,2016,09,2016-09,6.24,4.521,1.719
Lucknow,NOx,2016,10,2016-10,7.446,6.24,1.206
Lucknow,NOx,2016,11,2016-11,7.188,7.446,-0.258
Lucknow,NOx,2016,12,2016-12,,7.188,
Lucknow,NOx,2017,01,2017-01,,,
Lucknow,NOx,2017,02,2017-02,,,
Lucknow,NOx,2017,03,2017-03,,,
Lucknow,NOx,2017,04,2017-04,,,
Lucknow,NOx,2017,05,2017-05,6.882,,
Lucknow,NOx,2017,06,2017-06,6.316,6.882,-0.566
Lucknow,NOx,2017,07,2017-07,,6.316,
Lucknow,NOx,2017,08,2017-08,,,
Lucknow,NOx,2017,09,2017-09,26.458,,
Lucknow,NOx,2017,10,2017-10,49.643,26.458,23.185
Lucknow,NOx,2017,11,2017-11,57.594,49.643,7.951
Lucknow,NOx,2017,12,2017-12,58.566,57.594,0.972
Lucknow,NOx,2018,01,2018-01,44.107,58.566,-14.459
Lucknow,NOx,2018,02,2018-02,37.077,44.107,-7.03
Lucknow,NOx,2018,03,2018-03,36.582,37.077,-0.495
Lucknow,NOx,2018,04,2018-04,40.622,36.582,4.04
Lucknow,NOx,2018,05,2018-05,32.846,40.622,-7.776
Lucknow,NOx,2018,06,2018-06,23.114,32.846,-9.732
Lucknow,NOx,2018,07,2018-07,23.795,23.114,0.681
Lucknow,NOx,2018,08,2018-08,25.735,23.795,1.94
Lucknow,NOx,2018,09,2018-09,23.06,25.735,-2.675
Lucknow,NOx,2018,10,2018-10,46.018,23.06,22.958
Lucknow,NOx,2018,11,2018-11,64.531,46.018,18.513
Lucknow,NOx,2018,12,2018-12,55.218,64.531,-9.313
Lucknow,NOx,2019,01,2019-01,50.453,55.218,-4.765
Lucknow,NOx,2019,02,2019-02,38.791,50.453,-11.662
Lucknow,NOx,2019,03,2019-03,32.622,38.791,-6.169
Lucknow,NOx,2019,04,2019-04,27.071,32.622,-5.551
Lucknow,NOx,2019,05,2019-05,17.052,27.071,-10.019
Lucknow,NOx,2019,06,2019-06,19.801,17.052,2.749
Lucknow,NOx,2019,07,2019-07,19.672,19.801,-0.129
Lucknow,NOx,2019,08,2019-08,16.376,19.672,-3.296
Lucknow,NOx,2019,09,2019-09,16.931,16.376,0.555
Lucknow,NOx,2019,10,2019-10,35.613,16.931,18.682
Lucknow,NOx,2019,11,2019-11,47.398,35.613,11.785
Lucknow,NOx,2019,12,2019-12,40.392,47.398,-7.006
Lucknow,NOx,2020,01,2020-01,55.629,40.392,15.237
Lucknow,NOx,2020,02,2020-02,37.111,55.629,-18.518
Lucknow,NOx,2020,03,2020-03,21.859,37.111,-15.252
Lucknow,NOx,2020,04,2020-04,11.488,21.859,-10.371
Lucknow,NOx,2020,05,2020-05,11.987,11.488,0.499
Lucknow,NOx,2020,06,2020-06,13.91,11.987,1.923
Lucknow,NOx,2020,07,2020-07,,13.91,
Lucknow,O3,2015,01,2015-01,32.742,,
Lucknow,O3,2015,02,2015-02,30.581,32.742,-2.161
Lucknow,O3,2015,03,2015-03,27.639,30.581,-2.942
Lucknow,O3,2015,04,2015-04,23.601,27.639,-4.038
Lucknow,O3,2015,05,2015-05,36.4,23.601,12.799
Lucknow,O3,2015,06,2015-06,45.395,36.4,8.995
Lucknow,O3,2015,07,2015-07,26.859,45.395,-18.536
Lucknow,O3,2015,08,2015-08,24.661,26.859,-2.198
Lucknow,O3,2015,09,2015-09,27.387,24.661,2.726
Lucknow,O3,2015,10,2015-10,45.527,27.387,18.14
Lucknow,O3,2015,11,2015-11,46.845,45.527,1.318
Lucknow,O3,2015,12,2015-12,46.185,46.845,-0.66
Lucknow,O3,2016,01,2016-01,41.395,46.185,-4.79
Lucknow,O3,2016,02,2016-02,56.173,41.395,14.778
Lucknow,O3,2016,03,2016-03,64.96,56.173,8.787
Lucknow,O3,2016,04,2016-04,68.109,64.96,3.149
Lucknow,O3,2016,05,2016-05,59.289,68.109,-8.82
Lucknow,O3,2016,06,2016-06,32.796,59.289,-26.493
Lucknow,O3,2016,07,2016-07,18.492,32.796,-14.304
Lucknow,O3,2016,08,2016-08,30.214,18.492,11.722
Lucknow,O3,2016,09,2016-09,28.812,30.214,-1.402
Lucknow,O3,2016,10,2016-10,33.279,28.812,4.467
Lucknow,O3,2016,11,2016-11,48.336,33.279,15.057
Lucknow,O3,2016,12,2016-12,33.859,48.336,-14.477
Lucknow,O3,2017,01,2017-01,40.216,33.859,6.357
Lucknow,O3,2017,02,2017-02,89.298,40.216,49.082
Lucknow,O3,2017,03,2017-03,64.25,89.298,-25.048
Lucknow,O3,2017,04,2017-04,97.097,64.25,32.847
Lucknow,O3,2017,05,2017-05,50.897,97.097,-46.2
Lucknow,O3,2017,06,2017-06,28.908,50.897,-21.989
Lucknow,O3,2017,07,2017-07,14.663,28.908,-14.245
Lucknow,O3,2017,08,2017-08,12.858,14.663,-1.805
Lucknow,O3,2017,09,2017-09,21.932,12.858,9.074
Lucknow,O3,2017,10,2017-10,25.456,21.932,3.524
Lucknow,O3,2017,11,2017-11,48.847,25.456,23.391
Lucknow,O3,2017,12,2017-12,40.564,48.847,-8.283
Lucknow,O3,2018,01,2018-01,34.991,40.564,-5.573
Lucknow,O3,2018,02,2018-02,45.598,34.991,10.607
Lucknow,O3,2018,03,2018-03,47.607,45.598,2.009
Lucknow,O3,2018,04,2018-04,36.917,47.607,-10.69
Lucknow,O3,2018,05,2018-05,48.594,36.917,11.677
Lucknow,O3,2018,06,2018-06,19.719,48.594,-28.875
Lucknow,O3,2018,07,2018-07,33.907,19.719,14.188
Lucknow,O3,2018,08,2018-08,13.438,33.907,-20.469
Lucknow,O3,2018,09,2018-09,19.387,13.438,5.949
Lucknow,O3,2018,10,2018-10,30.293,19.387,10.906
Lucknow,O3,2018,11,2018-11,35.274,30.293,4.981
Lucknow,O3,2018,12,2018-12,27.017,35.274,-8.257
Lucknow,O3,2019,01,2019-01,24.908,27.017,-2.109
Lucknow,O3,2019,02,2019-02,24.368,24.908,-0.54
Lucknow,O3,2019,03,2019-03,35.65,24.368,11.282
Lucknow,O3,2019,04,2019-04,41.09,35.65,5.44
Lucknow,O3,2019,05,2019-05,40.677,41.09,-0.413
Lucknow,O3,2019,06,2019-06,44.343,40.677,3.666
Lucknow,O3,2019,07,2019-07,26.661,44.343,-17.682
Lucknow,O3,2019,08,2019-08,27.379,26.661,0.718
Lucknow,O3,2019,09,2019-09,25.972,27.379,-1.407
Lucknow,O3,2019,10,2019-10,29.028,25.972,3.056
Lucknow,O3,2019,11,2019-11,42.111,29.028,13.083
Lucknow,O3,2019,12,2019-12,24.546,42.111,-17.565
Lucknow,O3,2020,01,2020-01,25.266,24.546,0.72
Lucknow,O3,2020,02,2020-02,32.047,25.266,6.781
Lucknow,O3,2020,03,2020-03,36.625,32.047,4.578
Lucknow,O3,2020,04,2020-04,26.217,36.625,-10.408
Lucknow,O3,2020,05,2020-05,31.002,26.217,4.785
Lucknow,O3,2020,06,2020-06,44.972,31.002,13.97
Lucknow,O3,2020,07,2020-07,,44.972,
Lucknow,PM10,2015,01,2015-01,,,
Lucknow,PM10,2015,02,2015-02,,,
Lucknow,PM10,2015,03,2015-03,,,
Lucknow,PM10,2015,04,2015-04,,,
Lucknow,PM10,2015,05,2015-05,,,
Lucknow,PM10,2015,06,2015-06,,,
Lucknow,PM10,2015,07,2015-07,,,
Lucknow,PM10,2015,08,2015-08,,,
Lucknow,PM10,2015,09,2015-09,,,
Lucknow,PM10,2015,10,2015-10,,,
Lucknow,PM10,2015,11,2015-11,,,
Lucknow,PM10,2015,12,2015-12,,,
Lucknow,PM10,2016,01,2016-01,,,
Lucknow,PM10,2016,02,2016-02,,,
Lucknow,PM10,2016,03,2016-03,,,
Lucknow,PM10,2016,04,2016-04,,,
Lucknow,PM10,2016,05,2016-05,,,
Lucknow,PM10,2016,06,2016-06,,,
Lucknow,PM10,2016,07,2016-07,,,
Lucknow,PM10,2016,08,2016-08,,,
Lucknow,PM10,2016,09,2016-09,,,
Lucknow,PM10,2016,10,2016-10,,,
Lucknow,PM10,2016,11,2016-11,,,
Lucknow,PM10,2016,12,2016-12,,,
Lucknow,PM10,2017,01,2017-01,,,
Lucknow,PM10,2017,02,2017-02,,,
Lucknow,PM10,2017,03,2017-03,,,
Lucknow,PM10,2017,04,2017-04,,,
Lucknow,PM10,2017,05,2017-05,,,
Lucknow,PM10,2017,06,2017-06,,,
Lucknow,PM10,2017,07,2017-07,,,
Lucknow,PM10,2017,08,2017-08,,,
Lucknow,PM10,2017,09,2017-09,,,
Lucknow,PM10,2017,10,2017-10,,,
Lucknow,PM10,2017,11,2017-11,,,
Lucknow,PM10,2017,12,2017-12,,,
Lucknow,PM10,2018,01,2018-01,,,
Lucknow,PM10,2018,02,2018-02,,,
Lucknow,PM10,2018,03,2018-03,,,
Lucknow,PM10,2018,04,2018-04,,,
Lucknow,PM10,2018,05,2018-05,,,
Lucknow,PM10,2018,06,2018-06,,,
Lucknow,PM10,2018,07,2018-07,,,
Lucknow,PM10,2018,08,2018-08,,,
Lucknow,PM10,2018,09,2018-09,,,
Lucknow,PM10,2018,10,2018-10,,,
Lucknow,PM10,2018,11,2018-11,,,
Lucknow,PM10,2018,12,2018-12,,,
Lucknow,PM10,2019,01,2019-01,,,
Lucknow,PM10,2019,02,2019-02,,,
Lucknow,PM10,2019,03,2019-03,,,
Lucknow,PM10,2019,04,2019-04,,,
Lucknow,PM10,2019,05,2019-05,,,
Lucknow,PM10,2019,06,2019-06,,,
Lucknow,PM10,2019,07,2019-07,,,
Lucknow,PM10,2019,08,2019-08,,,
Lucknow,PM10,2019,09,2019-09,,,
Lucknow,PM10,2019,10,2019-10,,,
Lucknow,PM10,2019,11,2019-11,,,
Lucknow,PM10,2019,12,2019-12,,,
Lucknow,PM10,2020,01,2020-01,,,
Lucknow,PM10,2020,02,2020-02,,,
Lucknow,PM10,2020,03,2020-03,,,
Lucknow,PM10,2020,04,2020-04,,,
Lucknow,PM10,2020,05,2020-05,,,
Lucknow,PM10,2020,06,2020-06,,,
Lucknow,PM10,2020,07,2020-07,,,
Lucknow,PM2.5,2015,01,2015-01,,,
Lucknow,PM2.5,2015,02,2015-02,,,
Lucknow,PM2.5,2015,03,2015-03,164.028,,
Lucknow,PM2.5,2015,04,2015-04,46.483,164.028,-117.545
Lucknow,PM2.5,2015,05,2015-05,39.1,46.483,-7.383
Lucknow,PM2.5,2015,06,2015-06,56.459,39.1,17.359
Lucknow,PM2.5,2015,07,2015-07,31.691,56.459,-24.768
Lucknow,PM2.5,2015,08,2015-08,44.527,31.691,12.836
Lucknow,PM2.5,2015,09,2015-09,57.144,44.527,12.617
Lucknow,PM2.5,2015,10,2015-10,104.093,57.144,46.949
Lucknow,PM2.5,2015,11,2015-11,248.784,104.093,144.691
Lucknow,PM2.5,2015,12,2015-12,243.254,248.784,-5.53
Lucknow,PM2.5,2016,01,2016-01,199.229,243.254,-44.025
Lucknow,PM2.5,2016,02,2016-02,160.901,199.229,-38.328
Lucknow,PM2.5,2016,03,2016-03,94.791,160.901,-66.11
Lucknow,PM2.5,2016,04,2016-04,103.277,94.791,8.486
Lucknow,PM2.5,2016,05,2016-05,90.53,103.277,-12.747
Lucknow,PM2.5,2016,06,2016-06,89.005,90.53,-1.525
Lucknow,PM2.5,2016,07,2016-07,55.397,89.005,-33.608
Lucknow,PM2.5,2016,08,2016-08,38.199,55.397,-17.198
Lucknow,PM2.5,2016,09,2016-09,43.358,38.199,5.159
Lucknow,PM2.5,2016,10,2016-10,124.079,43.358,80.721
Lucknow,PM2.5,2016,11,2016-11,237.588,124.079,113.509
Lucknow,PM2.5,2016,12,2016-12,234.649,237.588,-2.939
Lucknow,PM2.5,2017,01,2017-01,177.739,234.649,-56.91
Lucknow,PM2.5,2017,02,2017-02,140.694,177.739,-37.045
Lucknow,PM2.5,2017,03,2017-03,112.483,140.694,-28.211
Lucknow,PM2.5,2017,04,2017-04,105.063,112.483,-7.42
Lucknow,PM2.5,2017,05,2017-05,118.782,105.063,13.719
Lucknow,PM2.5,2017,06,2017-06,85.802,118.782,-32.98
Lucknow,PM2.5,2017,07,2017-07,37.689,85.802,-48.113
Lucknow,PM2.5,2017,08,2017-08,45.604,37.689,7.915
Lucknow,PM2.5,2017,09,2017-09,50.301,45.604,4.697
Lucknow,PM2.5,2017,10,2017-10,133.512,50.301,83.211
Lucknow,PM2.5,2017,11,2017-11,231.421,133.512,97.909
Lucknow,PM2.5,2017,12,2017-12,220.058,231.421,-11.363
Lucknow,PM2.5,2018,01,2018-01,220.853,220.058,0.795
Lucknow,PM2.5,2018,02,2018-02,163.824,220.853,-57.029
Lucknow,PM2.5,2018,03,2018-03,111.308,163.824,-52.516
Lucknow,PM2.5,2018,04,2018-04,86.23,111.308,-25.078
Lucknow,PM2.5,2018,05,2018-05,129.146,86.23,42.916
Lucknow,PM2.5,2018,06,2018-06,83.945,129.146,-45.201
Lucknow,PM2.5,2018,07,2018-07,38.542,83.945,-45.403
Lucknow,PM2.5,2018,08,2018-08,48.77,38.542,10.228
Lucknow,PM2.5,2018,09,2018-09,49.238,48.77,0.468
Lucknow,PM2.5,2018,10,2018-10,123.333,49.238,74.095
Lucknow,PM2.5,2018,11,2018-11,194.269,123.333,70.936
Lucknow,PM2.5,2018,12,2018-12,184.623,194.269,-9.646
Lucknow,PM2.5,2019,01,2019-01,167.84,184.623,-16.783
Lucknow,PM2.5,2019,02,2019-02,116.788,167.84,-51.052
Lucknow,PM2.5,2019,03,2019-03,100.382,116.788,-16.406
Lucknow,PM2.5,2019,04,2019-04,102.994,100.382,2.612
Lucknow,PM2.5,2019,05,2019-05,81.791,102.994,-21.203
Lucknow,PM2.5,2019,06,2019-06,77.548,81.791,-4.243
Lucknow,PM2.5,2019,07,2019-07,39.606,77.548,-37.942
Lucknow,PM2.5,2019,08,2019-08,33.009,39.606,-6.597
Lucknow,PM2.5,2019,09,2019-09,31.115,33.009,-1.894
Lucknow,PM2.5,2019,10,2019-10,100.409,31.115,69.294
Lucknow,PM2.5,2019,11,2019-11,176.61,100.409,76.201
Lucknow,PM2.5,2019,12,2019-12,150.547,176.61,-26.063
Lucknow,PM2.5,2020,01,2020-01,136.278,150.547,-14.269
Lucknow,PM2.5,2020,02,2020-02,102.908,136.278,-33.37
Lucknow,PM2.5,2020,03,2020-03,64.301,102.908,-38.607
Lucknow,PM2.5,2020,04,2020-04,54.831,64.301,-9.47
Lucknow,PM2.5,2020,05,2020-05,57.625,54.831,2.794
Lucknow,PM2.5,2020,06,2020-06,46.595,57.625,-11.03
Lucknow,PM2.5,2020,07,2020-07,,46.595,
Lucknow,SO2,2015,01,2015-01,171.651,,
Lucknow,SO2,2015,02,2015-02,,171.651,
Lucknow,SO2,2015,03,2015-03,11.492,,
Lucknow,SO2,2015,04,2015-04,16.958,11.492,5.466
Lucknow,SO2,2015,05,2015-05,13.278,16.958,-3.68
Lucknow,SO2,2015,06,2015-06,11.124,13.278,-2.154
Lucknow,SO2,2015,07,2015-07,10.836,11.124,-0.288
Lucknow,SO2,2015,08,2015-08,10.014,10.836,-0.822
Lucknow,SO2,2015,09,2015-09,6.784,10.014,-3.23
Lucknow,SO2,2015,10,2015-10,4.828,6.784,-1.956
Lucknow,SO2,2015,11,2015-11,7.464,4.828,2.636
Lucknow,SO2,2015,12,2015-12,5.534,7.464,-1.93
Lucknow,SO2,2016,01,2016-01,6.863,5.534,1.329
Lucknow,SO2,2016,02,2016-02,6.087,6.863,-0.776
Lucknow,SO2,2016,03,2016-03,6.214,6.087,0.127
Lucknow,SO2,2016,04,2016-04,6.445,6.214,0.231
Lucknow,SO2,2016,05,2016-05,7.184,6.445,0.739
Lucknow,SO2,2016,06,2016-06,6.107,7.184,-1.077
Lucknow,SO2,2016,07,2016-07,6.506,6.107,0.399
Lucknow,SO2,2016,08,2016-08,4.012,6.506,-2.494
Lucknow,SO2,2016,09,2016-09,3.891,4.012,-0.121
Lucknow,SO2,2016,10,2016-10,8.866,3.891,4.975
Lucknow,SO2,2016,11,2016-11,6.719,8.866,-2.147
Lucknow,SO2,2016,12,2016-12,11.25,6.719,4.531
Lucknow,SO2,2017,01,2017-01,8.866,11.25,-2.384
Lucknow,SO2,2017,02,2017-02,7.981,8.866,-0.885
Lucknow,SO2,2017,03,2017-03,6.561,7.981,-1.42
Lucknow,SO2,2017,04,2017-04,6.675,6.561,0.114
Lucknow,SO2,2017,05,2017-05,4.574,6.675,-2.101
Lucknow,SO2,2017,06,2017-06,4.322,4.574,-0.252
Lucknow,SO2,2017,07,2017-07,3.58,4.322,-0.742
Lucknow,SO2,2017,08,2017-08,5.871,3.58,2.291
Lucknow,SO2,2017,09,2017-09,5.233,5.871,-0.638
Lucknow,SO2,2017,10,2017-10,13.184,5.233,7.951
Lucknow,SO2,2017,11,2017-11,9.849,13.184,-3.335
Lucknow,SO2,2017,12,2017-12,10.094,9.849,0.245
Lucknow,SO2,2018,01,2018-01,9.12,10.094,-0.974
Lucknow,SO2,2018,02,2018-02,13.961,9.12,4.841
Lucknow,SO2,2018,03,2018-03,13.181,13.961,-0.78
Lucknow,SO2,2018,04,2018-04,11.039,13.181,-2.142
Lucknow,SO2,2018,05,2018-05,9.522,11.039,-1.517
Lucknow,SO2,2018,06,2018-06,8.795,9.522,-0.727
Lucknow,SO2,2018,07,2018-07,6.73,8.795,-2.065
Lucknow,SO2,2018,08,2018-08,7.437,6.73,0.707
Lucknow,SO2,2018,09,2018-09,4.662,7.437,-2.775
Lucknow,SO2,2018,10,2018-10,6.844,4.662,2.182
Lucknow,SO2,2018,11,2018-11,9.432,6.844,2.588
Lucknow,SO2,2018,12,2018-12,8.676,9.432,-0.756
Lucknow,SO2,2019,01,2019-01,8.914,8.676,0.238
Lucknow,SO2,2019,02,2019-02,7.727,8.914,-1.187
Lucknow,SO2,2019,03,2019-03,9.881,7.727,2.154
Lucknow,SO2,2019,04,2019-04,8.021,9.881,-1.86
Lucknow,SO2,2019,05,2019-05,6.63,8.021,-1.391
Lucknow,SO2,2019,06,2019-06,5.084,6.63,-1.546
Lucknow,SO2,2019,07,2019-07,5.742,5.084,0.658
Lucknow,SO2,2019,08,2019-08,4.872,5.742,-0.87
Lucknow,SO2,2019,09,2019-09,4.645,4.872,-0.227
Lucknow,SO2,2019,10,2019-10,5.915,4.645,1.27
Lucknow,SO2,2019,11,2019-11,11.295,5.915,5.38
Lucknow,SO2,2019,12,2019-12,13.436,11.295,2.141
Lucknow,SO2,2020,01,2020-01,12.498,13.436,-0.938
Lucknow,SO2,2020,02,2020-02,8.035,12.498,-4.463
Lucknow,SO2,2020,03,2020-03,6.233,8.035,-1.802
Lucknow,SO2,2020,04,2020-04,7.213,6.233,0.98
Lucknow,SO2,2020,05,2020-05,6.8,7.213,-0.413
Lucknow,SO2,2020,06,2020-06,5.482,6.8,-1.318
Lucknow,SO2,2020,07,2020-07,,5.482,
Lucknow,Toluene,2015,01,2015-01,4.71,,
Lucknow,Toluene,2015,02,2015-02,3.558,4.71,-1.152
Lucknow,Toluene,2015,03,2015-03,3.291,3.558,-0.267
Lucknow,Toluene,2015,04,2015-04,3.198,3.291,-0.093
Lucknow,Toluene,2015,05,2015-05,1.553,3.198,-1.645
Lucknow,Toluene,2015,06,2015-06,0.77,1.553,-0.783
Lucknow,Toluene,2015,07,2015-07,0.237,0.77,-0.533
Lucknow,Toluene,2015,08,2015-08,0.225,0.237,-0.012
Lucknow,Toluene,2015,09,2015-09,0.829,0.225,0.604
Lucknow,Toluene,2015,10,2015-10,1.211,0.829,0.382
Lucknow,Toluene,2015,11,2015-11,,1.211,
Lucknow,Toluene,2015,12,2015-12,11.696,,
Lucknow,Toluene,2016,01,2016-01,3.2,11.696,-8.496
Lucknow,Toluene,2016,02,2016-02,3.825,3.2,0.625
Lucknow,Toluene,2016,03,2016-03,2.622,3.825,-1.203
Lucknow,Toluene,2016,04,2016-04,1.681,2.622,-0.941
Lucknow,Toluene,2016,05,2016-05,2.704,1.681,1.023
Lucknow,Toluene,2016,06,2016-06,0.965,2.704,-1.739
Lucknow,Toluene,2016,07,2016-07,0.096,0.965,-0.869
Lucknow,Toluene,2016,08,2016-08,0.716,0.096,0.62
Lucknow,Toluene,2016,09,2016-09,0.368,0.716,-0.348
Lucknow,Toluene,2016,10,2016-10,2.737,0.368,2.369
Lucknow,Toluene,2016,11,2016-11,8.599,2.737,5.862
Lucknow,Toluene,2016,12,2016-12,13.604,8.599,5.005
Lucknow,Toluene,2017,01,2017-01,8.927,13.604,-4.677
Lucknow,Toluene,2017,02,2017-02,7.46,8.927,-1.467
Lucknow,Toluene,2017,03,2017-03,6.979,7.46,-0.481
Lucknow,Toluene,2017,04,2017-04,6.585,6.979,-0.394
Lucknow,Toluene,2017,05,2017-05,3.503,6.585,-3.082
Lucknow,Toluene,2017,06,2017-06,3.921,3.503,0.418
Lucknow,Toluene,2017,07,2017-07,2.233,3.921,-1.688
Lucknow,Toluene,2017,08,2017-08,3.08,2.233,0.847
Lucknow,Toluene,2017,09,2017-09,3.211,3.08,0.131
Lucknow,Toluene,2017,10,2017-10,3.038,3.211,-0.173
Lucknow,Toluene,2017,11,2017-11,1.721,3.038,-1.317
Lucknow,Toluene,2017,12,2017-12,2.771,1.721,1.05
Lucknow,Toluene,2018,01,2018-01,7.919,2.771,5.148
Lucknow,Toluene,2018,02,2018-02,1.32,7.919,-6.599
Lucknow,Toluene,2018,03,2018-03,0.427,1.32,-0.893
Lucknow,Toluene,2018,04,2018-04,0.059,0.427,-0.368
Lucknow,Toluene,2018,05,2018-05,0.002,0.059,-0.057
Lucknow,Toluene,2018,06,2018-06,0.593,0.002,0.591
Lucknow,Toluene,2018,07,2018-07,0.298,0.593,-0.295
Lucknow,Toluene,2018,08,2018-08,0.356,0.298,0.058
Lucknow,Toluene,2018,09,2018-09,0.255,0.356,-0.101
Lucknow,Toluene,2018,10,2018-10,0.53,0.255,0.275
Lucknow,Toluene,2018,11,2018-11,1.443,0.53,0.913
Lucknow,Toluene,2018,12,2018-12,1.419,1.443,-0.024
Lucknow,Toluene,2019,01,2019-01,0.57,1.419,-0.849
Lucknow,Toluene,2019,02,2019-02,0.477,0.57,-0.093
Lucknow,Toluene,2019,03,2019-03,5.346,0.477,4.869
Lucknow,Toluene,2019,04,2019-04,1.553,5.346,-3.793
Lucknow,Toluene,2019,05,2019-05,22.299,1.553,20.746
Lucknow,Toluene,2019,06,2019-06,3.414,22.299,-18.885
Lucknow,Toluene,2019,07,2019-07,3.908,3.414,0.494
Lucknow,Toluene,2019,08,2019-08,3.793,3.908,-0.115
Lucknow,Toluene,2019,09,2019-09,6.326,3.793,2.533
Lucknow,Toluene,2019,10,2019-10,9.994,6.326,3.668
Lucknow,Toluene,2019,11,2019-11,12.572,9.994,2.578
Lucknow,Toluene,2019,12,2019-12,10.532,12.572,-2.04
Lucknow,Toluene,2020,01,2020-01,14.82,10.532,4.288
Lucknow,Toluene,2020,02,2020-02,7.248,14.82,-7.572
Lucknow,Toluene,2020,03,2020-03,14.948,7.248,7.7
Lucknow,Toluene,2020,04,2020-04,6.958,14.948,-7.99
Lucknow,Toluene,2020,05,2020-05,9.982,6.958,3.024
Lucknow,Toluene,2020,06,2020-06,8.192,9.982,-1.79
Lucknow,Toluene,2020,07,2020-07,,8.192,
Lucknow,Xylene,2015,01,2015-01,,,
Lucknow,Xylene,2015,02,2015-02,,,
Lucknow,Xylene,2015,03,2015-03,,,
Lucknow,Xylene,2015,04,2015-04,,,
Lucknow,Xylene,2015,05,2015-05,,,
Lucknow,Xylene,2015,06,2015-06,,,
Lucknow,Xylene,2015,07,2015-07,,,
Lucknow,Xylene,2015,08,2015-08,,,
Lucknow,Xylene,2015,09,2015-09,,,
Lucknow,Xylene,2015,10,2015-10,,,
Lucknow,Xylene,2015,11,2015-11,,,
Lucknow,Xylene,2015,12,2015-12,,,
Lucknow,Xylene,2016,01,2016-01,,,
Lucknow,Xylene,2016,02,2016-02,,,
Lucknow,Xylene,2016,03,2016-03,,,
Lucknow,Xylene,2016,04,2016-04,,,
Lucknow,Xylene,2016,05,2016-05,,,
Lucknow,Xylene,2016,06,2016-06,,,
Lucknow,Xylene,2016,07,2016-07,,,
Lucknow,Xylene,2016,08,2016-08,,,
Lucknow,Xylene,2016,09,2016-09,,,
Lucknow,Xylene,2016,10,2016-10,,,
Lucknow,Xylene,2016,11,2016-11,,,
Lucknow,Xylene,2016,12,2016-12,,,
Lucknow,Xylene,2017,01,2017-01,,,
Lucknow,Xylene,2017,02,2017-02,,,
Lucknow,Xylene,2017,03,2017-03,,,
Lucknow,Xylene,2017,04,2017-04,,,
Lucknow,Xylene,2017,05,2017-05,,,
Lucknow,Xylene,2017,06,2017-06,,,
Lucknow,Xylene,2017,07,2017-07,,,
Lucknow,Xylene,2017,08,2017-08,,,
Lucknow,Xylene,2017,09,2017-09,,,
Lucknow,Xylene,2017,10,2017-10,,,
Lucknow,Xylene,2017,11,2017-11,,,
Lucknow,Xylene,2017,12,2017-12,,,
Lucknow,Xylene,2018,01,2018-01,,,
Lucknow,Xylene,2018,02,2018-02,,,
Lucknow,Xylene,2018,03,2018-03,,,
Lucknow,Xylene,2018,04,2018-04,,,
Lucknow,Xylene,2018,05,2018-05,,,
Lucknow,Xylene,2018,06,2018-06,,,
Lucknow,Xylene,2018,07,2018-07,,,
Lucknow,Xylene,2018,08,2018-08,,,
Lucknow,Xylene,2018,09,2018-09,,,
Lucknow,Xylene,2018,10,2018-10,,,
Lucknow,Xylene,2018,11,2018-11,,,
Lucknow,Xylene,2018,12,2018-12,,,
Lucknow,Xylene,2019,01,2019-01,,,
Lucknow,Xylene,2019,02,2019-02,,,
Lucknow,Xylene,2019,03,2019-03,,,
Lucknow,Xylene,2019,04,2019-04,,,
Lucknow,Xylene,2019,05,2019-05,,,
Lucknow,Xylene,2019,06,2019-06,,,
Lucknow,Xylene,2019,07,2019-07,,,
Lucknow,Xylene,2019,08,2019-08,,,
Lucknow,Xylene,2019,09,2019-09,,,
Lucknow,Xylene,2019,10,2019-10,,,
Lucknow,Xylene,2019,11,2019-11,,,
Lucknow,Xylene,2019,12,2019-12,,,
Lucknow,Xylene,2020,01,2020-01,,,
Lucknow,Xylene,2020,02,2020-02,,,
Lucknow,Xylene,2020,03,2020-03,,,
Lucknow,Xylene,2020,04,2020-04,,,
Lucknow,Xylene,2020,05,2020-05,,,
Lucknow,Xylene,2020,06,2020-06,,,
Lucknow,Xylene,2020,07,2020-07,,,
Mumbai,Benzene,2015,01,2015-01,0.0,,
Mumbai,Benzene,2015,02,2015-02,0.0,0.0,0.0
Mumbai,Benzene,2015,03,2015-03,0.0,0.0,0.0
Mumbai,Benzene,2015,04,2015-04,0.0,0.0,0.0
Mumbai,Benzene,2015,05,2015-05,0.0,0.0,0.0
Mumbai,Benzene,2015,06,2015-06,0.0,0.0,0.0
Mumbai,Benzene,2015,07,2015-07,0.0,0.0,0.0
Mumbai,Benzene,2015,08,2015-08,0.0,0.0,0.0
Mumbai,Benzene,2015,09,2015-09,0.0,0.0,0.0
Mumbai,Benzene,2015,10,2015-10,0.0,0.0,0.0
Mumbai,Benzene,2015,11,2015-11,0.0,0.0,0.0
Mumbai,Benzene,2015,12,2015-12,0.0,0.0,0.0
Mumbai,Benzene,2016,01,2016-01,0.0,0.0,0.0
Mumbai,Benzene,2016,02,2016-02,0.0,0.0,0.0
Mumbai,Benzene,2016,03,2016-03,0.0,0.0,0.0
Mumbai,Benzene,2016,04,2016-04,0.0,0.0,0.0
Mumbai,Benzene,2016,05,2016-05,0.0,0.0,0.0
Mumbai,Benzene,2016,06,2016-06,0.0,0.0,0.0
Mumbai,Benzene,2016,07,2016-07,0.0,0.0,0.0
Mumbai,Benzene,2016,08,2016-08,,0.0,
Mumbai,Benzene,2016,09,2016-09,,,
Mumbai,Benzene,2016,10,2016-10,,,
Mumbai,Benzene,2016,11,2016-11,,,
Mumbai,Benzene,2016,12,2016-12,,,
Mumbai,Benzene,2017,01,2017-01,0.0,,
Mumbai,Benzene,2017,02,2017-02,0.0,0.0,0.0
Mumbai,Benzene,2017,03,2017-03,0.0,0.0,0.0
Mumbai,Benzene,2017,04,2017-04,0.0,0.0,0.0
Mumbai,Benzene,2017,05,2017-05,0.0,0.0,0.0
Mumbai,Benzene,2017,06,2017-06,0.0,0.0,0.0
Mumbai,Benzene,2017,07,2017-07,0.0,0.0,0.0
Mumbai,Benzene,2017,08,2017-08,0.0,0.0,0.0
Mumbai,Benzene,2017,09,2017-09,0.0,0.0,0.0
Mumbai,Benzene,2017,10,2017-10,0.0,0.0,0.0
Mumbai,Benzene,2017,11,2017-11,0.0,0.0,0.0
Mumbai,Benzene,2017,12,2017-12,0.023,0.0,0.023
Mumbai,Benzene,2018,01,2018-01,0.0,0.023,-0.023
Mumbai,Benzene,2018,02,2018-02,0.0,0.0,0.0
Mumbai,Benzene,2018,03,2018-03,0.0,0.0,0.0
Mumbai,Benzene,2018,04,2018-04,0.202,0.0,0.202
Mumbai,Benzene,2018,05,2018-05,0.427,0.202,0.225
Mumbai,Benzene,2018,06,2018-06,1.733,0.427,1.306
Mumbai,Benzene,2018,07,2018-07,0.554,1.733,-1.179
Mumbai,Benzene,2018,08,2018-08,0.364,0.554,-0.19
Mumbai,Benzene,2018,09,2018-09,0.868,0.364,0.504
Mumbai,Benzene,2018,10,2018-10,1.672,0.868,0.804
Mumbai,Benzene,2018,11,2018-11,2.559,1.672,0.887
Mumbai,Benzene,2018,12,2018-12,1.676,2.559,-0.883
Mumbai,Benzene,2019,01,2019-01,2.096,1.676,0.42
Mumbai,Benzene,2019,02,2019-02,1.689,2.096,-0.407
Mumbai,Benzene,2019,03,2019-03,0.944,1.689,-0.745
Mumbai,Benzene,2019,04,2019-04,0.531,0.944,-0.413
Mumbai,Benzene,2019,05,2019-05,0.279,0.531,-0.252
Mumbai,Benzene,2019,06,2019-06,1.603,0.279,1.324
Mumbai,Benzene,2019,07,2019-07,2.215,1.603,0.612
Mumbai,Benzene,2019,08,2019-08,1.793,2.215,-0.422
Mumbai,Benzene,2019,09,2019-09,1.805,1.793,0.012
Mumbai,Benzene,2019,10,2019-10,4.046,1.805,2.241
Mumbai,Benzene,2019,11,2019-11,6.304,4.046,2.258
Mumbai,Benzene,2019,12,2019-12,7.255,6.304,0.951
Mumbai,Benzene,2020,01,2020-01,4.754,7.255,-2.501
Mumbai,Benzene,2020,02,2020-02,5.894,4.754,1.14
Mumbai,Benzene,2020,03,2020-03,5.629,5.894,-0.265
Mumbai,Benzene,2020,04,2020-04,5.679,5.629,0.05
Mumbai,Benzene,2020,05,2020-05,1.979,5.679,-3.7
Mumbai,Benzene,2020,06,2020-06,1.617,1.979,-0.362
Mumbai,Benzene,2020,07,2020-07,,1.617,
Mumbai,CO,2015,01,2015-01,0.0,,
Mumbai,CO,2015,02,2015-02,0.0,0.0,0.0
Mumbai,CO,2015,03,2015-03,0.0,0.0,0.0
Mumbai,CO,2015,04,2015-04,0.0,0.0,0.0
Mumbai,CO,2015,05,2015-05,0.0,0.0,0.0
Mumbai,CO,2015,06,2015-06,0.0,0.0,0.0
Mumbai,CO,2015,07,2015-07,0.0,0.0,0.0
Mumbai,CO,2015,08,2015-08,0.0,0.0,0.0
Mumbai,CO,2015,09,2015-09,0.0,0.0,0.0
Mumbai,CO,2015,10,2015-10,0.0,0.0,0.0
Mumbai,CO,2015,11,2015-11,0.0,0.0,0.0
Mumbai,CO,2015,12,2015-12,0.0,0.0,0.0
Mumbai,CO,2016,01,2016-01,0.0,0.0,0.0
Mumbai,CO,2016,02,2016-02,0.0,0.0,0.0
Mumbai,CO,2016,03,2016-03,0.0,0.0,0.0
Mumbai,CO,2016,04,2016-04,0.0,0.0,0.0
Mumbai,CO,2016,05,2016-05,0.0,0.0,0.0
Mumbai,CO,2016,06,2016-06,0.0,0.0,0.0
Mumbai,CO,2016,07,2016-07,0.0,0.0,0.0
Mumbai,CO,2016,08,2016-08,0.0,0.0,0.0
Mumbai,CO,2016,09,2016-09,0.0,0.0,0.0
Mumbai,CO,2016,10,2016-10,0.0,0.0,0.0
Mumbai,CO,2016,11,2016-11,0.0,0.0,0.0
Mumbai,CO,2016,12,2016-12,0.0,0.0,0.0
Mumbai,CO,2017,01,2017-01,0.0,0.0,0.0
Mumbai,CO,2017,02,2017-02,0.0,0.0,0.0
Mumbai,CO,2017,03,2017-03,0.0,0.0,0.0
Mumbai,CO,2017,04,2017-04,0.0,0.0,0.0
Mumbai,CO,2017,05,2017-05,0.0,0.0,0.0
Mumbai,CO,2017,06,2017-06,0.0,0.0,0.0
Mumbai,CO,2017,07,2017-07,0.0,0.0,0.0
Mumbai,CO,2017,08,2017-08,0.0,0.0,0.0
Mumbai,CO,2017,09,2017-09,0.0,0.0,0.0
Mumbai,CO,2017,10,2017-10,0.0,0.0,0.0
Mumbai,CO,2017,11,2017-11,0.0,0.0,0.0
Mumbai,CO,2017,12,2017-12,0.0,0.0,0.0
Mumbai,CO,2018,01,2018-01,1.485,0.0,1.485
Mumbai,CO,2018,02,2018-02,1.399,1.485,-0.086
Mumbai,CO,2018,03,2018-03,1.57,1.399,0.171
Mumbai,CO,2018,04,2018-04,1.344,1.57,-0.226
Mumbai,CO,2018,05,2018-05,1.244,1.344,-0.1
Mumbai,CO,2018,06,2018-06,1.299,1.244,0.055
Mumbai,CO,2018,07,2018-07,1.212,1.299,-0.087
Mumbai,CO,2018,08,2018-08,1.178,1.212,-0.034
Mumbai,CO,2018,09,2018-09,1.497,1.178,0.319
Mumbai,CO,2018,10,2018-10,2.035,1.497,0.538
Mumbai,CO,2018,11,2018-11,2.501,2.035,0.466
Mumbai,CO,2018,12,2018-12,2.164,2.501,-0.337
Mumbai,CO,2019,01,2019-01,2.627,2.164,0.463
Mumbai,CO,2019,02,2019-02,2.272,2.627,-0.355
Mumbai,CO,2019,03,2019-03,1.798,2.272,-0.474
Mumbai,CO,2019,04,2019-04,1.813,1.798,0.015
Mumbai,CO,2019,05,2019-05,1.66,1.813,-0.153
Mumbai,CO,2019,06,2019-06,0.622,1.66,-1.038
Mumbai,CO,2019,07,2019-07,0.476,0.622,-0.146
Mumbai,CO,2019,08,2019-08,0.506,0.476,0.03
Mumbai,CO,2019,09,2019-09,0.561,0.506,0.055
Mumbai,CO,2019,10,2019-10,0.958,0.561,0.397
Mumbai,CO,2019,11,2019-11,0.954,0.958,-0.004
Mumbai,CO,2019,12,2019-12,1.092,0.954,0.138
Mumbai,CO,2020,01,2020-01,1.024,1.092,-0.068
Mumbai,CO,2020,02,2020-02,1.047,1.024,0.023
Mumbai,CO,2020,03,2020-03,0.606,1.047,-0.441
Mumbai,CO,2020,04,2020-04,0.451,0.606,-0.155
Mumbai,CO,2020,05,2020-05,0.287,0.451,-0.164
Mumbai,CO,2020,06,2020-06,0.367,0.287,0.08
Mumbai,CO,2020,07,2020-07,,0.367,
Mumbai,NH3,2015,01,2015-01,,,
Mumbai,NH3,2015,02,2015-02,,,
Mumbai,NH3,2015,03,2015-03,,,
Mumbai,NH3,2015,04,2015-04,,,
Mumbai,NH3,2015,05,2015-05,,,
Mumbai,NH3,2015,06,2015-06,,,
Mumbai,NH3,2015,07,2015-07,,,
Mumbai,NH3,2015,08,2015-08,,,
Mumbai,NH3,2015,09,2015-09,,,
Mumbai,NH3,2015,10,2015-10,,,
Mumbai,NH3,2015,11,2015-11,,,
Mumbai,NH3,2015,12,2015-12,,,
Mumbai,NH3,2016,01,2016-01,,,
Mumbai,NH3,2016,02,2016-02,,,
Mumbai,NH3,2016,03,2016-03,,,
Mumbai,NH3,2016,04,2016-04,,,
Mumbai,NH3,2016,05,2016-05,,,
Mumbai,NH3,2016,06,2016-06,,,
Mumbai,NH3,2016,07,2016-07,,,
Mumbai,NH3,2016,08,2016-08,,,
Mumbai,NH3,2016,09,2016-09,,,
Mumbai,NH3,2016,10,2016-10,,,
Mumbai,NH3,2016,11,2016-11,,,
Mumbai,NH3,2016,12,2016-12,,,
Mumbai,NH3,2017,01,2017-01,,,
Mumbai,NH3,2017,02,2017-02,,,
Mumbai,NH3,2017,03,2017-03,,,
Mumbai,NH3,2017,04,2017-04,,,
Mumbai,NH3,2017,05,2017-05,,,
Mumbai,NH3,2017,06,2017-06,,,
Mumbai,NH3,2017,07,2017-07,,,
Mumbai,NH3,2017,08,2017-08,,,
Mumbai,NH3,2017,09,2017-09,,,
Mumbai,NH3,2017,10,2017-10,,,
Mumbai,NH3,2017,11,2017-11,,,
Mumbai,NH3,2017,12,2017-12,,,
Mumbai,NH3,2018,01,2018-01,,,
Mumbai,NH3,2018,02,2018-02,,,
Mumbai,NH3,2018,03,2018-03,,,
Mumbai,NH3,2018,04,2018-04,,,
Mumbai,NH3,2018,05,2018-05,,,
Mumbai,NH3,2018,06,2018-06,,,
Mumbai,NH3,2018,07,2018-07,,,
Mumbai,NH3,2018,08,2018-08,,,
Mumbai,NH3,2018,09,2018-09,,,
Mumbai,NH3,2018,10,2018-10,,,
Mumbai,NH3,2018,11,2018-11,,,
Mumbai,NH3,2018,12,2018-12,,,
Mumbai,NH3,2019,01,2019-01,,,
Mumbai,NH3,2019,02,2019-02,,,
Mumbai,NH3,2019,03,2019-03,,,
Mumbai,NH3,2019,04,2019-04,,,
Mumbai,NH3,2019,05,2019-05,,,
Mumbai,NH3,2019,06,2019-06,10.995,,
Mumbai,NH3,2019,07,2019-07,10.962,10.995,-0.033
Mumbai,NH3,2019,08,2019-08,11.938,10.962,0.976
Mumbai,NH3,2019,09,2019-09,12.677,11.938,0.739
Mumbai,NH3,2019,10,2019-10,15.682,12.677,3.005
Mumbai,NH3,2019,11,2019-11,16.716,15.682,1.034
Mumbai,NH3,2019,12,2019-12,19.346,16.716,2.63
Mumbai,NH3,2020,01,2020-01,19.264,19.346,-0.082
Mumbai,NH3,2020,02,2020-02,21.698,19.264,2.434
Mumbai,NH3,2020,03,2020-03,16.823,21.698,-4.875
Mumbai,NH3,2020,04,2020-04,7.562,16.823,-9.261
Mumbai,NH3,2020,05,2020-05,4.162,7.562,-3.4
Mumbai,NH3,2020,06,2020-06,11.9,4.162,7.738
Mumbai,NH3,2020,07,2020-07,,11.9,
Mumbai,NO,2015,01,2015-01,,,
Mumbai,NO,2015,02,2015-02,,,
Mumbai,NO,2015,03,2015-03,,,
Mumbai,NO,2015,04,2015-04,,,
Mumbai,NO,2015,05,2015-05,,,
Mumbai,NO,2015,06,2015-06,,,
Mumbai,NO,2015,07,2015-07,,,
Mumbai,NO,2015,08,2015-08,,,
Mumbai,NO,2015,09,2015-09,,,
Mumbai,NO,2015,10,2015-10,,,
Mumbai,NO,2015,11,2015-11,,,
Mumbai,NO,2015,12,2015-12,,,
Mumbai,NO,2016,01,2016-01,,,
Mumbai,NO,2016,02,2016-02,,,
Mumbai,NO,2016,03,2016-03,,,
Mumbai,NO,2016,04,2016-04,,,
Mumbai,NO,2016,05,2016-05,,,
Mumbai,NO,2016,06,2016-06,,,
Mumbai,NO,2016,07,2016-07,,,
Mumbai,NO,2016,08,2016-08,,,
Mumbai,NO,2016,09,2016-09,,,
Mumbai,NO,2016,10,2016-10,,,
Mumbai,NO,2016,11,2016-11,,,
Mumbai,NO,2016,12,2016-12,,,
Mumbai,NO,2017,01,2017-01,,,
Mumbai,NO,2017,02,2017-02,,,
Mumbai,NO,2017,03,2017-03,,,
Mumbai,NO,2017,04,2017-04,,,
Mumbai,NO,2017,05,2017-05,,,
Mumbai,NO,2017,06,2017-06,,,
Mumbai,NO,2017,07,2017-07,,,
Mumbai,NO,2017,08,2017-08,,,
Mumbai,NO,2017,09,2017-09,,,
Mumbai,NO,2017,10,2017-10,,,
Mumbai,NO,2017,11,2017-11,,,
Mumbai,NO,2017,12,2017-12,,,
Mumbai,NO,2018,01,2018-01,,,
Mumbai,NO,2018,02,2018-02,,,
Mumbai,NO,2018,03,2018-03,,,
Mumbai,NO,2018,04,2018-04,,,
Mumbai,NO,2018,05,2018-05,22.506,,
Mumbai,NO,2018,06,2018-06,23.81,22.506,1.304
Mumbai,NO,2018,07,2018-07,16.35,23.81,-7.46
Mumbai,NO,2018,08,2018-08,15.132,16.35,-1.218
Mumbai,NO,2018,09,2018-09,28.411,15.132,13.279
Mumbai,NO,2018,10,2018-10,37.514,28.411,9.103
Mumbai,NO,2018,11,2018-11,62.115,37.514,24.601
Mumbai,NO,2018,12,2018-12,49.53,62.115,-12.585
Mumbai,NO,2019,01,2019-01,55.482,49.53,5.952
Mumbai,NO,2019,02,2019-02,52.931,55.482,-2.551
Mumbai,NO,2019,03,2019-03,49.111,52.931,-3.82
Mumbai,NO,2019,04,2019-04,38.795,49.111,-10.316
Mumbai,NO,2019,05,2019-05,30.11,38.795,-8.685
Mumbai,NO,2019,06,2019-06,23.545,30.11,-6.565
Mumbai,NO,2019,07,2019-07,25.229,23.545,1.684
Mumbai,NO,2019,08,2019-08,21.754,25.229,-3.475
Mumbai,NO,2019,09,2019-09,19.708,21.754,-2.046
Mumbai,NO,2019,10,2019-10,25.152,19.708,5.444
Mumbai,NO,2019,11,2019-11,21.08,25.152,-4.072
Mumbai,NO,2019,12,2019-12,26.752,21.08,5.672
Mumbai,NO,2020,01,2020-01,31.4,26.752,4.648
Mumbai,NO,2020,02,2020-02,33.941,31.4,2.541
Mumbai,NO,2020,03,2020-03,21.347,33.941,-12.594
Mumbai,NO,2020,04,2020-04,13.809,21.347,-7.538
Mumbai,NO,2020,05,2020-05,19.274,13.809,5.465
Mumbai,NO,2020,06,2020-06,18.791,19.274,-0.483
Mumbai,NO,2020,07,2020-07,,18.791,
Mumbai,NO2,2015,01,2015-01,,,
Mumbai,NO2,2015,02,2015-02,,,
Mumbai,NO2,2015,03,2015-03,,,
Mumbai,NO2,2015,04,2015-04,,,
Mumbai,NO2,2015,05,2015-05,,,
Mumbai,NO2,2015,06,2015-06,,,
Mumbai,NO2,2015,07,2015-07,,,
Mumbai,NO2,2015,08,2015-08,,,
Mumbai,NO2,2015,09,2015-09,,,
Mumbai,NO2,2015,10,2015-10,,,
Mumbai,NO2,2015,11,2015-11,,,
Mumbai,NO2,2015,12,2015-12,,,
Mumbai,NO2,2016,01,2016-01,,,
Mumbai,NO2,2016,02,2016-02,,,
Mumbai,NO2,2016,03,2016-03,,,
Mumbai,NO2,2016,04,2016-04,,,
Mumbai,NO2,2016,05,2016-05,,,
Mumbai,NO2,2016,06,2016-06,,,
Mumbai,NO2,2016,07,2016-07,,,
Mumbai,NO2,2016,08,2016-08,,,
Mumbai,NO2,2016,09,2016-09,,,
Mumbai,NO2,2016,10,2016-10,,,
Mumbai,NO2,2016,11,2016-11,,,
Mumbai,NO2,2016,12,2016-12,,,
Mumbai,NO2,2017,01,2017-01,,,
Mumbai,NO2,2017,02,2017-02,,,
Mumbai,NO2,2017,03,2017-03,,,
Mumbai,NO2,2017,04,2017-04,,,
Mumbai,NO2,2017,05,2017-05,,,
Mumbai,NO2,2017,06,2017-06,,,
Mumbai,NO2,2017,07,2017-07,,,
Mumbai,NO2,2017,08,2017-08,,,
Mumbai,NO2,2017,09,2017-09,,,
Mumbai,NO2,2017,10,2017-10,,,
Mumbai,NO2,2017,11,2017-11,,,
Mumbai,NO2,2017,12,2017-12,,,
Mumbai,NO2,2018,01,2018-01,,,
Mumbai,NO2,2018,02,2018-02,,,
Mumbai,NO2,2018,03,2018-03,,,
Mumbai,NO2,2018,04,2018-04,,,
Mumbai,NO2,2018,05,2018-05,23.129,,
Mumbai,NO2,2018,06,2018-06,17.245,23.129,-5.884
Mumbai,NO2,2018,07,2018-07,17.838,17.245,0.593
Mumbai,NO2,2018,08,2018-08,25.135,17.838,7.297
Mumbai,NO2,2018,09,2018-09,26.331,25.135,1.196
Mumbai,NO2,2018,10,2018-10,29.186,26.331,2.855
Mumbai,NO2,2018,11,2018-11,45.996,29.186,16.81
Mumbai,NO2,2018,12,2018-12,56.225,45.996,10.229
Mumbai,NO2,2019,01,2019-01,52.738,56.225,-3.487
Mumbai,NO2,2019,02,2019-02,29.409,52.738,-23.329
Mumbai,NO2,2019,03,2019-03,15.641,29.409,-13.768
Mumbai,NO2,2019,04,2019-04,22.643,15.641,7.002
Mumbai,NO2,2019,05,2019-05,13.634,22.643,-9.009
Mumbai,NO2,2019,06,2019-06,13.376,13.634,-0.258
Mumbai,NO2,2019,07,2019-07,12.835,13.376,-0.541
Mumbai,NO2,2019,08,2019-08,9.908,12.835,-2.927
Mumbai,NO2,2019,09,2019-09,14.172,9.908,4.264
Mumbai,NO2,2019,10,2019-10,24.901,14.172,10.729
Mumbai,NO2,2019,11,2019-11,38.893,24.901,13.992
Mumbai,NO2,2019,12,2019-12,39.748,38.893,0.855
Mumbai,NO2,2020,01,2020-01,38.964,39.748,-0.784
Mumbai,NO2,2020,02,2020-02,47.782,38.964,8.818
Mumbai,NO2,2020,03,2020-03,23.564,47.782,-24.218
Mumbai,NO2,2020,04,2020-04,7.757,23.564,-15.807
Mumbai,NO2,2020,05,2020-05,7.774,7.757,0.017
Mumbai,NO2,2020,06,2020-06,11.685,7.774,3.911
Mumbai,NO2,2020,07,2020-07,,11.685,
Mumbai,NOx,2015,01,2015-01,26.822,,
Mumbai,NOx,2015,02,2015-02,27.14,26.822,0.318
Mumbai,NOx,2015,03,2015-03,97.54,27.14,70.4
Mumbai,NOx,2015,04,2015-04,53.971,97.54,-43.569
Mumbai,NOx,2015,05,2015-05,27.18,53.971,-26.791
Mumbai,NOx,2015,06,2015-06,23.556,27.18,-3.624
Mumbai,NOx,2015,07,2015-07,20.41,23.556,-3.146
Mumbai,NOx,2015,08,2015-08,39.14,20.41,18.73
Mumbai,NOx,2015,09,2015-09,44.509,39.14,5.369
Mumbai,NOx,2015,10,2015-10,80.953,44.509,36.444
Mumbai,NOx,2015,11,2015-11,130.108,80.953,49.155
Mumbai,NOx,2015,12,2015-12,103.356,130.108,-26.752
Mumbai,NOx,2016,01,2016-01,26.663,103.356,-76.693
Mumbai,NOx,2016,02,2016-02,21.311,26.663,-5.352
Mumbai,NOx,2016,03,2016-03,17.28,21.311,-4.031
Mumbai,NOx,2016,04,2016-04,25.294,17.28,8.014
Mumbai,NOx,2016,05,2016-05,20.524,25.294,-4.77
Mumbai,NOx,2016,06,2016-06,8.99,20.524,-11.534
Mumbai,NOx,2016,07,2016-07,71.129,8.99,62.139
Mumbai,NOx,2016,08,2016-08,189.275,71.129,118.146
Mumbai,NOx,2016,09,2016-09,,189.275,
Mumbai,NOx,2016,10,2016-10,,,
Mumbai,NOx,2016,11,2016-11,,,
Mumbai,NOx,2016,12,2016-12,,,
Mumbai,NOx,2017,01,2017-01,,,
Mumbai,NOx,2017,02,2017-02,,,
Mumbai,NOx,2017,03,2017-03,,,
Mumbai,NOx,2017,04,2017-04,,,
Mumbai,NOx,2017,05,2017-05,,,
Mumbai,NOx,2017,06,2017-06,,,
Mumbai,NOx,2017,07,2017-07,,,
Mumbai,NOx,2017,08,2017-08,,,
Mumbai,NOx,2017,09,2017-09,,,
Mumbai,NOx,2017,10,2017-10,,,
Mumbai,NOx,2017,11,2017-11,24.563,,
Mumbai,NOx,2017,12,2017-12,71.594,24.563,47.031
Mumbai,NOx,2018,01,2018-01,91.802,71.594,20.208
Mumbai,NOx,2018,02,2018-02,104.373,91.802,12.571
Mumbai,NOx,2018,03,2018-03,71.968,104.373,-32.405
Mumbai,NOx,2018,04,2018-04,65.525,71.968,-6.443
Mumbai,NOx,2018,05,2018-05,43.303,65.525,-22.222
Mumbai,NOx,2018,06,2018-06,49.909,43.303,6.606
Mumbai,NOx,2018,07,2018-07,30.532,49.909,-19.377
Mumbai,NOx,2018,08,2018-08,40.073,30.532,9.541
Mumbai,NOx,2018,09,2018-09,54.633,40.073,14.56
Mumbai,NOx,2018,10,2018-10,66.751,54.633,12.118
Mumbai,NOx,2018,11,2018-11,108.473,66.751,41.722
Mumbai,NOx,2018,12,2018-12,105.149,108.473,-3.324
Mumbai,NOx,2019,01,2019-01,106.401,105.149,1.252
Mumbai,NOx,2019,02,2019-02,82.021,106.401,-24.38
Mumbai,NOx,2019,03,2019-03,64.742,82.021,-17.279
Mumbai,NOx,2019,04,2019-04,61.17,64.742,-3.572
Mumbai,NOx,2019,05,2019-05,43.753,61.17,-17.417
Mumbai,NOx,2019,06,2019-06,36.248,43.753,-7.505
Mumbai,NOx,2019,07,2019-07,37.586,36.248,1.338
Mumbai,NOx,2019,08,2019-08,30.965,37.586,-6.621
Mumbai,NOx,2019,09,2019-09,33.348,30.965,2.383
Mumbai,NOx,2019,10,2019-10,49.339,33.348,15.991
Mumbai,NOx,2019,11,2019-11,59.812,49.339,10.473
Mumbai,NOx,2019,12,2019-12,65.663,59.812,5.851
Mumbai,NOx,2020,01,2020-01,68.963,65.663,3.3
Mumbai,NOx,2020,02,2020-02,80.314,68.963,11.351
Mumbai,NOx,2020,03,2020-03,44.484,80.314,-35.83
Mumbai,NOx,2020,04,2020-04,20.989,44.484,-23.495
Mumbai,NOx,2020,05,2020-05,25.505,20.989,4.516
Mumbai,NOx,2020,06,2020-06,30.329,25.505,4.824
Mumbai,NOx,2020,07,2020-07,,30.329,
Mumbai,O3,2015,01,2015-01,,,
Mumbai,O3,2015,02,2015-02,,,
Mumbai,O3,2015,03,2015-03,,,
Mumbai,O3,2015,04,2015-04,,,
Mumbai,O3,2015,05,2015-05,,,
Mumbai,O3,2015,06,2015-06,,,
Mumbai,O3,2015,07,2015-07,,,
Mumbai,O3,2015,08,2015-08,,,
Mumbai,O3,2015,09,2015-09,,,
Mumbai,O3,2015,10,2015-10,,,
Mumbai,O3,2015,11,2015-11,,,
Mumbai,O3,2015,12,2015-12,,,
Mumbai,O3,2016,01,2016-01,,,
Mumbai,O3,2016,02,2016-02,,,
Mumbai,O3,2016,03,2016-03,,,
Mumbai,O3,2016,04,2016-04,,,
Mumbai,O3,2016,05,2016-05,,,
Mumbai,O3,2016,06,2016-06,,,
Mumbai,O3,2016,07,2016-07,,,
Mumbai,O3,2016,08,2016-08,,,
Mumbai,O3,2016,09,2016-09,,,
Mumbai,O3,2016,10,2016-10,,,
Mumbai,O3,2016,11,2016-11,,,
Mumbai,O3,2016,12,2016-12,,,
Mumbai,O3,2017,01,2017-01,,,
Mumbai,O3,2017,02,2017-02,,,
Mumbai,O3,2017,03,2017-03,,,
Mumbai,O3,2017,04,2017-04,,,
Mumbai,O3,2017,05,2017-05,,,
Mumbai,O3,2017,06,2017-06,,,
Mumbai,O3,2017,07,2017-07,,,
Mumbai,O3,2017,08,2017-08,,,
Mumbai,O3,2017,09,2017-09,,,
Mumbai,O3,2017,10,2017-10,,,
Mumbai,O3,2017,11,2017-11,,,
Mumbai,O3,2017,12,2017-12,,,
Mumbai,O3,2018,01,2018-01,,,
Mumbai,O3,2018,02,2018-02,,,
Mumbai,O3,2018,03,2018-03,,,
Mumbai,O3,2018,04,2018-04,,,
Mumbai,O3,2018,05,2018-05,45.138,,
Mumbai,O3,2018,06,2018-06,38.9,45.138,-6.238
Mumbai,O3,2018,07,2018-07,26.194,38.9,-12.706
Mumbai,O3,2018,08,2018-08,39.623,26.194,13.429
Mumbai,O3,2018,09,2018-09,39.231,39.623,-0.392
Mumbai,O3,2018,10,2018-10,48.916,39.231,9.685
Mumbai,O3,2018,11,2018-11,56.47,48.916,7.554
Mumbai,O3,2018,12,2018-12,49.485,56.47,-6.985
Mumbai,O3,2019,01,2019-01,51.997,49.485,2.512
Mumbai,O3,2019,02,2019-02,61.706,51.997,9.709
Mumbai,O3,2019,03,2019-03,61.231,61.706,-0.475
Mumbai,O3,2019,04,2019-04,23.037,61.231,-38.194
Mumbai,O3,2019,05,2019-05,19.062,23.037,-3.975
Mumbai,O3,2019,06,2019-06,17.214,19.062,-1.848
Mumbai,O3,2019,07,2019-07,14.11,17.214,-3.104
Mumbai,O3,2019,08,2019-08,11.242,14.11,-2.868
Mumbai,O3,2019,09,2019-09,9.615,11.242,-1.627
Mumbai,O3,2019,10,2019-10,17.881,9.615,8.266
Mumbai,O3,2019,11,2019-11,26.557,17.881,8.676
Mumbai,O3,2019,12,2019-12,33.224,26.557,6.667
Mumbai,O3,2020,01,2020-01,38.774,33.224,5.55
Mumbai,O3,2020,02,2020-02,42.954,38.774,4.18
Mumbai,O3,2020,03,2020-03,30.846,42.954,-12.108
Mumbai,O3,2020,04,2020-04,21.827,30.846,-9.019
Mumbai,O3,2020,05,2020-05,18.593,21.827,-3.234
Mumbai,O3,2020,06,2020-06,12.303,18.593,-6.29
Mumbai,O3,2020,07,2020-07,,12.303,
Mumbai,PM10,2015,01,2015-01,,,
Mumbai,PM10,2015,02,2015-02,,,
Mumbai,PM10,2015,03,2015-03,,,
Mumbai,PM10,2015,04,2015-04,,,
Mumbai,PM10,2015,05,2015-05,,,
Mumbai,PM10,2015,06,2015-06,,,
Mumbai,PM10,2015,07,2015-07,,,
Mumbai,PM10,2015,08,2015-08,,,
Mumbai,PM10,2015,09,2015-09,,,
Mumbai,PM10,2015,10,2015-10,,,
Mumbai,PM10,2015,11,2015-11,,,
Mumbai,PM10,2015,12,2015-12,,,
Mumbai,PM10,2016,01,2016-01,,,
Mumbai,PM10,2016,02,2016-02,,,
Mumbai,PM10,2016,03,2016-03,,,
Mumbai,PM10,2016,04,2016-04,,,
Mumbai,PM10,2016,05,2016-05,,,
Mumbai,PM10,2016,06,2016-06,,,
Mumbai,PM10,2016,07,2016-07,,,
Mumbai,PM10,2016,08,2016-08,,,
Mumbai,PM10,2016,09,2016-09,,,
Mumbai,PM10,2016,10,2016-10,,,
Mumbai,PM10,2016,11,2016-11,,,
Mumbai,PM10,2016,12,2016-12,,,
Mumbai,PM10,2017,01,2017-01,,,
Mumbai,PM10,2017,02,2017-02,,,
Mumbai,PM10,2017,03,2017-03,,,
Mumbai,PM10,2017,04,2017-04,,,
Mumbai,PM10,2017,05,2017-05,,,
Mumbai,PM10,2017,06,2017-06,,,
Mumbai,PM10,2017,07,2017-07,,,
Mumbai,PM10,2017,08,2017-08,,,
Mumbai,PM10,2017,09,2017-09,,,
Mumbai,PM10,2017,10,2017-10,,,
Mumbai,PM10,2017,11,2017-11,,,
Mumbai,PM10,2017,12,2017-12,,,
Mumbai,PM10,2018,01,2018-01,,,
Mumbai,PM10,2018,02,2018-02,,,
Mumbai,PM10,2018,03,2018-03,,,
Mumbai,PM10,2018,04,2018-04,,,
Mumbai,PM10,2018,05,2018-05,73.774,,
Mumbai,PM10,2018,06,2018-06,65.256,73.774,-8.518
Mumbai,PM10,2018,07,2018-07,61.348,65.256,-3.908
Mumbai,PM10,2018,08,2018-08,60.766,61.348,-0.582
Mumbai,PM10,2018,09,2018-09,72.853,60.766,12.087
Mumbai,PM10,2018,10,2018-10,125.246,72.853,52.393
Mumbai,PM10,2018,11,2018-11,157.956,125.246,32.71
Mumbai,PM10,2018,12,2018-12,166.241,157.956,8.285
Mumbai,PM10,2019,01,2019-01,193.624,166.241,27.383
Mumbai,PM10,2019,02,2019-02,159.732,193.624,-33.892
Mumbai,PM10,2019,03,2019-03,119.833,159.732,-39.899
Mumbai,PM10,2019,04,2019-04,76.972,119.833,-42.861
Mumbai,PM10,2019,05,2019-05,64.626,76.972,-12.346
Mumbai,PM10,2019,06,2019-06,58.094,64.626,-6.532
Mumbai,PM10,2019,07,2019-07,45.403,58.094,-12.691
Mumbai,PM10,2019,08,2019-08,51.207,45.403,5.804
Mumbai,PM10,2019,09,2019-09,37.583,51.207,-13.624
Mumbai,PM10,2019,10,2019-10,76.439,37.583,38.856
Mumbai,PM10,2019,11,2019-11,118.375,76.439,41.936
Mumbai,PM10,2019,12,2019-12,150.231,118.375,31.856
Mumbai,PM10,2020,01,2020-01,151.048,150.231,0.817
Mumbai,PM10,2020,02,2020-02,159.725,151.048,8.677
Mumbai,PM10,2020,03,2020-03,106.506,159.725,-53.219
Mumbai,PM10,2020,04,2020-04,66.265,106.506,-40.241
Mumbai,PM10,2020,05,2020-05,53.717,66.265,-12.548
Mumbai,PM10,2020,06,2020-06,35.185,53.717,-18.532
Mumbai,PM10,2020,07,2020-07,,35.185,
Mumbai,PM2.5,2015,01,2015-01,,,
Mumbai,PM2.5,2015,02,2015-02,,,
Mumbai,PM2.5,2015,03,2015-03,,,
Mumbai,PM2.5,2015,04,2015-04,,,
Mumbai,PM2.5,2015,05,2015-05,,,
Mumbai,PM2.5,2015,06,2015-06,,,
Mumbai,PM2.5,2015,07,2015-07,,,
Mumbai,PM2.5,2015,08,2015-08,,,
Mumbai,PM2.5,2015,09,2015-09,,,
Mumbai,PM2.5,2015,10,2015-10,,,
Mumbai,PM2.5,2015,11,2015-11,,,
Mumbai,PM2.5,2015,12,2015-12,,,
Mumbai,PM2.5,2016,01,2016-01,,,
Mumbai,PM2.5,2016,02,2016-02,,,
Mumbai,PM2.5,2016,03,2016-03,,,
Mumbai,PM2.5,2016,04,2016-04,,,
Mumbai,PM2.5,2016,05,2016-05,,,
Mumbai,PM2.5,2016,06,2016-06,,,
Mumbai,PM2.5,2016,07,2016-07,,,
Mumbai,PM2.5,2016,08,2016-08,,,
Mumbai,PM2.5,2016,09,2016-09,,,
Mumbai,PM2.5,2016,10,2016-10,,,
Mumbai,PM2.5,2016,11,2016-11,,,
Mumbai,PM2.5,2016,12,2016-12,,,
Mumbai,PM2.5,2017,01,2017-01,,,
Mumbai,PM2.5,2017,02,2017-02,,,
Mumbai,PM2.5,2017,03,2017-03,,,
Mumbai,PM2.5,2017,04,2017-04,,,
Mumbai,PM2.5,2017,05,2017-05,,,
Mumbai,PM2.5,2017,06,2017-06,,,
Mumbai,PM2.5,2017,07,2017-07,,,
Mumbai,PM2.5,2017,08,2017-08,,,
Mumbai,PM2.5,2017,09,2017-09,,,
Mumbai,PM2.5,2017,10,2017-10,,,
Mumbai,PM2.5,2017,11,2017-11,,,
Mumbai,PM2.5,2017,12,2017-12,,,
Mumbai,PM2.5,2018,01,2018-01,,,
Mumbai,PM2.5,2018,02,2018-02,,,
Mumbai,PM2.5,2018,03,2018-03,,,
Mumbai,PM2.5,2018,04,2018-04,,,
Mumbai,PM2.5,2018,05,2018-05,21.052,,
Mumbai,PM2.5,2018,06,2018-06,19.764,21.052,-1.288
Mumbai,PM2.5,2018,07,2018-07,16.495,19.764,-3.269
Mumbai,PM2.5,2018,08,2018-08,22.596,16.495,6.101
Mumbai,PM2.5,2018,09,2018-09,28.953,22.596,6.357
Mumbai,PM2.5,2018,10,2018-10,45.937,28.953,16.984
Mumbai,PM2.5,2018,11,2018-11,60.865,45.937,14.928
Mumbai,PM2.5,2018,12,2018-12,65.226,60.865,4.361
Mumbai,PM2.5,2019,01,2019-01,65.46,65.226,0.234
Mumbai,PM2.5,2019,02,2019-02,54.566,65.46,-10.894
Mumbai,PM2.5,2019,03,2019-03,30.439,54.566,-24.127
Mumbai,PM2.5,2019,04,2019-04,20.411,30.439,-10.028
Mumbai,PM2.5,2019,05,2019-05,15.264,20.411,-5.147
Mumbai,PM2.5,2019,06,2019-06,14.685,15.264,-0.579
Mumbai,PM2.5,2019,07,2019-07,12.405,14.685,-2.28
Mumbai,PM2.5,2019,08,2019-08,13.208,12.405,0.803
Mumbai,PM2.5,2019,09,2019-09,12.331,13.208,-0.877
Mumbai,PM2.5,2019,10,2019-10,35.192,12.331,22.861
Mumbai,PM2.5,2019,11,2019-11,61.127,35.192,25.935
Mumbai,PM2.5,2019,12,2019-12,81.868,61.127,20.741
Mumbai,PM2.5,2020,01,2020-01,72.87,81.868,-8.998
Mumbai,PM2.5,2020,02,2020-02,66.967,72.87,-5.903
Mumbai,PM2.5,2020,03,2020-03,32.716,66.967,-34.251
Mumbai,PM2.5,2020,04,2020-04,22.85,32.716,-9.866
Mumbai,PM2.5,2020,05,2020-05,14.676,22.85,-8.174
Mumbai,PM2.5,2020,06,2020-06,11.241,14.676,-3.435
Mumbai,PM2.5,2020,07,2020-07,,11.241,
Mumbai,SO2,2015,01,2015-01,,,
Mumbai,SO2,2015,02,2015-02,,,
Mumbai,SO2,2015,03,2015-03,,,
Mumbai,SO2,2015,04,2015-04,,,
Mumbai,SO2,2015,05,2015-05,,,
Mumbai,SO2,2015,06,2015-06,,,
Mumbai,SO2,2015,07,2015-07,,,
Mumbai,SO2,2015,08,2015-08,,,
Mumbai,SO2,2015,09,2015-09,,,
Mumbai,SO2,2015,10,2015-10,,,
Mumbai,SO2,2015,11,2015-11,,,
Mumbai,SO2,2015,12,2015-12,,,
Mumbai,SO2,2016,01,2016-01,,,
Mumbai,SO2,2016,02,2016-02,,,
Mumbai,SO2,2016,03,2016-03,,,
Mumbai,SO2,2016,04,2016-04,,,
Mumbai,SO2,2016,05,2016-05,,,
Mumbai,SO2,2016,06,2016-06,,,
Mumbai,SO2,2016,07,2016-07,,,
Mumbai,SO2,2016,08,2016-08,,,
Mumbai,SO2,2016,09,2016-09,,,
Mumbai,SO2,2016,10,2016-10,,,
Mumbai,SO2,2016,11,2016-11,,,
Mumbai,SO2,2016,12,2016-12,,,
Mumbai,SO2,2017,01,2017-01,,,
Mumbai,SO2,2017,02,2017-02,,,
Mumbai,SO2,2017,03,2017-03,,,
Mumbai,SO2,2017,04,2017-04,,,
Mumbai,SO2,2017,05,2017-05,,,
Mumbai,SO2,2017,06,2017-06,,,
Mumbai,SO2,2017,07,2017-07,,,
Mumbai,SO2,2017,08,2017-08,,,
Mumbai,SO2,2017,09,2017-09,,,
Mumbai,SO2,2017,10,2017-10,,,
Mumbai,SO2,2017,11,2017-11,,,
Mumbai,SO2,2017,12,2017-12,,,
Mumbai,SO2,2018,01,2018-01,,,
Mumbai,SO2,2018,02,2018-02,,,
Mumbai,SO2,2018,03,2018-03,,,
Mumbai,SO2,2018,04,2018-04,,,
Mumbai,SO2,2018,05,2018-05,21.621,,
Mumbai,SO2,2018,06,2018-06,22.752,21.621,1.131
Mumbai,SO2,2018,07,2018-07,13.272,22.752,-9.48
Mumbai,SO2,2018,08,2018-08,12.678,13.272,-0.594
Mumbai,SO2,2018,09,2018-09,14.896,12.678,2.218
Mumbai,SO2,2018,10,2018-10,18.622,14.896,3.726
Mumbai,SO2,2018,11,2018-11,22.533,18.622,3.911
Mumbai,SO2,2018,12,2018-12,21.605,22.533,-0.928
Mumbai,SO2,2019,01,2019-01,23.824,21.605,2.219
Mumbai,SO2,2019,02,2019-02,18.029,23.824,-5.795
Mumbai,SO2,2019,03,2019-03,10.735,18.029,-7.294
Mumbai,SO2,2019,04,2019-04,22.86,10.735,12.125
Mumbai,SO2,2019,05,2019-05,18.381,22.86,-4.479
Mumbai,SO2,2019,06,2019-06,10.611,18.381,-7.77
Mumbai,SO2,2019,07,2019-07,9.361,10.611,-1.25
Mumbai,SO2,2019,08,2019-08,9.519,9.361,0.158
Mumbai,SO2,2019,09,2019-09,10.267,9.519,0.748
Mumbai,SO2,2019,10,2019-10,11.36,10.267,1.093
Mumbai,SO2,2019,11,2019-11,13.628,11.36,2.268
Mumbai,SO2,2019,12,2019-12,11.831,13.628,-1.797
Mumbai,SO2,2020,01,2020-01,8.965,11.831,-2.866
Mumbai,SO2,2020,02,2020-02,10.517,8.965,1.552
Mumbai,SO2,2020,03,2020-03,11.103,10.517,0.586
Mumbai,SO2,2020,04,2020-04,8.885,11.103,-2.218
Mumbai,SO2,2020,05,2020-05,16.178,8.885,7.293
Mumbai,SO2,2020,06,2020-06,10.26,16.178,-5.918
Mumbai,SO2,2020,07,2020-07,,10.26,
Mumbai,Toluene,2015,01,2015-01,0.0,,
Mumbai,Toluene,2015,02,2015-02,0.0,0.0,0.0
Mumbai,Toluene,2015,03,2015-03,0.0,0.0,0.0
Mumbai,Toluene,2015,04,2015-04,0.0,0.0,0.0
Mumbai,Toluene,2015,05,2015-05,0.0,0.0,0.0
Mumbai,Toluene,2015,06,2015-06,0.0,0.0,0.0
Mumbai,Toluene,2015,07,2015-07,0.0,0.0,0.0
Mumbai,Toluene,2015,08,2015-08,0.0,0.0,0.0
Mumbai,Toluene,2015,09,2015-09,0.0,0.0,0.0
Mumbai,Toluene,2015,10,2015-10,0.0,0.0,0.0
Mumbai,Toluene,2015,11,2015-11,0.0,0.0,0.0
Mumbai,Toluene,2015,12,2015-12,0.0,0.0,0.0
Mumbai,Toluene,2016,01,2016-01,0.0,0.0,0.0
Mumbai,Toluene,2016,02,2016-02,0.0,0.0,0.0
Mumbai,Toluene,2016,03,2016-03,0.0,0.0,0.0
Mumbai,Toluene,2016,04,2016-04,0.0,0.0,0.0
Mumbai,Toluene,2016,05,2016-05,0.0,0.0,0.0
Mumbai,Toluene,2016,06,2016-06,0.0,0.0,0.0
Mumbai,Toluene,2016,07,2016-07,0.0,0.0,0.0
Mumbai,Toluene,2016,08,2016-08,,0.0,
Mumbai,Toluene,2016,09,2016-09,,,
Mumbai,Toluene,2016,10,2016-10,,,
Mumbai,Toluene,2016,11,2016-11,,,
Mumbai,Toluene,2016,12,2016-12,,,
Mumbai,Toluene,2017,01,2017-01,0.0,,
Mumbai,Toluene,2017,02,2017-02,0.0,0.0,0.0
Mumbai,Toluene,2017,03,2017-03,0.0,0.0,0.0
Mumbai,Toluene,2017,04,2017-04,0.0,0.0,0.0
Mumbai,Toluene,2017,05,2017-05,0.0,0.0,0.0
Mumbai,Toluene,2017,06,2017-06,0.0,0.0,0.0
Mumbai,Toluene,2017,07,2017-07,0.0,0.0,0.0
Mumbai,Toluene,2017,08,2017-08,0.0,0.0,0.0
Mumbai,Toluene,2017,09,2017-09,0.0,0.0,0.0
Mumbai,Toluene,2017,10,2017-10,0.0,0.0,0.0
Mumbai,Toluene,2017,11,2017-11,0.0,0.0,0.0
Mumbai,Toluene,2017,12,2017-12,0.063,0.0,0.063
Mumbai,Toluene,2018,01,2018-01,0.0,0.063,-0.063
Mumbai,Toluene,2018,02,2018-02,0.0,0.0,0.0
Mumbai,Toluene,2018,03,2018-03,0.0,0.0,0.0
Mumbai,Toluene,2018,04,2018-04,0.405,0.0,0.405
Mumbai,Toluene,2018,05,2018-05,,0.405,
Mumbai,Toluene,2018,06,2018-06,,,
Mumbai,Toluene,2018,07,2018-07,,,
Mumbai,Toluene,2018,08,2018-08,,,
Mumbai,Toluene,2018,09,2018-09,,,
Mumbai,Toluene,2018,10,2018-10,,,
Mumbai,Toluene,2018,11,2018-11,,,
Mumbai,Toluene,2018,12,2018-12,,,
Mumbai,Toluene,2019,01,2019-01,,,
Mumbai,Toluene,2019,02,2019-02,,,
Mumbai,Toluene,2019,03,2019-03,,,
Mumbai,Toluene,2019,04,2019-04,,,
Mumbai,Toluene,2019,05,2019-05,,,
Mumbai,Toluene,2019,06,2019-06,,,
Mumbai,Toluene,2019,07,2019-07,,,
Mumbai,Toluene,2019,08,2019-08,,,
Mumbai,Toluene,2019,09,2019-09,,,
Mumbai,Toluene,2019,10,2019-10,,,
Mumbai,Toluene,2019,11,2019-11,,,
Mumbai,Toluene,2019,12,2019-12,,,
Mumbai,Toluene,2020,01,2020-01,,,
Mumbai,Toluene,2020,02,2020-02,,,
Mumbai,Toluene,2020,03,2020-03,,,
Mumbai,Toluene,2020,04,2020-04,,,
Mumbai,Toluene,2020,05,2020-05,,,
Mumbai,Toluene,2020,06,2020-06,,,
Mumbai,Toluene,2020,07,2020-07,,,
Mumbai,Xylene,2015,01,2015-01,0.0,,
Mumbai,Xylene,2015,02,2015-02,0.0,0.0,0.0
Mumbai,Xylene,2015,03,2015-03,0.0,0.0,0.0
Mumbai,Xylene,2015,04,2015-04,0.0,0.0,0.0
Mumbai,Xylene,2015,05,2015-05,0.0,0.0,0.0
Mumbai,Xylene,2015,06,2015-06,0.0,0.0,0.0
Mumbai,Xylene,2015,07,2015-07,0.0,0.0,0.0
Mumbai,Xylene,2015,08,2015-08,0.0,0.0,0.0
Mumbai,Xylene,2015,09,2015-09,0.0,0.0,0.0
Mumbai,Xylene,2015,10,2015-10,0.0,0.0,0.0
Mumbai,Xylene,2015,11,2015-11,0.0,0.0,0.0
Mumbai,Xylene,2015,12,2015-12,0.0,0.0,0.0
Mumbai,Xylene,2016,01,2016-01,0.0,0.0,0.0
Mumbai,Xylene,2016,02,2016-02,0.0,0.0,0.0
Mumbai,Xylene,2016,03,2016-03,0.0,0.0,0.0
Mumbai,Xylene,2016,04,2016-04,0.0,0.0,0.0
Mumbai,Xylene,2016,05,2016-05,0.0,0.0,0.0
Mumbai,Xylene,2016,06,2016-06,0.0,0.0,0.0
Mumbai,Xylene,2016,07,2016-07,0.0,0.0,0.0
Mumbai,Xylene,2016,08,2016-08,,0.0,
Mumbai,Xylene,2016,09,2016-09,,,
Mumbai,Xylene,2016,10,2016-10,,,
Mumbai,Xylene,2016,11,2016-11,,,
Mumbai,Xylene,2016,12,2016-12,,,
Mumbai,Xylene,2017,01,2017-01,0.0,,
Mumbai,Xylene,2017,02,2017-02,0.0,0.0,0.0
Mumbai,Xylene,2017,03,2017-03,0.0,0.0,0.0
Mumbai,Xylene,2017,04,2017-04,0.0,0.0,0.0
Mumbai,Xylene,2017,05,2017-05,0.0,0.0,0.0
Mumbai,Xylene,2017,06,2017-06,0.0,0.0,0.0
Mumbai,Xylene,2017,07,2017-07,0.0,0.0,0.0
Mumbai,Xylene,2017,08,2017-08,0.0,0.0,0.0
Mumbai,Xylene,2017,09,2017-09,0.0,0.0,0.0
Mumbai,Xylene,2017,10,2017-10,0.0,0.0,0.0
Mumbai,Xylene,2017,11,2017-11,0.0,0.0,0.0
Mumbai,Xylene,2017,12,2017-12,0.056,0.0,0.056
Mumbai,Xylene,2018,01,2018-01,0.0,0.056,-0.056
Mumbai,Xylene,2018,02,2018-02,0.0,0.0,0.0
Mumbai,Xylene,2018,03,2018-03,0.0,0.0,0.0
Mumbai,Xylene,2018,04,2018-04,0.244,0.0,0.244
Mumbai,Xylene,2018,05,2018-05,,0.244,
Mumbai,Xylene,2018,06,2018-06,,,
Mumbai,Xylene,2018,07,2018-07,,,
Mumbai,Xylene,2018,08,2018-08,,,
Mumbai,Xylene,2018,09,2018-09,,,
Mumbai,Xylene,2018,10,2018-10,,,
Mumbai,Xylene,2018,11,2018-11,,,
Mumbai,Xylene,2018,12,2018-12,,,
Mumbai,Xylene,2019,01,2019-01,,,
Mumbai,Xylene,2019,02,2019-02,,,
Mumbai,Xylene,2019,03,2019-03,,,
Mumbai,Xylene,2019,04,2019-04,,,
Mumbai,Xylene,2019,05,2019-05,,,
Mumbai,Xylene,2019,06,2019-06,,,
Mumbai,Xylene,2019,07,2019-07,,,
Mumbai,Xylene,2019,08,2019-08,,,
Mumbai,Xylene,2019,09,2019-09,,,
Mumbai,Xylene,2019,10,2019-10,,,
Mumbai,Xylene,2019,11,2019-11,,,
Mumbai,Xylene,2019,12,2019-12,,,
Mumbai,Xylene,2020,01,2020-01,,,
Mumbai,Xylene,2020,02,2020-02,,,
Mumbai,Xylene,2020,03,2020-03,,,
Mumbai,Xylene,2020,04,2020-04,,,
Mumbai,Xylene,2020,05,2020-05,,,
Mumbai,Xylene,2020,06,2020-06,,,
Mumbai,Xylene,2020,07,2020-07,,,
