city,date,pm25_daily_avg,is_exceedance
Ahmedabad,2015-01-29,83.133,1
Ahmedabad,2015-01-30,79.843,1
Ahmedabad,2015-01-31,94.517,1
Ahmedabad,2015-02-01,135.989,1
Ahmedabad,2015-02-02,178.332,1
Ahmedabad,2015-02-03,139.703,1
Ahmedabad,2015-02-04,80.65,1
Ahmedabad,2015-02-05,58.362,0
Ahmedabad,2015-02-06,79.293,1
Ahmedabad,2015-02-07,88.698,1
Ahmedabad,2015-02-08,74.284,1
Ahmedabad,2015-02-09,113.928,1
Ahmedabad,2015-02-10,105.386,1
Ahmedabad,2015-02-11,62.466,1
Ahmedabad,2015-02-12,65.04,1
Ahmedabad,2015-02-13,103.36,1
Ahmedabad,2015-02-14,177.326,1
Ahmedabad,2015-02-15,113.246,1
Ahmedabad,2015-02-16,99.702,1
Ahmedabad,2015-02-17,80.615,1
Ahmedabad,2015-02-18,100.789,1
Ahmedabad,2015-02-19,107.985,1
Ahmedabad,2015-02-20,140.287,1
Ahmedabad,2015-02-21,259.637,1
Ahmedabad,2015-02-22,142.957,1
Ahmedabad,2015-02-23,238.406,1
Ahmedabad,2015-02-24,118.716,1
Ahmedabad,2015-03-02,60.775,1
Ahmedabad,2015-03-03,91.828,1
Ahmedabad,2015-03-04,93.876,1
Ahmedabad,2015-03-08,71.557,1
Ahmedabad,2015-03-09,119.803,1
Ahmedabad,2015-03-10,106.712,1
Ahmedabad,2015-03-11,118.49,1
Ahmedabad,2015-03-12,106.005,1
Ahmedabad,2015-03-13,97.341,1
Ahmedabad,2015-03-14,83.917,1
Ahmedabad,2015-03-15,49.511,0
Ahmedabad,2015-03-16,30.762,0
Ahmedabad,2015-03-17,49.4,0
Ahmedabad,2015-03-18,57.685,0
Ahmedabad,2015-03-19,105.055,1
Ahmedabad,2015-03-20,94.097,1
Ahmedabad,2015-03-21,111.891,1
Ahmedabad,2015-03-22,108.587,1
Ahmedabad,2015-03-23,130.756,1
Ahmedabad,2015-03-24,143.554,1
Ahmedabad,2015-03-25,165.067,1
Ahmedabad,2015-03-26,166.85,1
Ahmedabad,2015-03-27,147.378,1
Ahmedabad,2015-03-28,158.249,1
Ahmedabad,2015-03-29,237.765,1
Ahmedabad,2015-03-30,133.375,1
Ahmedabad,2015-03-31,133.301,1
Ahmedabad,2015-04-01,92.703,1
Ahmedabad,2015-04-02,77.691,1
Ahmedabad,2015-04-03,53.066,0
Ahmedabad,2015-04-06,120.961,1
Ahmedabad,2015-04-07,138.628,1
Ahmedabad,2015-04-08,144.364,1
Ahmedabad,2015-04-11,61.063,1
Ahmedabad,2015-04-12,39.424,0
Ahmedabad,2015-04-13,113.034,1
Ahmedabad,2015-04-14,58.902,0
Ahmedabad,2015-04-15,93.842,1
Ahmedabad,2015-04-16,141.304,1
Ahmedabad,2015-04-18,109.479,1
Ahmedabad,2015-04-19,126.041,1
Ahmedabad,2015-04-20,65.598,1
Ahmedabad,2015-04-21,97.873,1
Ahmedabad,2015-04-24,80.903,1
Ahmedabad,2015-04-25,103.293,1
Ahmedabad,2015-04-26,107.496,1
Ahmedabad,2015-04-29,138.415,1
Ahmedabad,2015-04-30,129.04,1
Ahmedabad,2015-05-01,96.648,1
Ahmedabad,2015-05-02,126.771,1
Ahmedabad,2015-05-03,106.154,1
Ahmedabad,2015-05-04,86.308,1
Ahmedabad,2015-05-05,83.99,1
Ahmedabad,2015-05-06,65.111,1
Ahmedabad,2015-05-07,51.026,0
Ahmedabad,2015-05-08,38.725,0
Ahmedabad,2015-05-09,61.123,1
Ahmedabad,2015-05-10,58.435,0
Ahmedabad,2015-05-11,61.49,1
Ahmedabad,2015-05-12,65.387,1
Ahmedabad,2015-05-13,100.923,1
Ahmedabad,2015-05-14,97.48,1
Ahmedabad,2015-05-15,129.269,1
Ahmedabad,2015-05-16,129.576,1
Ahmedabad,2015-05-17,100.573,1
Ahmedabad,2015-05-18,130.345,1
Ahmedabad,2015-05-19,53.242,0
Ahmedabad,2015-05-23,38.875,0
Ahmedabad,2015-05-24,46.892,0
Ahmedabad,2015-05-25,70.962,1
Ahmedabad,2015-05-26,53.657,0
Ahmedabad,2015-05-27,45.487,0
Ahmedabad,2015-05-29,51.93,0
Ahmedabad,2015-05-30,77.867,1
Ahmedabad,2015-05-31,57.589,0
Ahmedabad,2015-06-01,77.224,1
Ahmedabad,2015-06-02,45.289,0
Ahmedabad,2015-06-03,103.781,1
Ahmedabad,2015-06-04,25.142,0
Ahmedabad,2015-06-05,87.028,1
Ahmedabad,2015-06-06,89.596,1
Ahmedabad,2015-06-07,80.688,1
Ahmedabad,2015-06-08,44.751,0
Ahmedabad,2015-06-09,38.105,0
Ahmedabad,2015-06-10,45.505,0
Ahmedabad,2015-06-11,36.982,0
Ahmedabad,2015-06-12,43.585,0
Ahmedabad,2015-06-13,45.488,0
Ahmedabad,2015-06-14,38.055,0
Ahmedabad,2015-06-15,45.414,0
Ahmedabad,2015-06-16,37.711,0
Ahmedabad,2015-06-17,32.374,0
Ahmedabad,2015-06-18,34.742,0
Ahmedabad,2015-06-19,32.556,0
Ahmedabad,2015-06-20,29.276,0
Ahmedabad,2015-06-21,20.463,0
Ahmedabad,2015-06-22,26.066,0
Ahmedabad,2015-06-23,21.426,0
Ahmedabad,2015-06-24,11.908,0
Ahmedabad,2015-06-25,57.748,0
Ahmedabad,2015-06-26,66.39,1
Ahmedabad,2015-06-27,62.612,1
Ahmedabad,2015-06-28,47.505,0
Ahmedabad,2015-06-29,143.692,1
Ahmedabad,2015-06-30,30.004,0
Ahmedabad,2015-07-01,4.658,0
Ahmedabad,2015-07-02,48.721,0
Ahmedabad,2015-07-03,49.697,0
Ahmedabad,2015-07-04,48.1,0
Ahmedabad,2015-07-05,47.434,0
Ahmedabad,2015-07-06,51.745,0
Ahmedabad,2015-07-07,42.684,0
Ahmedabad,2015-07-08,38.448,0
Ahmedabad,2015-07-09,46.687,0
Ahmedabad,2015-07-10,55.268,0
Ahmedabad,2015-07-11,149.03,1
Ahmedabad,2015-07-12,86.565,1
Ahmedabad,2015-07-13,111.767,1
Ahmedabad,2015-07-14,151.398,1
Ahmedabad,2015-07-15,52.085,0
Ahmedabad,2015-07-16,65.369,1
Ahmedabad,2015-07-17,56.074,0
Ahmedabad,2015-07-18,48.167,0
Ahmedabad,2015-07-19,33.559,0
Ahmedabad,2015-07-22,57.107,0
Ahmedabad,2015-07-23,34.724,0
Ahmedabad,2015-07-24,29.217,0
Ahmedabad,2015-07-25,29.794,0
Ahmedabad,2015-07-26,59.948,0
Ahmedabad,2015-07-27,19.205,0
Ahmedabad,2015-07-28,19.518,0
Ahmedabad,2015-07-29,35.161,0
Ahmedabad,2015-07-30,33.029,0
Ahmedabad,2015-07-31,40.951,0
Ahmedabad,2015-08-01,40.292,0
Ahmedabad,2015-08-02,41.163,0
Ahmedabad,2015-08-03,36.125,0
Ahmedabad,2015-08-04,28.508,0
Ahmedabad,2015-08-05,31.595,0
Ahmedabad,2015-08-06,42.556,0
Ahmedabad,2015-08-07,48.123,0
Ahmedabad,2015-08-08,37.091,0
Ahmedabad,2015-08-09,33.398,0
Ahmedabad,2015-08-10,38.64,0
Ahmedabad,2015-08-11,40.49,0
Ahmedabad,2015-08-12,41.367,0
Ahmedabad,2015-08-13,44.561,0
Ahmedabad,2015-08-14,65.676,1
Ahmedabad,2015-08-15,33.337,0
Ahmedabad,2015-08-16,39.175,0
Ahmedabad,2015-08-17,34.004,0
Ahmedabad,2015-08-18,36.377,0
Ahmedabad,2015-08-19,38.345,0
Ahmedabad,2015-08-20,35.904,0
Ahmedabad,2015-08-21,39.609,0
Ahmedabad,2015-08-22,61.794,1
Ahmedabad,2015-08-23,43.225,0
Ahmedabad,2015-08-24,33.406,0
Ahmedabad,2015-08-25,36.905,0
Ahmedabad,2015-08-26,36.361,0
Ahmedabad,2015-08-27,32.637,0
Ahmedabad,2015-08-28,38.233,0
Ahmedabad,2015-08-29,39.86,0
Ahmedabad,2015-08-30,72.743,1
Ahmedabad,2015-08-31,43.204,0
Ahmedabad,2015-09-01,63.195,1
Ahmedabad,2015-09-02,64.727,1
Ahmedabad,2015-09-03,65.283,1
Ahmedabad,2015-09-04,67.864,1
Ahmedabad,2015-09-05,52.4,0
Ahmedabad,2015-09-06,33.33,0
Ahmedabad,2015-09-07,29.516,0
Ahmedabad,2015-09-10,50.242,0
Ahmedabad,2015-09-11,61.774,1
Ahmedabad,2015-09-12,46.927,0
Ahmedabad,2015-09-13,43.007,0
Ahmedabad,2015-09-14,42.064,0
Ahmedabad,2015-09-15,44.936,0
Ahmedabad,2015-09-16,29.58,0
Ahmedabad,2015-09-17,32.148,0
Ahmedabad,2015-09-18,36.326,0
Ahmedabad,2015-09-22,59.288,0
Ahmedabad,2015-09-23,65.315,1
Ahmedabad,2015-09-24,47.393,0
Ahmedabad,2015-09-25,43.877,0
Ahmedabad,2015-09-26,28.346,0
Ahmedabad,2015-09-27,3.594,0
Ahmedabad,2015-09-28,3.542,0
Ahmedabad,2015-09-29,15.645,0
Ahmedabad,2015-09-30,69.117,1
Ahmedabad,2015-10-01,77.817,1
Ahmedabad,2015-10-02,102.493,1
Ahmedabad,2015-10-03,127.939,1
Ahmedabad,2015-10-04,87.176,1
Ahmedabad,2015-10-05,99.727,1
Ahmedabad,2015-10-06,84.147,1
Ahmedabad,2015-10-07,92.118,1
Ahmedabad,2015-10-08,94.016,1
Ahmedabad,2015-10-09,150.27,1
Ahmedabad,2015-10-10,118.911,1
Ahmedabad,2015-10-11,91.413,1
Ahmedabad,2015-10-12,93.424,1
Ahmedabad,2015-10-13,133.432,1
Ahmedabad,2015-10-14,90.715,1
Ahmedabad,2015-10-15,108.678,1
Ahmedabad,2015-10-16,98.791,1
Ahmedabad,2015-10-17,145.752,1
Ahmedabad,2015-10-18,179.434,1
Ahmedabad,2015-10-19,179.281,1
Ahmedabad,2015-10-22,64.663,1
Ahmedabad,2015-10-23,78.138,1
Ahmedabad,2015-10-24,100.167,1
Ahmedabad,2015-10-25,147.353,1
Ahmedabad,2015-10-28,89.637,1
Ahmedabad,2015-10-29,51.724,0
Ahmedabad,2015-10-30,54.593,0
Ahmedabad,2015-11-05,201.092,1
Ahmedabad,2016-06-28,27.288,0
Ahmedabad,2016-06-29,41.431,0
Ahmedabad,2016-06-30,30.159,0
Ahmedabad,2016-07-01,29.418,0
Ahmedabad,2016-07-02,20.874,0
Ahmedabad,2016-07-03,35.081,0
Ahmedabad,2016-07-04,40.232,0
Ahmedabad,2016-07-05,54.252,0
Ahmedabad,2016-07-14,38.133,0
Ahmedabad,2016-07-15,36.467,0
Ahmedabad,2016-07-16,40.9,0
Ahmedabad,2016-07-17,34.192,0
Ahmedabad,2016-07-18,32.923,0
Ahmedabad,2016-07-19,41.39,0
Ahmedabad,2016-07-20,31.708,0
Ahmedabad,2016-07-21,33.475,0
Ahmedabad,2016-07-22,30.8,0
Ahmedabad,2016-07-23,30.581,0
Ahmedabad,2016-07-24,34.64,0
Ahmedabad,2016-07-25,43.708,0
Ahmedabad,2016-07-26,46.025,0
Ahmedabad,2016-07-27,36.535,0
Ahmedabad,2016-07-28,36.867,0
Ahmedabad,2016-07-29,46.194,0
Ahmedabad,2016-07-30,48.438,0
Ahmedabad,2016-07-31,40.179,0
Ahmedabad,2016-08-01,33.504,0
Ahmedabad,2016-08-02,29.363,0
Ahmedabad,2016-08-03,44.585,0
Ahmedabad,2016-08-04,50.654,0
Ahmedabad,2016-08-08,93.338,1
Ahmedabad,2016-08-09,38.062,0
Ahmedabad,2016-08-10,20.193,0
Ahmedabad,2016-08-11,10.453,0
Ahmedabad,2016-08-12,29.875,0
Ahmedabad,2016-08-13,60.178,1
Ahmedabad,2016-08-14,85.099,1
Ahmedabad,2016-08-15,55.555,0
Ahmedabad,2016-08-16,170.215,1
Ahmedabad,2016-08-17,35.049,0
Ahmedabad,2016-08-18,37.679,0
Ahmedabad,2016-08-19,32.778,0
Ahmedabad,2016-08-20,53.499,0
Ahmedabad,2016-08-21,48.243,0
Ahmedabad,2016-08-22,63.274,1
Ahmedabad,2016-08-23,40.43,0
Ahmedabad,2016-08-24,31.147,0
Ahmedabad,2016-08-25,33.76,0
Ahmedabad,2016-08-26,35.949,0
Ahmedabad,2016-08-27,58.069,0
Ahmedabad,2016-08-28,46.038,0
Ahmedabad,2016-08-29,52.265,0
Ahmedabad,2016-08-30,46.681,0
Ahmedabad,2016-08-31,44.59,0
Ahmedabad,2016-09-01,30.81,0
Ahmedabad,2016-09-02,47.666,0
Ahmedabad,2016-09-03,35.691,0
Ahmedabad,2016-09-04,36.443,0
Ahmedabad,2016-09-05,33.828,0
Ahmedabad,2016-09-06,34.229,0
Ahmedabad,2016-09-07,52.148,0
Ahmedabad,2016-09-08,35.99,0
Ahmedabad,2016-09-09,37.933,0
Ahmedabad,2016-09-10,31.938,0
Ahmedabad,2016-09-11,18.038,0
Ahmedabad,2016-09-13,36.514,0
Ahmedabad,2016-09-14,55.705,0
Ahmedabad,2016-09-15,57.005,0
Ahmedabad,2016-09-16,53.943,0
Ahmedabad,2016-09-17,49.336,0
Ahmedabad,2016-09-22,39.425,0
Ahmedabad,2016-09-23,42.332,0
Ahmedabad,2016-09-24,26.748,0
Ahmedabad,2016-09-25,34.162,0
Ahmedabad,2016-09-26,30.067,0
Ahmedabad,2016-09-27,25.54,0
Ahmedabad,2016-09-28,38.467,0
Ahmedabad,2016-09-29,41.14,0
Ahmedabad,2016-09-30,38.104,0
Ahmedabad,2016-10-01,27.219,0
Ahmedabad,2016-10-02,41.807,0
Ahmedabad,2016-10-03,75.03,1
Ahmedabad,2016-10-06,75.058,1
Ahmedabad,2016-10-07,85.361,1
Ahmedabad,2016-10-08,124.972,1
Ahmedabad,2016-10-09,86.634,1
Ahmedabad,2016-10-10,70.342,1
Ahmedabad,2016-10-11,50.488,0
Ahmedabad,2016-10-12,42.255,0
Ahmedabad,2016-10-13,42.675,0
Ahmedabad,2016-10-14,138.94,1
Ahmedabad,2016-10-15,155.68,1
Ahmedabad,2016-10-16,120.353,1
Ahmedabad,2016-10-17,140.809,1
Ahmedabad,2016-10-18,87.088,1
Ahmedabad,2016-10-19,83.565,1
Ahmedabad,2016-10-20,75.411,1
Ahmedabad,2016-10-21,106.859,1
Ahmedabad,2016-10-22,96.53,1
Ahmedabad,2016-10-23,76.965,1
Ahmedabad,2016-10-24,73.055,1
Ahmedabad,2016-10-25,73.231,1
Ahmedabad,2016-10-26,109.215,1
Ahmedabad,2016-10-27,122.625,1
Ahmedabad,2016-10-28,235.963,1
Ahmedabad,2016-10-29,365.342,1
Ahmedabad,2016-10-30,318.899,1
Ahmedabad,2016-11-01,333.405,1
Ahmedabad,2016-11-02,203.295,1
Ahmedabad,2016-11-03,152.026,1
Ahmedabad,2017-10-11,62.901,1
Ahmedabad,2017-10-21,126.567,1
Ahmedabad,2017-10-22,59.258,0
Ahmedabad,2017-10-23,51.721,0
Ahmedabad,2017-10-24,67.4,1
Ahmedabad,2017-10-25,79.492,1
Ahmedabad,2017-10-26,112.25,1
Ahmedabad,2017-10-27,133.071,1
Ahmedabad,2017-10-28,93.962,1
Ahmedabad,2017-11-03,96.648,1
Ahmedabad,2017-11-04,107.09,1
Ahmedabad,2017-11-05,119.016,1
Ahmedabad,2017-11-06,83.862,1
Ahmedabad,2017-11-07,72.671,1
Ahmedabad,2017-11-08,94.321,1
Ahmedabad,2017-11-09,89.004,1
Ahmedabad,2017-11-10,85.346,1
Ahmedabad,2017-11-11,101.246,1
Ahmedabad,2017-11-12,90.017,1
Ahmedabad,2017-11-13,122.765,1
Ahmedabad,2017-11-14,207.187,1
Ahmedabad,2017-11-15,148.83,1
Ahmedabad,2017-11-16,85.32,1
Ahmedabad,2017-11-17,143.075,1
Ahmedabad,2017-11-18,140.884,1
Ahmedabad,2017-11-19,99.77,1
Ahmedabad,2017-11-20,119.99,1
Ahmedabad,2017-11-21,111.924,1
Ahmedabad,2017-11-22,96.514,1
Ahmedabad,2017-11-23,80.52,1
Ahmedabad,2017-11-24,92.805,1
Ahmedabad,2017-11-25,102.257,1
Ahmedabad,2017-11-26,108.185,1
Ahmedabad,2017-11-27,93.872,1
Ahmedabad,2017-11-28,109.527,1
Ahmedabad,2017-11-29,79.335,1
Ahmedabad,2017-11-30,93.055,1
Ahmedabad,2017-12-01,85.505,1
Ahmedabad,2017-12-02,80.885,1
Ahmedabad,2017-12-03,58.617,0
Ahmedabad,2017-12-04,68.525,1
Ahmedabad,2017-12-05,81.38,1
Ahmedabad,2017-12-06,56.544,0
Ahmedabad,2017-12-07,74.085,1
Ahmedabad,2017-12-09,86.093,1
Ahmedabad,2017-12-10,59.742,0
Ahmedabad,2017-12-11,87.131,1
Ahmedabad,2017-12-12,52.154,0
Ahmedabad,2017-12-13,67.508,1
Ahmedabad,2017-12-14,70.082,1
Ahmedabad,2017-12-15,86.9,1
Ahmedabad,2017-12-16,77.246,1
Ahmedabad,2017-12-17,65.934,1
Ahmedabad,2017-12-18,66.581,1
Ahmedabad,2017-12-19,62.236,1
Ahmedabad,2017-12-20,62.074,1
Ahmedabad,2017-12-21,72.041,1
Ahmedabad,2017-12-22,67.443,1
Ahmedabad,2017-12-23,77.76,1
Ahmedabad,2017-12-24,96.715,1
Ahmedabad,2017-12-25,75.143,1
Ahmedabad,2017-12-26,69.267,1
Ahmedabad,2017-12-27,71.543,1
Ahmedabad,2017-12-28,104.127,1
Ahmedabad,2017-12-29,88.929,1
Ahmedabad,2017-12-30,82.032,1
Ahmedabad,2017-12-31,84.432,1
Ahmedabad,2018-01-01,84.457,1
Ahmedabad,2018-01-02,76.508,1
Ahmedabad,2018-01-03,63.882,1
Ahmedabad,2018-01-04,81.098,1
Ahmedabad,2018-01-05,73.608,1
Ahmedabad,2018-01-06,75.791,1
Ahmedabad,2018-01-07,77.87,1
Ahmedabad,2018-01-08,77.722,1
Ahmedabad,2018-01-09,66.889,1
Ahmedabad,2018-01-10,74.567,1
Ahmedabad,2018-01-11,89.095,1
Ahmedabad,2018-01-12,105.305,1
Ahmedabad,2018-01-13,82.53,1
Ahmedabad,2018-01-14,109.834,1
Ahmedabad,2018-01-15,92.94,1
Ahmedabad,2018-01-16,87.299,1
Ahmedabad,2018-01-17,89.06,1
Ahmedabad,2018-01-18,51.614,0
Ahmedabad,2018-01-21,108.923,1
Ahmedabad,2018-01-22,89.632,1
Ahmedabad,2018-01-23,55.27,0
Ahmedabad,2018-01-24,97.878,1
Ahmedabad,2018-01-25,128.564,1
Ahmedabad,2018-01-26,103.628,1
Ahmedabad,2018-01-27,102.16,1
Ahmedabad,2018-01-28,89.528,1
Ahmedabad,2018-01-29,101.915,1
Ahmedabad,2018-01-30,117.991,1
Ahmedabad,2018-01-31,115.788,1
Ahmedabad,2018-02-01,189.115,1
Ahmedabad,2018-02-02,88.367,1
Ahmedabad,2018-02-03,96.639,1
Ahmedabad,2018-02-04,98.0,1
Ahmedabad,2018-02-05,93.309,1
Ahmedabad,2018-02-06,104.893,1
Ahmedabad,2018-02-07,109.341,1
Ahmedabad,2018-02-08,70.248,1
Ahmedabad,2018-02-09,103.17,1
Ahmedabad,2018-02-10,185.769,1
Ahmedabad,2018-02-11,84.483,1
Ahmedabad,2018-02-12,89.408,1
Ahmedabad,2018-02-13,64.61,1
Ahmedabad,2018-02-15,52.178,0
Ahmedabad,2018-02-16,75.125,1
Ahmedabad,2018-02-17,83.648,1
Ahmedabad,2018-02-18,220.494,1
Ahmedabad,2018-02-19,240.923,1
Ahmedabad,2018-02-20,112.42,1
Ahmedabad,2018-02-21,92.921,1
Ahmedabad,2018-02-22,91.663,1
Ahmedabad,2018-02-26,49.175,0
Ahmedabad,2018-02-27,56.421,0
Ahmedabad,2018-02-28,60.363,1
Ahmedabad,2018-03-01,54.45,0
Ahmedabad,2018-03-02,53.5,0
Ahmedabad,2018-03-03,41.637,0
Ahmedabad,2018-03-04,32.358,0
Ahmedabad,2018-03-05,29.983,0
Ahmedabad,2018-03-06,33.252,0
Ahmedabad,2018-03-07,51.822,0
Ahmedabad,2018-03-08,88.848,1
Ahmedabad,2018-03-09,111.682,1
Ahmedabad,2018-03-10,114.055,1
Ahmedabad,2018-03-11,116.927,1
Ahmedabad,2018-03-12,84.189,1
Ahmedabad,2018-03-13,98.532,1
Ahmedabad,2018-03-14,84.165,1
Ahmedabad,2018-03-15,71.824,1
Ahmedabad,2018-03-16,80.512,1
Ahmedabad,2018-03-17,133.477,1
Ahmedabad,2018-03-18,116.537,1
Ahmedabad,2018-03-19,98.491,1
Ahmedabad,2018-03-20,160.682,1
Ahmedabad,2018-03-21,102.048,1
Ahmedabad,2018-03-22,100.33,1
Ahmedabad,2018-03-23,99.733,1
Ahmedabad,2018-03-24,104.22,1
Ahmedabad,2018-03-25,109.795,1
Ahmedabad,2018-03-26,124.443,1
Ahmedabad,2018-03-27,180.272,1
Ahmedabad,2018-03-28,138.603,1
Ahmedabad,2018-03-30,154.089,1
Ahmedabad,2018-04-01,80.561,1
Ahmedabad,2018-04-02,103.748,1
Ahmedabad,2018-04-03,75.678,1
Ahmedabad,2018-04-04,62.826,1
Ahmedabad,2018-04-05,104.228,1
Ahmedabad,2018-04-06,91.036,1
Ahmedabad,2018-04-07,90.131,1
Ahmedabad,2018-04-08,160.428,1
Ahmedabad,2018-04-09,94.55,1
Ahmedabad,2018-04-10,124.588,1
Ahmedabad,2018-04-11,92.504,1
Ahmedabad,2018-04-12,86.29,1
Ahmedabad,2018-04-14,88.496,1
Ahmedabad,2018-04-15,84.467,1
Ahmedabad,2018-04-16,76.538,1
Ahmedabad,2018-04-18,59.96,0
Ahmedabad,2018-04-19,53.133,0
Ahmedabad,2018-04-20,71.304,1
Ahmedabad,2018-04-22,78.183,1
Ahmedabad,2018-04-23,57.192,0
Ahmedabad,2018-04-24,59.662,0
Ahmedabad,2018-04-25,116.08,1
Ahmedabad,2018-04-26,74.475,1
Ahmedabad,2018-04-27,81.112,1
Ahmedabad,2018-04-28,98.905,1
Ahmedabad,2018-04-29,39.972,0
Ahmedabad,2018-04-30,49.619,0
Ahmedabad,2018-05-01,63.064,1
Ahmedabad,2018-05-02,46.175,0
Ahmedabad,2018-05-03,61.238,1
Ahmedabad,2018-05-04,41.813,0
Ahmedabad,2018-05-05,55.093,0
Ahmedabad,2018-05-06,65.537,1
Ahmedabad,2018-05-07,41.036,0
Ahmedabad,2018-05-08,49.714,0
Ahmedabad,2018-05-09,44.751,0
Ahmedabad,2018-05-10,45.843,0
Ahmedabad,2018-05-11,74.346,1
Ahmedabad,2018-05-12,44.788,0
Ahmedabad,2018-05-13,50.163,0
Ahmedabad,2018-05-14,49.072,0
Ahmedabad,2018-05-15,46.064,0
Ahmedabad,2018-05-16,52.95,0
Ahmedabad,2018-05-17,53.388,0
Ahmedabad,2018-05-18,59.439,0
Ahmedabad,2018-05-19,71.006,1
Ahmedabad,2018-05-20,59.984,0
Ahmedabad,2018-05-21,50.699,0
Ahmedabad,2018-05-22,68.91,1
Ahmedabad,2018-05-23,61.53,1
Ahmedabad,2018-05-24,67.029,1
Ahmedabad,2018-05-25,43.366,0
Ahmedabad,2018-05-26,60.048,1
Ahmedabad,2018-05-27,56.932,0
Ahmedabad,2018-05-28,44.14,0
Ahmedabad,2018-06-01,78.156,1
Ahmedabad,2018-06-02,83.269,1
Ahmedabad,2018-06-03,63.785,1
Ahmedabad,2018-06-04,50.27,0
Ahmedabad,2018-06-05,51.538,0
Ahmedabad,2018-06-06,54.349,0
Ahmedabad,2018-06-07,53.592,0
Ahmedabad,2018-06-08,55.769,0
Ahmedabad,2018-06-09,63.581,1
Ahmedabad,2018-06-11,78.246,1
Ahmedabad,2018-06-12,77.844,1
Ahmedabad,2018-06-13,69.988,1
Ahmedabad,2018-06-14,78.701,1
Ahmedabad,2018-06-15,59.964,0
Ahmedabad,2018-06-16,48.274,0
Ahmedabad,2018-06-17,44.814,0
Ahmedabad,2018-06-18,55.208,0
Ahmedabad,2018-06-19,40.888,0
Ahmedabad,2018-06-20,41.592,0
Ahmedabad,2018-06-21,39.023,0
Ahmedabad,2018-06-22,31.712,0
Ahmedabad,2018-06-23,39.419,0
Ahmedabad,2018-06-25,51.631,0
Ahmedabad,2018-06-26,38.125,0
Ahmedabad,2018-06-27,27.787,0
Ahmedabad,2018-06-28,36.271,0
Ahmedabad,2018-06-29,76.406,1
Ahmedabad,2018-06-30,62.722,1
Ahmedabad,2018-07-01,48.123,0
Ahmedabad,2018-07-02,36.797,0
Ahmedabad,2018-07-03,41.369,0
Ahmedabad,2018-07-04,350.569,1
Ahmedabad,2018-07-05,37.147,0
Ahmedabad,2018-07-06,59.762,0
Ahmedabad,2018-07-07,71.936,1
Ahmedabad,2018-07-08,47.665,0
Ahmedabad,2018-07-09,55.907,0
Ahmedabad,2018-07-10,72.063,1
Ahmedabad,2018-07-11,123.872,1
Ahmedabad,2018-07-12,127.365,1
Ahmedabad,2018-07-13,36.421,0
Ahmedabad,2018-07-14,40.967,0
Ahmedabad,2018-07-15,33.379,0
Ahmedabad,2018-07-16,33.508,0
Ahmedabad,2018-07-17,29.563,0
Ahmedabad,2018-07-18,21.885,0
Ahmedabad,2018-07-19,44.873,0
Ahmedabad,2018-07-20,33.165,0
Ahmedabad,2018-07-21,45.252,0
Ahmedabad,2018-07-22,48.955,0
Ahmedabad,2018-07-23,42.895,0
Ahmedabad,2018-07-24,48.357,0
Ahmedabad,2018-07-25,51.7,0
Ahmedabad,2018-07-26,43.185,0
Ahmedabad,2018-07-27,35.795,0
Ahmedabad,2018-07-28,37.764,0
Ahmedabad,2018-07-29,38.104,0
Ahmedabad,2018-07-30,39.429,0
Ahmedabad,2018-07-31,51.776,0
Ahmedabad,2018-08-01,63.402,1
Ahmedabad,2018-08-02,58.212,0
Ahmedabad,2018-08-03,47.827,0
Ahmedabad,2018-08-04,53.635,0
Ahmedabad,2018-08-05,48.181,0
Ahmedabad,2018-08-07,41.21,0
Ahmedabad,2018-08-08,37.33,0
Ahmedabad,2018-08-09,28.738,0
Ahmedabad,2018-08-10,34.049,0
Ahmedabad,2018-08-11,28.94,0
Ahmedabad,2018-08-12,25.062,0
Ahmedabad,2018-08-13,32.052,0
Ahmedabad,2018-08-14,44.018,0
Ahmedabad,2018-08-15,48.734,0
Ahmedabad,2018-08-16,43.543,0
Ahmedabad,2018-08-17,28.664,0
Ahmedabad,2018-08-18,31.01,0
Ahmedabad,2018-08-19,33.953,0
Ahmedabad,2018-08-20,33.698,0
Ahmedabad,2018-08-21,48.205,0
Ahmedabad,2018-08-22,40.662,0
Ahmedabad,2018-08-23,38.65,0
Ahmedabad,2018-08-24,49.544,0
Ahmedabad,2018-08-25,33.195,0
Ahmedabad,2018-08-26,34.518,0
Ahmedabad,2018-08-27,44.565,0
Ahmedabad,2018-08-28,58.917,0
Ahmedabad,2018-08-29,51.027,0
Ahmedabad,2018-08-30,45.77,0
Ahmedabad,2018-08-31,38.219,0
Ahmedabad,2018-09-01,34.437,0
Ahmedabad,2018-09-06,22.136,0
Ahmedabad,2018-09-07,19.662,0
Ahmedabad,2018-09-08,22.297,0
Ahmedabad,2018-09-09,22.329,0
Ahmedabad,2018-09-10,18.542,0
Ahmedabad,2018-09-11,17.905,0
Ahmedabad,2018-09-12,16.283,0
Ahmedabad,2018-09-13,21.064,0
Ahmedabad,2018-09-14,20.816,0
Ahmedabad,2018-09-15,18.18,0
Ahmedabad,2018-09-16,21.406,0
Ahmedabad,2018-09-17,24.514,0
Ahmedabad,2018-09-18,28.15,0
Ahmedabad,2018-09-19,23.655,0
Ahmedabad,2018-09-20,25.315,0
Ahmedabad,2018-09-21,25.871,0
Ahmedabad,2018-09-22,22.62,0
Ahmedabad,2018-09-23,21.118,0
Ahmedabad,2018-09-24,21.786,0
Ahmedabad,2018-09-25,18.867,0
Ahmedabad,2018-09-26,22.112,0
Ahmedabad,2018-09-27,24.065,0
Ahmedabad,2018-09-28,25.897,0
Ahmedabad,2018-09-29,29.801,0
Ahmedabad,2018-09-30,29.375,0
Ahmedabad,2018-10-01,33.954,0
Ahmedabad,2018-10-02,31.13,0
Ahmedabad,2018-10-03,58.284,0
Ahmedabad,2018-10-04,66.93,1
Ahmedabad,2018-10-05,73.885,1
Ahmedabad,2018-10-06,79.372,1
Ahmedabad,2018-10-07,78.64,1
Ahmedabad,2018-10-08,122.92,1
Ahmedabad,2018-10-09,160.049,1
Ahmedabad,2018-10-10,113.996,1
Ahmedabad,2018-10-11,126.657,1
Ahmedabad,2018-10-12,116.02,1
Ahmedabad,2018-10-13,96.649,1
Ahmedabad,2018-10-14,110.045,1
Ahmedabad,2018-10-15,109.843,1
Ahmedabad,2018-10-16,140.062,1
Ahmedabad,2018-10-17,109.112,1
Ahmedabad,2018-10-18,107.263,1
Ahmedabad,2018-10-19,105.869,1
Ahmedabad,2018-10-20,101.857,1
Ahmedabad,2018-10-21,96.15,1
Ahmedabad,2018-10-22,88.579,1
Ahmedabad,2018-10-23,129.975,1
Ahmedabad,2018-10-24,103.714,1
Ahmedabad,2018-10-25,119.647,1
Ahmedabad,2018-10-28,94.078,1
Ahmedabad,2018-10-29,82.882,1
Ahmedabad,2018-10-30,88.695,1
Ahmedabad,2018-10-31,82.523,1
Ahmedabad,2018-11-01,72.105,1
Ahmedabad,2018-11-02,78.48,1
Ahmedabad,2018-11-03,103.222,1
Ahmedabad,2018-11-04,70.385,1
Ahmedabad,2018-11-05,107.904,1
Ahmedabad,2018-11-06,117.083,1
Ahmedabad,2018-11-07,162.184,1
Ahmedabad,2018-11-08,349.084,1
Ahmedabad,2018-11-09,165.374,1
Ahmedabad,2018-11-10,110.704,1
Ahmedabad,2018-11-11,143.716,1
Ahmedabad,2018-11-12,91.555,1
Ahmedabad,2018-11-13,133.13,1
Ahmedabad,2018-11-14,143.524,1
Ahmedabad,2018-11-15,83.281,1
Ahmedabad,2018-11-16,75.581,1
Ahmedabad,2018-11-17,93.732,1
Ahmedabad,2018-11-18,127.462,1
Ahmedabad,2018-11-19,98.604,1
Ahmedabad,2018-11-20,84.706,1
Ahmedabad,2018-11-21,86.52,1
Ahmedabad,2018-11-22,90.099,1
Ahmedabad,2018-11-23,68.519,1
Ahmedabad,2018-11-24,86.429,1
Ahmedabad,2018-11-25,70.512,1
Ahmedabad,2018-11-26,78.477,1
Ahmedabad,2018-11-27,63.754,1
Ahmedabad,2018-11-28,68.304,1
Ahmedabad,2018-11-29,91.23,1
Ahmedabad,2018-11-30,92.739,1
Ahmedabad,2018-12-01,96.584,1
Ahmedabad,2018-12-02,91.371,1
Ahmedabad,2018-12-03,88.016,1
Ahmedabad,2018-12-04,96.815,1
Ahmedabad,2018-12-05,96.893,1
Ahmedabad,2018-12-06,109.204,1
Ahmedabad,2018-12-07,94.955,1
Ahmedabad,2018-12-08,75.417,1
Ahmedabad,2018-12-09,73.066,1
Ahmedabad,2018-12-10,98.251,1
Ahmedabad,2018-12-11,118.164,1
Ahmedabad,2018-12-12,95.405,1
Ahmedabad,2018-12-13,70.036,1
Ahmedabad,2018-12-14,56.707,0
Ahmedabad,2018-12-15,59.395,0
Ahmedabad,2018-12-16,54.754,0
Ahmedabad,2018-12-17,62.183,1
Ahmedabad,2018-12-18,238.417,1
Ahmedabad,2018-12-19,125.156,1
Ahmedabad,2018-12-20,106.449,1
Ahmedabad,2018-12-21,92.45,1
Ahmedabad,2018-12-22,111.747,1
Ahmedabad,2018-12-23,106.19,1
Ahmedabad,2018-12-24,72.096,1
Ahmedabad,2018-12-25,79.15,1
Ahmedabad,2018-12-26,94.804,1
Ahmedabad,2018-12-27,80.135,1
Ahmedabad,2018-12-28,89.138,1
Ahmedabad,2018-12-29,68.288,1
Ahmedabad,2018-12-30,67.75,1
Ahmedabad,2018-12-31,80.538,1
Ahmedabad,2019-01-01,110.714,1
Ahmedabad,2019-01-02,147.573,1
Ahmedabad,2019-01-03,131.496,1
Ahmedabad,2019-01-04,102.12,1
Ahmedabad,2019-01-05,115.004,1
Ahmedabad,2019-01-06,84.841,1
Ahmedabad,2019-01-07,74.624,1
Ahmedabad,2019-01-08,89.724,1
Ahmedabad,2019-01-09,84.033,1
Ahmedabad,2019-01-10,82.792,1
Ahmedabad,2019-01-11,76.384,1
Ahmedabad,2019-01-12,66.014,1
Ahmedabad,2019-01-13,116.422,1
Ahmedabad,2019-01-14,75.494,1
Ahmedabad,2019-01-17,124.451,1
Ahmedabad,2019-01-18,95.153,1
Ahmedabad,2019-01-19,73.58,1
Ahmedabad,2019-01-20,86.324,1
Ahmedabad,2019-01-21,149.26,1
Ahmedabad,2019-01-22,70.064,1
Ahmedabad,2019-01-23,86.594,1
Ahmedabad,2019-01-24,74.119,1
Ahmedabad,2019-01-25,52.92,0
Ahmedabad,2019-01-26,47.262,0
Ahmedabad,2019-01-27,52.788,0
Ahmedabad,2019-01-28,63.675,1
Ahmedabad,2019-01-29,73.373,1
Ahmedabad,2019-01-30,55.243,0
Ahmedabad,2019-01-31,83.103,1
Ahmedabad,2019-02-01,76.872,1
Ahmedabad,2019-02-02,47.011,0
Ahmedabad,2019-02-03,54.77,0
Ahmedabad,2019-02-04,103.134,1
Ahmedabad,2019-02-05,117.59,1
Ahmedabad,2019-02-06,50.148,0
Ahmedabad,2019-02-07,94.099,1
Ahmedabad,2019-02-08,105.025,1
Ahmedabad,2019-02-09,46.503,0
Ahmedabad,2019-02-10,41.763,0
Ahmedabad,2019-02-11,46.912,0
Ahmedabad,2019-02-12,59.977,0
Ahmedabad,2019-02-13,82.789,1
Ahmedabad,2019-02-14,62.601,1
Ahmedabad,2019-02-15,72.535,1
Ahmedabad,2019-02-16,44.69,0
Ahmedabad,2019-02-17,54.178,0
Ahmedabad,2019-02-18,81.836,1
Ahmedabad,2019-02-19,46.481,0
Ahmedabad,2019-02-20,62.32,1
Ahmedabad,2019-02-21,37.262,0
Ahmedabad,2019-02-22,37.964,0
Ahmedabad,2019-02-23,34.101,0
Ahmedabad,2019-02-24,64.504,1
Ahmedabad,2019-02-25,50.968,0
Ahmedabad,2019-02-26,64.445,1
Ahmedabad,2019-02-27,51.496,0
Ahmedabad,2019-02-28,32.759,0
Ahmedabad,2019-03-01,42.114,0
Ahmedabad,2019-03-02,46.35,0
Ahmedabad,2019-03-03,61.315,1
Ahmedabad,2019-03-04,48.838,0
Ahmedabad,2019-03-05,39.235,0
Ahmedabad,2019-03-06,45.368,0
Ahmedabad,2019-03-07,55.704,0
Ahmedabad,2019-03-08,54.11,0
Ahmedabad,2019-03-09,52.678,0
Ahmedabad,2019-03-10,44.122,0
Ahmedabad,2019-03-11,46.521,0
Ahmedabad,2019-03-12,57.063,0
Ahmedabad,2019-03-13,84.145,1
Ahmedabad,2019-03-14,52.242,0
Ahmedabad,2019-03-15,62.442,1
Ahmedabad,2019-03-16,66.969,1
Ahmedabad,2019-03-17,75.052,1
Ahmedabad,2019-03-18,60.497,1
Ahmedabad,2019-03-19,88.335,1
Ahmedabad,2019-03-20,78.114,1
Ahmedabad,2019-03-21,62.042,1
Ahmedabad,2019-03-22,73.984,1
Ahmedabad,2019-03-23,75.839,1
Ahmedabad,2019-03-24,92.211,1
Ahmedabad,2019-03-25,64.712,1
Ahmedabad,2019-03-26,67.444,1
Ahmedabad,2019-03-27,69.511,1
Ahmedabad,2019-03-28,112.375,1
Ahmedabad,2019-03-29,129.871,1
Ahmedabad,2019-03-30,89.744,1
Ahmedabad,2019-03-31,74.353,1
Ahmedabad,2019-04-01,96.965,1
Ahmedabad,2019-04-02,122.778,1
Ahmedabad,2019-04-03,109.211,1
Ahmedabad,2019-04-04,94.413,1
Ahmedabad,2019-04-05,97.922,1
Ahmedabad,2019-04-06,97.677,1
Ahmedabad,2019-04-07,99.901,1
Ahmedabad,2019-04-08,78.547,1
Ahmedabad,2019-04-09,73.584,1
Ahmedabad,2019-04-10,64.017,1
Ahmedabad,2019-04-11,81.217,1
Ahmedabad,2019-04-12,75.739,1
Ahmedabad,2019-04-13,70.136,1
Ahmedabad,2019-04-14,67.198,1
Ahmedabad,2019-04-15,220.949,1
Ahmedabad,2019-04-16,182.459,1
Ahmedabad,2019-04-17,95.69,1
Ahmedabad,2019-04-18,94.374,1
Ahmedabad,2019-04-19,64.183,1
Ahmedabad,2019-04-20,81.706,1
Ahmedabad,2019-04-21,66.387,1
Ahmedabad,2019-04-22,92.587,1
Ahmedabad,2019-04-23,84.472,1
Ahmedabad,2019-04-28,91.992,1
Ahmedabad,2019-04-29,110.699,1
Ahmedabad,2019-05-01,113.467,1
Ahmedabad,2019-05-02,101.681,1
Ahmedabad,2019-05-03,86.174,1
Ahmedabad,2019-05-04,72.583,1
Ahmedabad,2019-05-05,81.785,1
Ahmedabad,2019-05-06,72.542,1
Ahmedabad,2019-05-07,52.375,0
Ahmedabad,2019-05-08,72.508,1
Ahmedabad,2019-05-15,37.048,0
Ahmedabad,2019-05-16,33.974,0
Ahmedabad,2019-05-17,35.477,0
Ahmedabad,2019-05-18,34.114,0
Ahmedabad,2019-05-19,33.693,0
Ahmedabad,2019-05-20,41.4,0
Ahmedabad,2019-05-21,24.599,0
Ahmedabad,2019-05-22,28.305,0
Ahmedabad,2019-05-23,41.386,0
Ahmedabad,2019-05-24,46.785,0
Ahmedabad,2019-05-25,51.633,0
Ahmedabad,2019-05-26,63.149,1
Ahmedabad,2019-05-27,57.465,0
Ahmedabad,2019-05-28,50.273,0
Ahmedabad,2019-05-29,42.497,0
Ahmedabad,2019-05-30,48.738,0
Ahmedabad,2019-05-31,46.515,0
Ahmedabad,2019-06-01,48.101,0
Ahmedabad,2019-06-02,41.375,0
Ahmedabad,2019-06-03,46.459,0
Ahmedabad,2019-06-04,39.68,0
Ahmedabad,2019-06-05,38.468,0
Ahmedabad,2019-06-06,35.167,0
Ahmedabad,2019-06-07,30.074,0
Ahmedabad,2019-06-08,49.086,0
Ahmedabad,2019-06-09,38.91,0
Ahmedabad,2019-06-10,34.309,0
Ahmedabad,2019-06-11,33.97,0
Ahmedabad,2019-06-12,41.076,0
Ahmedabad,2019-06-13,25.563,0
Ahmedabad,2019-06-14,26.752,0
Ahmedabad,2019-06-15,32.713,0
Ahmedabad,2019-06-16,32.792,0
Ahmedabad,2019-06-17,28.022,0
Ahmedabad,2019-06-18,26.92,0
Ahmedabad,2019-06-20,39.256,0
Ahmedabad,2019-06-21,35.675,0
Ahmedabad,2019-06-23,46.13,0
Ahmedabad,2019-06-24,56.694,0
Ahmedabad,2019-06-25,49.227,0
Ahmedabad,2019-06-26,70.032,1
Ahmedabad,2019-06-27,60.032,1
Ahmedabad,2019-06-28,49.426,0
Ahmedabad,2019-06-29,59.631,0
Ahmedabad,2019-06-30,53.133,0
Ahmedabad,2019-07-01,43.221,0
Ahmedabad,2019-07-02,44.747,0
Ahmedabad,2019-07-03,44.266,0
Ahmedabad,2019-07-04,47.765,0
Ahmedabad,2019-07-05,47.879,0
Ahmedabad,2019-07-06,47.711,0
Ahmedabad,2019-07-07,34.715,0
Ahmedabad,2019-07-08,37.985,0
Ahmedabad,2019-07-09,41.69,0
Ahmedabad,2019-07-10,45.313,0
Ahmedabad,2019-07-11,43.476,0
Ahmedabad,2019-07-12,41.973,0
Ahmedabad,2019-07-13,38.488,0
Ahmedabad,2019-07-14,41.698,0
Ahmedabad,2019-07-15,42.43,0
Ahmedabad,2019-07-16,38.996,0
Ahmedabad,2019-07-17,34.921,0
Ahmedabad,2019-07-18,32.696,0
Ahmedabad,2019-07-19,44.652,0
Ahmedabad,2019-07-20,51.625,0
Ahmedabad,2019-07-21,48.665,0
Ahmedabad,2019-07-22,37.733,0
Ahmedabad,2019-07-24,52.552,0
Ahmedabad,2019-07-25,49.163,0
Ahmedabad,2019-07-26,47.339,0
Ahmedabad,2019-07-27,39.536,0
Ahmedabad,2019-07-28,47.552,0
Ahmedabad,2019-07-29,43.844,0
Ahmedabad,2019-07-30,40.288,0
Ahmedabad,2019-08-01,40.453,0
Ahmedabad,2019-08-02,56.721,0
Ahmedabad,2019-08-03,45.432,0
Ahmedabad,2019-08-04,37.701,0
Ahmedabad,2019-08-05,43.43,0
Ahmedabad,2019-08-06,50.532,0
Ahmedabad,2019-08-07,60.089,1
Ahmedabad,2019-08-08,57.607,0
Ahmedabad,2019-08-09,44.103,0
Ahmedabad,2019-08-10,22.258,0
Ahmedabad,2019-08-11,37.974,0
Ahmedabad,2019-08-12,46.299,0
Ahmedabad,2019-08-13,41.772,0
Ahmedabad,2019-08-14,47.517,0
Ahmedabad,2019-08-15,49.43,0
Ahmedabad,2019-08-16,27.597,0
Ahmedabad,2019-08-17,41.54,0
Ahmedabad,2019-08-18,44.46,0
Ahmedabad,2019-08-20,46.583,0
Ahmedabad,2019-08-21,37.306,0
Ahmedabad,2019-08-22,44.725,0
Ahmedabad,2019-08-23,47.671,0
Ahmedabad,2019-08-24,41.306,0
Ahmedabad,2019-08-25,30.823,0
Ahmedabad,2019-08-26,43.864,0
Ahmedabad,2019-08-27,58.51,0
Ahmedabad,2019-08-28,34.66,0
Ahmedabad,2019-08-29,38.495,0
Ahmedabad,2019-08-30,40.535,0
Ahmedabad,2019-08-31,37.051,0
Ahmedabad,2019-09-01,31.282,0
Ahmedabad,2019-09-02,25.64,0
Ahmedabad,2019-09-03,40.179,0
Ahmedabad,2019-09-04,39.163,0
Ahmedabad,2019-09-05,45.32,0
Ahmedabad,2019-09-06,54.109,0
Ahmedabad,2019-09-07,35.052,0
Ahmedabad,2019-09-08,34.032,0
Ahmedabad,2019-09-09,38.7,0
Ahmedabad,2019-09-14,57.752,0
Ahmedabad,2019-09-15,66.212,1
Ahmedabad,2019-09-16,38.806,0
Ahmedabad,2019-09-17,44.412,0
Ahmedabad,2019-09-20,27.173,0
Ahmedabad,2019-09-21,39.274,0
Ahmedabad,2019-09-22,45.404,0
Ahmedabad,2019-09-23,59.74,0
Ahmedabad,2019-09-24,59.098,0
Ahmedabad,2019-09-25,61.463,1
Ahmedabad,2019-09-26,39.344,0
Ahmedabad,2019-09-27,28.195,0
Ahmedabad,2019-09-28,30.242,0
Ahmedabad,2019-09-29,20.708,0
Ahmedabad,2019-09-30,21.45,0
Ahmedabad,2019-10-01,33.661,0
Ahmedabad,2019-10-02,51.112,0
Ahmedabad,2019-10-03,57.085,0
Ahmedabad,2019-10-04,49.885,0
Ahmedabad,2019-10-05,57.65,0
Ahmedabad,2019-10-06,68.62,1
Ahmedabad,2019-10-07,98.691,1
Ahmedabad,2019-10-08,73.524,1
Ahmedabad,2019-10-09,108.071,1
Ahmedabad,2019-10-10,117.358,1
Ahmedabad,2019-10-11,70.262,1
Ahmedabad,2019-10-12,124.585,1
Ahmedabad,2019-10-15,96.736,1
Ahmedabad,2019-10-16,90.705,1
Ahmedabad,2019-10-17,99.362,1
Ahmedabad,2019-10-18,109.013,1
Ahmedabad,2019-10-19,87.313,1
Ahmedabad,2019-10-20,89.053,1
Ahmedabad,2019-10-21,81.619,1
Ahmedabad,2019-10-22,84.903,1
Ahmedabad,2019-10-23,46.838,0
Ahmedabad,2019-10-24,53.586,0
Ahmedabad,2019-10-25,82.736,1
Ahmedabad,2019-10-26,62.7,1
Ahmedabad,2019-10-27,57.535,0
Ahmedabad,2019-10-28,75.116,1
Ahmedabad,2019-10-29,37.745,0
Ahmedabad,2019-10-30,20.102,0
Ahmedabad,2019-10-31,54.571,0
Ahmedabad,2019-11-01,63.166,1
Ahmedabad,2019-11-02,42.267,0
Ahmedabad,2019-11-03,33.685,0
Ahmedabad,2019-11-04,69.308,1
Ahmedabad,2019-11-05,84.295,1
Ahmedabad,2019-11-06,112.08,1
Ahmedabad,2019-11-07,53.724,0
Ahmedabad,2019-11-08,64.955,1
Ahmedabad,2019-11-09,48.988,0
Ahmedabad,2019-11-10,68.065,1
Ahmedabad,2019-11-11,84.078,1
Ahmedabad,2019-11-12,100.473,1
Ahmedabad,2019-11-13,91.773,1
Ahmedabad,2019-11-14,49.191,0
Ahmedabad,2019-11-15,43.558,0
Ahmedabad,2019-11-16,70.468,1
Ahmedabad,2019-11-17,58.658,0
Ahmedabad,2019-11-18,62.148,1
Ahmedabad,2019-11-19,52.041,0
Ahmedabad,2019-11-20,49.908,0
Ahmedabad,2019-11-21,55.431,0
Ahmedabad,2019-11-22,55.503,0
Ahmedabad,2019-11-23,58.968,0
Ahmedabad,2019-11-24,60.38,1
Ahmedabad,2019-11-25,73.866,1
Ahmedabad,2019-11-26,64.061,1
Ahmedabad,2019-11-27,52.148,0
Ahmedabad,2019-11-28,38.108,0
Ahmedabad,2019-11-29,48.471,0
Ahmedabad,2019-11-30,46.947,0
Ahmedabad,2019-12-01,43.056,0
Ahmedabad,2019-12-02,46.741,0
Ahmedabad,2019-12-05,65.398,1
Ahmedabad,2019-12-06,64.87,1
Ahmedabad,2019-12-07,93.24,1
Ahmedabad,2019-12-08,92.259,1
Ahmedabad,2019-12-09,78.948,1
Ahmedabad,2019-12-10,86.885,1
Ahmedabad,2019-12-11,72.302,1
Ahmedabad,2019-12-12,62.385,1
Ahmedabad,2019-12-13,52.587,0
Ahmedabad,2019-12-14,63.325,1
Ahmedabad,2019-12-15,48.582,0
Ahmedabad,2019-12-16,45.473,0
Ahmedabad,2019-12-17,54.424,0
Ahmedabad,2019-12-18,72.447,1
Ahmedabad,2019-12-19,89.969,1
Ahmedabad,2019-12-20,104.251,1
Ahmedabad,2019-12-22,60.166,1
Ahmedabad,2019-12-23,57.995,0
Ahmedabad,2019-12-24,49.629,0
Ahmedabad,2019-12-25,53.002,0
Ahmedabad,2019-12-26,52.768,0
Ahmedabad,2019-12-27,37.282,0
Ahmedabad,2019-12-29,53.524,0
Ahmedabad,2019-12-30,69.096,1
Ahmedabad,2019-12-31,74.18,1
Ahmedabad,2020-01-01,79.567,1
Ahmedabad,2020-01-02,72.593,1
Ahmedabad,2020-01-03,69.545,1
Ahmedabad,2020-01-04,66.201,1
Ahmedabad,2020-01-05,55.99,0
Ahmedabad,2020-01-06,46.959,0
Ahmedabad,2020-01-07,70.06,1
Ahmedabad,2020-01-08,61.68,1
Ahmedabad,2020-01-09,38.856,0
Ahmedabad,2020-01-10,56.138,0
Ahmedabad,2020-01-11,59.96,0
Ahmedabad,2020-01-12,83.9,1
Ahmedabad,2020-01-13,87.611,1
Ahmedabad,2020-01-15,50.692,0
Ahmedabad,2020-01-16,40.072,0
Ahmedabad,2020-01-17,80.285,1
Ahmedabad,2020-01-18,59.51,0
Ahmedabad,2020-01-19,36.05,0
Ahmedabad,2020-01-20,36.213,0
Ahmedabad,2020-01-21,51.15,0
Ahmedabad,2020-01-22,51.371,0
Ahmedabad,2020-01-28,18.025,0
Ahmedabad,2020-01-30,41.735,0
Ahmedabad,2020-01-31,57.284,0
Ahmedabad,2020-02-02,52.308,0
Ahmedabad,2020-02-03,68.185,1
Ahmedabad,2020-02-04,80.588,1
Ahmedabad,2020-02-05,77.559,1
Ahmedabad,2020-02-06,56.495,0
Ahmedabad,2020-02-07,66.872,1
Ahmedabad,2020-02-10,64.938,1
Ahmedabad,2020-02-11,79.578,1
Ahmedabad,2020-02-12,83.674,1
Ahmedabad,2020-02-13,88.828,1
Ahmedabad,2020-02-14,50.555,0
Ahmedabad,2020-02-15,73.039,1
Ahmedabad,2020-02-16,59.472,0
Ahmedabad,2020-02-18,85.334,1
Ahmedabad,2020-02-19,113.527,1
Ahmedabad,2020-02-20,65.74,1
Ahmedabad,2020-02-21,60.606,1
Ahmedabad,2020-02-22,36.35,0
Ahmedabad,2020-02-23,54.061,0
Ahmedabad,2020-02-24,68.685,1
Ahmedabad,2020-02-25,73.176,1
Ahmedabad,2020-02-26,136.067,1
Ahmedabad,2020-02-27,94.719,1
Ahmedabad,2020-02-28,84.185,1
Ahmedabad,2020-02-29,53.861,0
Ahmedabad,2020-03-01,53.058,0
Ahmedabad,2020-03-02,56.202,0
Ahmedabad,2020-03-03,76.329,1
Ahmedabad,2020-03-04,49.155,0
Ahmedabad,2020-03-05,43.745,0
Ahmedabad,2020-03-06,54.051,0
Ahmedabad,2020-03-07,51.318,0
Ahmedabad,2020-03-09,37.025,0
Ahmedabad,2020-03-10,37.672,0
Ahmedabad,2020-03-11,31.121,0
Ahmedabad,2020-03-12,41.194,0
Ahmedabad,2020-03-13,41.716,0
Ahmedabad,2020-03-14,39.573,0
Ahmedabad,2020-03-15,39.425,0
Ahmedabad,2020-03-16,36.032,0
Ahmedabad,2020-03-17,53.073,0
Ahmedabad,2020-03-18,58.544,0
Ahmedabad,2020-03-20,64.546,1
Ahmedabad,2020-03-21,74.426,1
Ahmedabad,2020-03-22,48.165,0
Ahmedabad,2020-03-23,43.732,0
Ahmedabad,2020-03-24,31.886,0
Ahmedabad,2020-03-25,33.251,0
Ahmedabad,2020-03-26,43.672,0
Ahmedabad,2020-03-27,22.929,0
Ahmedabad,2020-03-28,37.727,0
Ahmedabad,2020-03-29,20.671,0
Ahmedabad,2020-03-30,28.547,0
Ahmedabad,2020-03-31,29.97,0
Ahmedabad,2020-04-01,24.792,0
Ahmedabad,2020-04-02,25.518,0
Ahmedabad,2020-04-03,33.48,0
Ahmedabad,2020-04-04,39.435,0
Ahmedabad,2020-04-05,43.772,0
Ahmedabad,2020-04-06,46.643,0
Ahmedabad,2020-04-07,45.805,0
Ahmedabad,2020-04-08,36.295,0
Ahmedabad,2020-04-09,32.124,0
Ahmedabad,2020-04-10,30.729,0
Ahmedabad,2020-04-11,30.177,0
Ahmedabad,2020-04-12,26.698,0
Ahmedabad,2020-04-14,31.161,0
Ahmedabad,2020-04-15,23.688,0
Ahmedabad,2020-04-16,42.17,0
Ahmedabad,2020-04-17,30.929,0
Ahmedabad,2020-04-18,30.913,0
Ahmedabad,2020-04-19,21.266,0
Ahmedabad,2020-04-20,29.835,0
Ahmedabad,2020-04-21,28.156,0
Ahmedabad,2020-04-22,32.108,0
Ahmedabad,2020-04-23,31.675,0
Ahmedabad,2020-04-24,28.122,0
Ahmedabad,2020-04-25,28.254,0
Ahmedabad,2020-04-26,25.908,0
Ahmedabad,2020-04-27,31.765,0
Ahmedabad,2020-04-28,32.555,0
Ahmedabad,2020-04-29,27.154,0
Ahmedabad,2020-04-30,26.928,0
Ahmedabad,2020-05-01,28.708,0
Ahmedabad,2020-05-02,22.558,0
Ahmedabad,2020-05-03,23.822,0
Ahmedabad,2020-05-04,23.731,0
Ahmedabad,2020-05-05,34.179,0
Ahmedabad,2020-05-06,26.522,0
Ahmedabad,2020-05-07,30.446,0
Ahmedabad,2020-05-08,26.787,0
Ahmedabad,2020-05-09,23.785,0
Ahmedabad,2020-05-10,26.168,0
Ahmedabad,2020-05-11,21.312,0
Ahmedabad,2020-05-12,21.943,0
Ahmedabad,2020-05-13,23.192,0
Ahmedabad,2020-05-14,21.901,0
Ahmedabad,2020-05-15,19.148,0
Ahmedabad,2020-05-16,35.753,0
Ahmedabad,2020-05-17,27.284,0
Ahmedabad,2020-05-18,20.851,0
Ahmedabad,2020-05-19,23.984,0
Ahmedabad,2020-05-20,25.602,0
Ahmedabad,2020-05-21,33.348,0
Ahmedabad,2020-05-22,31.38,0
Ahmedabad,2020-05-23,29.257,0
Ahmedabad,2020-05-24,25.474,0
Ahmedabad,2020-05-25,24.842,0
Ahmedabad,2020-05-26,29.778,0
Ahmedabad,2020-05-27,31.252,0
Ahmedabad,2020-05-28,30.704,0
Ahmedabad,2020-05-29,23.91,0
Ahmedabad,2020-05-30,25.712,0
Ahmedabad,2020-05-31,22.829,0
Ahmedabad,2020-06-01,31.104,0
Ahmedabad,2020-06-05,30.721,0
Ahmedabad,2020-06-06,33.193,0
Ahmedabad,2020-06-07,20.673,0
Ahmedabad,2020-06-08,22.924,0
Ahmedabad,2020-06-09,21.171,0
Ahmedabad,2020-06-10,23.624,0
Ahmedabad,2020-06-11,20.4,0
Ahmedabad,2020-06-12,21.401,0
Ahmedabad,2020-06-13,21.722,0
Ahmedabad,2020-06-14,24.103,0
Ahmedabad,2020-06-15,21.063,0
Ahmedabad,2020-06-16,31.414,0
Ahmedabad,2020-06-19,17.851,0
Ahmedabad,2020-06-20,23.209,0
Ahmedabad,2020-06-21,24.396,0
Ahmedabad,2020-06-22,18.605,0
Ahmedabad,2020-06-23,21.475,0
Ahmedabad,2020-06-24,30.307,0
Ahmedabad,2020-06-25,32.072,0
Ahmedabad,2020-06-26,36.074,0
Ahmedabad,2020-06-28,31.567,0
Ahmedabad,2020-06-29,28.976,0
Ahmedabad,2020-06-30,40.023,0
Bengaluru,2015-03-21,48.586,0
Bengaluru,2015-03-22,47.382,0
Bengaluru,2015-03-23,65.649,1
Bengaluru,2015-03-24,60.471,1
Bengaluru,2015-03-25,62.556,1
Bengaluru,2015-03-26,60.733,1
Bengaluru,2015-03-27,42.1,0
Bengaluru,2015-03-28,40.001,0
Bengaluru,2015-03-29,32.158,0
Bengaluru,2015-03-30,30.778,0
Bengaluru,2015-03-31,38.992,0
Bengaluru,2015-04-01,36.416,0
Bengaluru,2015-04-02,38.153,0
Bengaluru,2015-04-03,35.107,0
Bengaluru,2015-04-04,36.677,0
Bengaluru,2015-04-05,36.924,0
Bengaluru,2015-04-06,31.775,0
Bengaluru,2015-04-07,37.251,0
Bengaluru,2015-04-08,29.805,0
Bengaluru,2015-04-09,25.058,0
Bengaluru,2015-04-10,24.403,0
Bengaluru,2015-04-11,32.08,0
Bengaluru,2015-04-12,19.723,0
Bengaluru,2015-04-13,16.774,0
Bengaluru,2015-04-14,19.735,0
Bengaluru,2015-04-15,22.523,0
Bengaluru,2015-04-16,21.361,0
Bengaluru,2015-04-17,24.353,0
Bengaluru,2015-04-18,18.325,0
Bengaluru,2015-04-19,17.658,0
Bengaluru,2015-04-20,27.463,0
Bengaluru,2015-04-21,27.935,0
Bengaluru,2015-04-22,23.808,0
Bengaluru,2015-04-23,22.359,0
Bengaluru,2015-04-24,15.118,0
Bengaluru,2015-04-27,24.223,0
Bengaluru,2015-04-28,32.924,0
Bengaluru,2015-04-29,44.528,0
Bengaluru,2015-04-30,26.682,0
Bengaluru,2015-05-01,39.062,0
Bengaluru,2015-05-02,50.832,0
Bengaluru,2015-05-03,62.58,1
Bengaluru,2015-05-04,45.257,0
Bengaluru,2015-05-05,40.374,0
Bengaluru,2015-05-06,43.209,0
Bengaluru,2015-05-07,41.534,0
Bengaluru,2015-05-08,27.854,0
Bengaluru,2015-05-09,36.83,0
Bengaluru,2015-05-10,40.81,0
Bengaluru,2015-05-11,36.111,0
Bengaluru,2015-05-12,28.757,0
Bengaluru,2015-05-13,40.739,0
Bengaluru,2015-05-14,23.772,0
Bengaluru,2015-05-15,17.34,0
Bengaluru,2015-05-16,30.447,0
Bengaluru,2015-05-17,15.798,0
Bengaluru,2015-05-18,20.12,0
Bengaluru,2015-05-19,25.269,0
Bengaluru,2015-05-20,26.699,0
Bengaluru,2015-05-21,27.841,0
Bengaluru,2015-05-22,29.518,0
Bengaluru,2015-05-23,27.974,0
Bengaluru,2015-05-24,28.172,0
Bengaluru,2015-05-25,27.713,0
Bengaluru,2015-05-26,28.012,0
Bengaluru,2015-05-27,31.696,0
Bengaluru,2015-05-28,48.077,0
Bengaluru,2015-05-29,30.77,0
Bengaluru,2015-05-30,26.147,0
Bengaluru,2015-05-31,40.712,0
Bengaluru,2015-06-01,23.689,0
Bengaluru,2015-06-02,23.945,0
Bengaluru,2015-06-03,21.513,0
Bengaluru,2015-06-04,25.565,0
Bengaluru,2015-06-05,22.407,0
Bengaluru,2015-06-06,16.019,0
Bengaluru,2015-06-07,12.692,0
Bengaluru,2015-06-08,13.287,0
Bengaluru,2015-06-09,11.69,0
Bengaluru,2015-06-10,13.657,0
Bengaluru,2015-06-11,14.561,0
Bengaluru,2015-06-12,14.759,0
Bengaluru,2015-06-13,12.291,0
Bengaluru,2015-06-14,11.725,0
Bengaluru,2015-06-15,15.697,0
Bengaluru,2015-06-16,22.945,0
Bengaluru,2015-06-17,19.543,0
Bengaluru,2015-06-18,22.682,0
Bengaluru,2015-06-19,21.865,0
Bengaluru,2015-06-20,18.738,0
Bengaluru,2015-06-21,18.808,0
Bengaluru,2015-06-22,15.111,0
Bengaluru,2015-06-23,17.471,0
Bengaluru,2015-06-24,16.738,0
Bengaluru,2015-06-25,13.575,0
Bengaluru,2015-06-26,14.515,0
Bengaluru,2015-06-27,27.25,0
Bengaluru,2015-06-28,20.992,0
Bengaluru,2015-06-29,22.257,0
Bengaluru,2015-06-30,23.509,0
Bengaluru,2015-07-01,19.761,0
Bengaluru,2015-07-02,20.238,0
Bengaluru,2015-07-03,17.28,0
Bengaluru,2015-07-04,21.52,0
Bengaluru,2015-07-05,19.433,0
Bengaluru,2015-07-06,19.268,0
Bengaluru,2015-07-07,23.27,0
Bengaluru,2015-07-08,18.634,0
Bengaluru,2015-07-09,14.517,0
Bengaluru,2015-07-10,12.836,0
Bengaluru,2015-07-11,19.076,0
Bengaluru,2015-07-12,23.453,0
Bengaluru,2015-07-13,25.623,0
Bengaluru,2015-07-14,27.029,0
Bengaluru,2015-07-15,24.093,0
Bengaluru,2015-07-16,23.168,0
Bengaluru,2015-07-17,26.835,0
Bengaluru,2015-07-18,19.244,0
Bengaluru,2015-07-19,14.455,0
Bengaluru,2015-07-20,14.297,0
Bengaluru,2015-07-21,19.291,0
Bengaluru,2015-07-22,21.54,0
Bengaluru,2015-07-23,45.857,0
Bengaluru,2015-07-24,18.383,0
Bengaluru,2015-07-25,24.439,0
Bengaluru,2015-07-26,25.14,0
Bengaluru,2015-07-27,13.847,0
Bengaluru,2015-07-28,16.633,0
Bengaluru,2015-07-29,19.042,0
Bengaluru,2015-07-30,24.429,0
Bengaluru,2015-07-31,19.159,0
Bengaluru,2015-08-01,18.184,0
Bengaluru,2015-08-02,15.521,0
Bengaluru,2015-08-03,18.669,0
Bengaluru,2015-08-04,15.845,0
Bengaluru,2015-08-05,18.264,0
Bengaluru,2015-08-06,17.943,0
Bengaluru,2015-08-07,21.858,0
Bengaluru,2015-08-08,46.861,0
Bengaluru,2015-08-09,54.423,0
Bengaluru,2015-08-10,21.024,0
Bengaluru,2015-08-11,21.096,0
Bengaluru,2015-08-12,16.641,0
Bengaluru,2015-08-13,14.989,0
Bengaluru,2015-08-14,20.213,0
Bengaluru,2015-08-15,18.042,0
Bengaluru,2015-08-16,20.801,0
Bengaluru,2015-08-17,15.021,0
Bengaluru,2015-08-18,27.309,0
Bengaluru,2015-08-19,32.131,0
Bengaluru,2015-08-20,23.261,0
Bengaluru,2015-08-21,17.901,0
Bengaluru,2015-08-22,10.99,0
Bengaluru,2015-08-23,12.903,0
Bengaluru,2015-08-24,22.292,0
Bengaluru,2015-08-25,20.063,0
Bengaluru,2015-08-26,17.379,0
Bengaluru,2015-08-27,14.674,0
Bengaluru,2015-08-28,18.962,0
Bengaluru,2015-08-29,20.562,0
Bengaluru,2015-08-30,17.265,0
Bengaluru,2015-08-31,23.417,0
Bengaluru,2015-09-01,24.9,0
Bengaluru,2015-09-02,23.539,0
Bengaluru,2015-09-03,24.494,0
Bengaluru,2015-09-04,26.158,0
Bengaluru,2015-09-05,27.376,0
Bengaluru,2015-09-06,18.382,0
Bengaluru,2015-09-07,16.339,0
Bengaluru,2015-09-08,22.475,0
Bengaluru,2015-09-09,29.603,0
Bengaluru,2015-09-10,15.209,0
Bengaluru,2015-09-11,18.092,0
Bengaluru,2015-09-12,16.677,0
Bengaluru,2015-09-13,12.241,0
Bengaluru,2015-09-14,14.989,0
Bengaluru,2015-09-15,11.747,0
Bengaluru,2015-09-16,11.469,0
Bengaluru,2015-09-17,10.931,0
Bengaluru,2015-09-18,13.179,0
Bengaluru,2015-09-19,13.469,0
Bengaluru,2015-09-20,7.318,0
Bengaluru,2015-09-21,16.508,0
Bengaluru,2015-09-22,28.383,0
Bengaluru,2015-09-23,27.735,0
Bengaluru,2015-09-24,29.098,0
Bengaluru,2015-09-25,17.482,0
Bengaluru,2015-09-26,14.951,0
Bengaluru,2015-09-27,27.293,0
Bengaluru,2015-09-28,19.981,0
Bengaluru,2015-09-29,31.356,0
Bengaluru,2015-09-30,35.501,0
Bengaluru,2015-10-01,26.245,0
Bengaluru,2015-10-02,22.305,0
Bengaluru,2015-10-03,13.965,0
Bengaluru,2015-10-04,9.628,0
Bengaluru,2015-10-05,28.698,0
Bengaluru,2015-10-06,35.039,0
Bengaluru,2015-10-07,15.815,0
Bengaluru,2015-10-08,12.142,0
Bengaluru,2015-10-09,14.438,0
Bengaluru,2015-10-10,12.007,0
Bengaluru,2015-10-11,10.023,0
Bengaluru,2015-10-12,17.135,0
Bengaluru,2015-10-13,25.652,0
Bengaluru,2015-10-14,31.779,0
Bengaluru,2015-10-15,46.634,0
Bengaluru,2015-10-16,49.226,0
Bengaluru,2015-10-17,40.757,0
Bengaluru,2015-10-18,31.179,0
Bengaluru,2015-10-19,42.022,0
Bengaluru,2015-10-20,43.325,0
Bengaluru,2015-10-21,42.635,0
Bengaluru,2015-10-22,55.94,0
Bengaluru,2015-10-23,51.002,0
Bengaluru,2015-10-24,45.131,0
Bengaluru,2015-10-25,38.258,0
Bengaluru,2015-10-26,47.097,0
Bengaluru,2015-10-27,42.922,0
Bengaluru,2015-10-28,36.438,0
Bengaluru,2015-10-29,29.172,0
Bengaluru,2015-10-30,31.78,0
Bengaluru,2015-10-31,25.77,0
Bengaluru,2015-11-01,29.885,0
Bengaluru,2015-11-02,28.562,0
Bengaluru,2015-11-03,31.054,0
Bengaluru,2015-11-04,43.098,0
Bengaluru,2015-11-05,30.36,0
Bengaluru,2015-11-06,37.222,0
Bengaluru,2015-11-07,31.439,0
Bengaluru,2015-11-08,31.404,0
Bengaluru,2015-11-09,34.919,0
Bengaluru,2015-11-10,12.634,0
Bengaluru,2015-11-11,48.943,0
Bengaluru,2015-11-12,63.694,1
Bengaluru,2015-11-13,28.216,0
Bengaluru,2015-11-14,42.423,0
Bengaluru,2015-11-15,42.233,0
Bengaluru,2015-11-19,21.986,0
Bengaluru,2015-11-20,13.891,0
Bengaluru,2015-11-21,16.06,0
Bengaluru,2015-11-22,16.967,0
Bengaluru,2015-11-23,19.662,0
Bengaluru,2015-11-24,20.355,0
Bengaluru,2015-11-25,34.395,0
Bengaluru,2015-11-26,43.907,0
Bengaluru,2015-11-27,44.144,0
Bengaluru,2015-11-28,44.94,0
Bengaluru,2015-11-29,29.348,0
Bengaluru,2015-11-30,15.338,0
Bengaluru,2015-12-01,14.181,0
Bengaluru,2015-12-02,13.358,0
Bengaluru,2015-12-03,19.858,0
Bengaluru,2015-12-04,28.353,0
Bengaluru,2015-12-05,25.043,0
Bengaluru,2015-12-06,29.123,0
Bengaluru,2015-12-07,41.158,0
Bengaluru,2015-12-08,46.33,0
Bengaluru,2015-12-09,48.014,0
Bengaluru,2015-12-10,35.48,0
Bengaluru,2015-12-11,32.948,0
Bengaluru,2015-12-12,50.189,0
Bengaluru,2015-12-13,34.566,0
Bengaluru,2015-12-14,52.056,0
Bengaluru,2015-12-15,39.67,0
Bengaluru,2015-12-16,50.466,0
Bengaluru,2015-12-17,41.038,0
Bengaluru,2015-12-18,56.617,0
Bengaluru,2015-12-19,42.567,0
Bengaluru,2015-12-20,60.44,1
Bengaluru,2015-12-21,48.404,0
Bengaluru,2015-12-22,49.544,0
Bengaluru,2015-12-23,49.419,0
Bengaluru,2015-12-24,61.577,1
Bengaluru,2015-12-25,68.481,1
Bengaluru,2015-12-26,57.154,0
Bengaluru,2015-12-27,76.352,1
Bengaluru,2015-12-28,85.665,1
Bengaluru,2015-12-29,49.061,0
Bengaluru,2015-12-30,48.158,0
Bengaluru,2015-12-31,71.057,1
Bengaluru,2016-01-01,56.404,0
Bengaluru,2016-01-02,53.688,0
Bengaluru,2016-01-03,62.348,1
Bengaluru,2016-01-04,64.961,1
Bengaluru,2016-01-05,70.146,1
Bengaluru,2016-01-06,68.222,1
Bengaluru,2016-01-07,68.737,1
Bengaluru,2016-01-08,67.904,1
Bengaluru,2016-01-09,79.798,1
Bengaluru,2016-01-10,76.18,1
Bengaluru,2016-01-11,61.485,1
Bengaluru,2016-01-12,73.497,1
Bengaluru,2016-01-13,70.781,1
Bengaluru,2016-01-14,75.006,1
Bengaluru,2016-01-15,42.845,0
Bengaluru,2016-01-16,77.232,1
Bengaluru,2016-01-17,68.982,1
Bengaluru,2016-01-18,73.894,1
Bengaluru,2016-01-19,75.449,1
Bengaluru,2016-01-20,78.069,1
Bengaluru,2016-01-21,53.452,0
Bengaluru,2016-01-22,63.58,1
Bengaluru,2016-01-23,57.913,0
Bengaluru,2016-01-24,41.359,0
Bengaluru,2016-01-25,51.698,0
Bengaluru,2016-01-26,54.344,0
Bengaluru,2016-01-27,54.333,0
Bengaluru,2016-01-28,84.84,1
Bengaluru,2016-01-29,87.019,1
Bengaluru,2016-01-30,71.423,1
Bengaluru,2016-01-31,119.157,1
Bengaluru,2016-02-01,84.448,1
Bengaluru,2016-02-02,76.802,1
Bengaluru,2016-02-03,75.567,1
Bengaluru,2016-02-04,74.601,1
Bengaluru,2016-02-05,72.108,1
Bengaluru,2016-02-06,63.421,1
Bengaluru,2016-02-07,82.777,1
Bengaluru,2016-02-08,75.979,1
Bengaluru,2016-02-09,85.331,1
Bengaluru,2016-02-10,84.324,1
Bengaluru,2016-02-11,91.947,1
Bengaluru,2016-02-12,83.657,1
Bengaluru,2016-02-13,85.962,1
Bengaluru,2016-02-14,62.085,1
Bengaluru,2016-02-15,56.574,0
Bengaluru,2016-02-16,42.578,0
Bengaluru,2016-02-17,48.604,0
Bengaluru,2016-02-18,54.556,0
Bengaluru,2016-02-19,44.258,0
Bengaluru,2016-02-20,53.118,0
Bengaluru,2016-02-21,57.322,0
Bengaluru,2016-02-22,90.068,1
Bengaluru,2016-02-23,134.694,1
Bengaluru,2016-02-24,110.049,1
Bengaluru,2016-02-25,66.982,1
Bengaluru,2016-02-26,51.959,0
Bengaluru,2016-02-27,36.283,0
Bengaluru,2016-02-28,35.63,0
Bengaluru,2016-02-29,41.635,0
Bengaluru,2016-03-01,39.214,0
Bengaluru,2016-03-02,42.171,0
Bengaluru,2016-03-03,54.91,0
Bengaluru,2016-03-04,54.042,0
Bengaluru,2016-03-05,55.722,0
Bengaluru,2016-03-06,45.984,0
Bengaluru,2016-03-07,43.686,0
Bengaluru,2016-03-08,44.743,0
Bengaluru,2016-03-09,51.064,0
Bengaluru,2016-03-10,53.105,0
Bengaluru,2016-03-11,60.705,1
Bengaluru,2016-03-12,59.535,0
Bengaluru,2016-03-13,64.294,1
Bengaluru,2016-03-14,67.652,1
Bengaluru,2016-03-15,68.481,1
Bengaluru,2016-03-16,76.327,1
Bengaluru,2016-03-17,72.221,1
Bengaluru,2016-03-18,60.577,1
Bengaluru,2016-03-19,98.29,1
Bengaluru,2016-03-20,239.543,1
Bengaluru,2016-03-21,121.432,1
Bengaluru,2016-03-22,66.357,1
Bengaluru,2016-03-23,29.727,0
Bengaluru,2016-03-24,34.487,0
Bengaluru,2016-03-25,32.589,0
Bengaluru,2016-03-26,56.047,0
Bengaluru,2016-03-27,63.501,1
Bengaluru,2016-03-28,57.921,0
Bengaluru,2016-03-29,48.283,0
Bengaluru,2016-03-30,42.652,0
Bengaluru,2016-03-31,50.778,0
Bengaluru,2016-04-01,49.328,0
Bengaluru,2016-04-02,51.779,0
Bengaluru,2016-04-03,53.545,0
Bengaluru,2016-04-04,54.795,0
Bengaluru,2016-04-05,49.841,0
Bengaluru,2016-04-06,63.165,1
Bengaluru,2016-04-07,46.238,0
Bengaluru,2016-04-08,34.179,0
Bengaluru,2016-04-09,33.009,0
Bengaluru,2016-04-10,31.296,0
Bengaluru,2016-04-11,31.678,0
Bengaluru,2016-04-12,36.977,0
Bengaluru,2016-04-15,35.308,0
Bengaluru,2016-04-16,34.032,0
Bengaluru,2016-04-17,36.9,0
Bengaluru,2016-04-18,38.815,0
Bengaluru,2016-04-19,34.652,0
Bengaluru,2016-04-20,31.893,0
Bengaluru,2016-04-21,33.61,0
Bengaluru,2016-04-22,34.833,0
Bengaluru,2016-04-23,39.011,0
Bengaluru,2016-04-24,39.529,0
Bengaluru,2016-04-25,37.167,0
Bengaluru,2016-04-26,39.882,0
Bengaluru,2016-04-27,32.589,0
Bengaluru,2016-04-28,47.417,0
Bengaluru,2016-04-29,48.78,0
Bengaluru,2016-04-30,46.712,0
Bengaluru,2016-05-01,35.859,0
Bengaluru,2016-05-02,39.866,0
Bengaluru,2016-05-03,40.79,0
Bengaluru,2016-05-04,57.956,0
Bengaluru,2016-05-05,46.001,0
Bengaluru,2016-05-06,23.993,0
Bengaluru,2016-05-07,27.206,0
Bengaluru,2016-05-08,26.426,0
Bengaluru,2016-05-09,20.456,0
Bengaluru,2016-05-10,32.503,0
Bengaluru,2016-05-11,75.317,1
Bengaluru,2016-05-12,31.191,0
Bengaluru,2016-05-13,34.058,0
Bengaluru,2016-05-14,33.05,0
Bengaluru,2016-05-15,28.391,0
Bengaluru,2016-05-16,27.011,0
Bengaluru,2016-05-17,36.665,0
Bengaluru,2016-05-18,27.506,0
Bengaluru,2016-05-19,28.47,0
Bengaluru,2016-05-20,22.268,0
Bengaluru,2016-05-23,29.144,0
Bengaluru,2016-05-31,26.99,0
Bengaluru,2016-06-01,17.148,0
Bengaluru,2016-06-18,31.979,0
Bengaluru,2016-06-19,26.772,0
Bengaluru,2016-06-20,29.146,0
Bengaluru,2016-06-21,28.239,0
Bengaluru,2016-06-22,29.274,0
Bengaluru,2016-06-23,19.002,0
Bengaluru,2016-06-24,15.041,0
Bengaluru,2016-06-28,27.226,0
Bengaluru,2016-06-29,115.975,1
Bengaluru,2016-06-30,13.955,0
Bengaluru,2016-07-01,24.998,0
Bengaluru,2016-07-02,31.795,0
Bengaluru,2016-07-03,17.357,0
Bengaluru,2016-07-04,18.005,0
Bengaluru,2016-07-05,18.641,0
Bengaluru,2016-07-06,16.859,0
Bengaluru,2016-07-19,57.44,0
Bengaluru,2016-07-27,22.792,0
Bengaluru,2016-07-28,17.261,0
Bengaluru,2016-07-31,18.526,0
Bengaluru,2016-08-01,17.542,0
Bengaluru,2016-08-02,19.971,0
Bengaluru,2016-08-03,21.085,0
Bengaluru,2016-08-12,25.451,0
Bengaluru,2016-08-13,23.692,0
Bengaluru,2016-08-14,21.441,0
Bengaluru,2016-08-15,14.516,0
Bengaluru,2016-08-16,99.045,1
Bengaluru,2016-08-17,33.748,0
Bengaluru,2016-08-18,39.137,0
Bengaluru,2016-08-19,44.784,0
Bengaluru,2016-08-20,113.843,1
Bengaluru,2016-08-21,56.452,0
Bengaluru,2016-08-22,35.398,0
Bengaluru,2016-08-23,43.43,0
Bengaluru,2016-08-24,35.485,0
Bengaluru,2016-08-25,10.351,0
Bengaluru,2016-08-27,19.017,0
Bengaluru,2016-08-28,6.815,0
Bengaluru,2016-08-29,32.116,0
Bengaluru,2016-08-30,27.902,0
Bengaluru,2016-08-31,28.389,0
Bengaluru,2016-09-01,37.573,0
Bengaluru,2016-09-03,31.082,0
Bengaluru,2016-09-06,37.137,0
Bengaluru,2016-09-07,28.894,0
Bengaluru,2016-09-11,24.722,0
Bengaluru,2016-09-16,32.448,0
Bengaluru,2016-09-17,41.006,0
Bengaluru,2016-09-18,31.129,0
Bengaluru,2016-09-19,24.936,0
Bengaluru,2016-09-22,35.583,0
Bengaluru,2016-09-23,32.083,0
Bengaluru,2016-09-24,39.409,0
Bengaluru,2016-09-25,10.215,0
Bengaluru,2016-09-26,16.879,0
Bengaluru,2016-09-27,17.096,0
Bengaluru,2016-09-28,46.135,0
Bengaluru,2016-09-29,55.238,0
Bengaluru,2016-09-30,75.419,1
Bengaluru,2016-10-08,27.312,0
Bengaluru,2016-10-09,13.508,0
Bengaluru,2016-10-10,18.956,0
Bengaluru,2016-10-11,14.612,0
Bengaluru,2016-10-12,21.302,0
Bengaluru,2016-10-13,25.151,0
Bengaluru,2016-10-14,24.235,0
Bengaluru,2016-10-15,35.184,0
Bengaluru,2016-10-16,32.405,0
Bengaluru,2016-10-17,56.358,0
Bengaluru,2016-10-18,53.428,0
Bengaluru,2016-10-19,44.055,0
Bengaluru,2016-10-20,62.357,1
Bengaluru,2016-10-21,62.745,1
Bengaluru,2016-10-22,97.17,1
Bengaluru,2016-10-23,67.855,1
Bengaluru,2016-10-24,58.783,0
Bengaluru,2016-10-25,80.986,1
Bengaluru,2016-10-26,68.172,1
Bengaluru,2016-10-27,59.613,0
Bengaluru,2016-10-28,62.378,1
Bengaluru,2016-10-29,78.741,1
Bengaluru,2016-10-30,60.79,1
Bengaluru,2016-10-31,36.92,0
Bengaluru,2016-11-01,21.197,0
Bengaluru,2016-11-02,31.263,0
Bengaluru,2016-11-03,34.795,0
Bengaluru,2016-11-04,55.919,0
Bengaluru,2016-11-05,55.026,0
Bengaluru,2016-11-06,41.23,0
Bengaluru,2016-11-07,43.915,0
Bengaluru,2016-11-08,52.08,0
Bengaluru,2016-11-09,46.938,0
Bengaluru,2016-11-10,49.028,0
Bengaluru,2016-11-11,57.784,0
Bengaluru,2016-11-12,52.718,0
Bengaluru,2016-11-13,38.42,0
Bengaluru,2016-11-14,29.959,0
Bengaluru,2016-11-15,27.642,0
Bengaluru,2016-11-16,35.796,0
Bengaluru,2016-11-17,40.129,0
Bengaluru,2016-11-18,43.605,0
Bengaluru,2016-11-19,48.925,0
Bengaluru,2016-11-20,42.211,0
Bengaluru,2016-11-21,139.347,1
Bengaluru,2016-11-22,91.596,1
Bengaluru,2016-11-23,47.76,0
Bengaluru,2016-11-24,86.618,1
Bengaluru,2016-11-25,46.125,0
Bengaluru,2016-11-26,46.866,0
Bengaluru,2016-11-27,53.711,0
Bengaluru,2016-11-28,49.901,0
Bengaluru,2016-11-29,59.298,0
Bengaluru,2016-11-30,49.689,0
Bengaluru,2016-12-01,45.837,0
Bengaluru,2016-12-02,22.141,0
Bengaluru,2016-12-03,18.303,0
Bengaluru,2016-12-04,24.437,0
Bengaluru,2016-12-05,23.626,0
Bengaluru,2016-12-06,36.969,0
Bengaluru,2016-12-07,40.723,0
Bengaluru,2016-12-08,32.594,0
Bengaluru,2016-12-09,44.958,0
Bengaluru,2016-12-10,30.367,0
Bengaluru,2016-12-11,24.978,0
Bengaluru,2016-12-12,42.188,0
Bengaluru,2016-12-13,216.761,1
Bengaluru,2016-12-14,30.723,0
Bengaluru,2016-12-15,28.472,0
Bengaluru,2016-12-16,34.572,0
Bengaluru,2016-12-17,36.969,0
Bengaluru,2016-12-18,35.212,0
Bengaluru,2016-12-19,37.799,0
Bengaluru,2016-12-20,19.091,0
Bengaluru,2016-12-21,19.685,0
Bengaluru,2016-12-22,39.641,0
Bengaluru,2016-12-23,43.667,0
Bengaluru,2016-12-24,55.76,0
Bengaluru,2016-12-25,39.114,0
Bengaluru,2016-12-26,34.023,0
Bengaluru,2016-12-27,53.503,0
Bengaluru,2016-12-28,38.527,0
Bengaluru,2016-12-29,44.903,0
Bengaluru,2016-12-30,54.655,0
Bengaluru,2016-12-31,40.958,0
Bengaluru,2017-01-01,20.134,0
Bengaluru,2017-01-02,19.613,0
Bengaluru,2017-01-03,26.661,0
Bengaluru,2017-01-04,36.933,0
Bengaluru,2017-01-05,36.087,0
Bengaluru,2017-01-06,41.531,0
Bengaluru,2017-01-07,47.483,0
Bengaluru,2017-01-08,37.607,0
Bengaluru,2017-01-09,43.112,0
Bengaluru,2017-01-10,74.103,1
Bengaluru,2017-01-11,42.42,0
Bengaluru,2017-01-12,24.261,0
Bengaluru,2017-01-13,31.224,0
Bengaluru,2017-01-14,29.211,0
Bengaluru,2017-01-15,26.3,0
Bengaluru,2017-01-16,31.65,0
Bengaluru,2017-01-19,31.587,0
Bengaluru,2017-01-20,39.924,0
Bengaluru,2017-01-24,41.55,0
Bengaluru,2017-01-25,34.958,0
Bengaluru,2017-01-26,27.041,0
Bengaluru,2017-01-27,23.362,0
Bengaluru,2017-01-28,10.265,0
Bengaluru,2017-01-29,6.805,0
Bengaluru,2017-01-30,31.792,0
Bengaluru,2017-01-31,37.807,0
Bengaluru,2017-02-01,27.423,0
Bengaluru,2017-02-02,49.352,0
Bengaluru,2017-02-03,32.163,0
Bengaluru,2017-02-04,32.077,0
Bengaluru,2017-02-05,29.93,0
Bengaluru,2017-02-06,32.727,0
Bengaluru,2017-02-07,43.105,0
Bengaluru,2017-02-08,41.943,0
Bengaluru,2017-02-09,38.036,0
Bengaluru,2017-02-10,36.093,0
Bengaluru,2017-02-11,29.539,0
Bengaluru,2017-02-12,27.653,0
Bengaluru,2017-02-13,30.983,0
Bengaluru,2017-02-14,34.936,0
Bengaluru,2017-02-15,40.408,0
Bengaluru,2017-02-16,34.803,0
Bengaluru,2017-02-17,47.98,0
Bengaluru,2017-02-18,47.561,0
Bengaluru,2017-02-19,41.402,0
Bengaluru,2017-02-20,53.849,0
Bengaluru,2017-02-21,52.929,0
Bengaluru,2017-02-22,42.13,0
Bengaluru,2017-02-23,44.089,0
Bengaluru,2017-02-24,42.733,0
Bengaluru,2017-02-25,40.957,0
Bengaluru,2017-02-26,35.656,0
Bengaluru,2017-02-27,37.554,0
Bengaluru,2017-02-28,31.193,0
Bengaluru,2017-03-01,39.984,0
Bengaluru,2017-03-02,36.364,0
Bengaluru,2017-03-03,29.871,0
Bengaluru,2017-03-04,28.412,0
Bengaluru,2017-03-05,23.153,0
Bengaluru,2017-03-06,26.673,0
Bengaluru,2017-03-07,27.869,0
Bengaluru,2017-03-08,31.779,0
Bengaluru,2017-03-09,32.534,0
Bengaluru,2017-03-10,29.397,0
Bengaluru,2017-03-11,28.944,0
Bengaluru,2017-03-12,27.067,0
Bengaluru,2017-03-13,42.642,0
Bengaluru,2017-03-14,21.931,0
Bengaluru,2017-03-15,17.994,0
Bengaluru,2017-03-16,27.59,0
Bengaluru,2017-03-17,39.285,0
Bengaluru,2017-03-18,32.329,0
Bengaluru,2017-03-19,32.311,0
Bengaluru,2017-03-20,38.728,0
Bengaluru,2017-03-21,36.417,0
Bengaluru,2017-03-22,43.959,0
Bengaluru,2017-03-23,44.263,0
Bengaluru,2017-03-24,67.745,1
Bengaluru,2017-03-25,47.829,0
Bengaluru,2017-03-26,53.631,0
Bengaluru,2017-03-27,40.419,0
Bengaluru,2017-03-28,55.942,0
Bengaluru,2017-03-29,41.827,0
Bengaluru,2017-03-30,46.826,0
Bengaluru,2017-03-31,55.899,0
Bengaluru,2017-04-01,51.65,0
Bengaluru,2017-04-02,32.607,0
Bengaluru,2017-04-03,39.374,0
Bengaluru,2017-04-04,36.848,0
Bengaluru,2017-04-05,29.501,0
Bengaluru,2017-04-06,29.52,0
Bengaluru,2017-04-07,31.081,0
Bengaluru,2017-04-08,36.664,0
Bengaluru,2017-04-09,29.288,0
Bengaluru,2017-04-10,45.498,0
Bengaluru,2017-04-11,32.675,0
Bengaluru,2017-04-13,50.541,0
Bengaluru,2017-04-14,51.33,0
Bengaluru,2017-04-15,35.009,0
Bengaluru,2017-04-16,29.016,0
Bengaluru,2017-04-17,34.862,0
Bengaluru,2017-04-18,38.46,0
Bengaluru,2017-04-19,38.132,0
Bengaluru,2017-04-20,29.746,0
Bengaluru,2017-04-21,21.527,0
Bengaluru,2017-04-22,25.458,0
Bengaluru,2017-04-23,28.485,0
Bengaluru,2017-04-24,34.85,0
Bengaluru,2017-04-25,29.877,0
Bengaluru,2017-04-26,33.951,0
Bengaluru,2017-04-27,40.007,0
Bengaluru,2017-04-28,62.071,1
Bengaluru,2017-04-29,35.407,0
Bengaluru,2017-04-30,13.3,0
Bengaluru,2017-05-01,20.323,0
Bengaluru,2017-05-02,24.196,0
Bengaluru,2017-05-04,42.201,0
Bengaluru,2017-05-05,28.266,0
Bengaluru,2017-05-06,40.02,0
Bengaluru,2017-05-07,30.258,0
Bengaluru,2017-05-08,27.663,0
Bengaluru,2017-05-09,32.015,0
Bengaluru,2017-05-10,23.137,0
Bengaluru,2017-05-11,30.521,0
Bengaluru,2017-05-12,50.575,0
Bengaluru,2017-05-13,120.555,1
Bengaluru,2017-05-14,25.22,0
Bengaluru,2017-05-15,14.94,0
Bengaluru,2017-05-16,19.102,0
Bengaluru,2017-05-17,22.934,0
Bengaluru,2017-05-18,36.577,0
Bengaluru,2017-05-19,20.865,0
Bengaluru,2017-05-20,17.427,0
Bengaluru,2017-05-21,12.532,0
Bengaluru,2017-05-22,16.769,0
Bengaluru,2017-05-23,25.831,0
Bengaluru,2017-05-24,19.583,0
Bengaluru,2017-05-25,21.387,0
Bengaluru,2017-05-26,24.848,0
Bengaluru,2017-05-27,18.207,0
Bengaluru,2017-05-28,19.752,0
Bengaluru,2017-05-29,21.085,0
Bengaluru,2017-05-30,23.199,0
Bengaluru,2017-05-31,22.87,0
Bengaluru,2017-06-01,22.792,0
Bengaluru,2017-06-02,20.195,0
Bengaluru,2017-06-03,20.983,0
Bengaluru,2017-06-04,13.389,0
Bengaluru,2017-06-05,21.807,0
Bengaluru,2017-06-06,22.928,0
Bengaluru,2017-06-07,22.938,0
Bengaluru,2017-06-08,20.745,0
Bengaluru,2017-06-09,23.655,0
Bengaluru,2017-06-10,19.783,0
Bengaluru,2017-06-11,16.514,0
Bengaluru,2017-06-12,19.115,0
Bengaluru,2017-06-13,21.598,0
Bengaluru,2017-06-14,19.772,0
Bengaluru,2017-06-15,24.56,0
Bengaluru,2017-06-16,24.661,0
Bengaluru,2017-06-17,24.181,0
Bengaluru,2017-06-18,17.817,0
Bengaluru,2017-06-19,16.611,0
Bengaluru,2017-06-20,24.032,0
Bengaluru,2017-06-21,19.577,0
Bengaluru,2017-06-22,21.05,0
Bengaluru,2017-06-23,24.534,0
Bengaluru,2017-06-24,25.348,0
Bengaluru,2017-06-25,25.157,0
Bengaluru,2017-06-26,31.13,0
Bengaluru,2017-06-27,37.615,0
Bengaluru,2017-06-28,37.339,0
Bengaluru,2017-06-29,36.442,0
Bengaluru,2017-06-30,35.402,0
Bengaluru,2017-07-02,30.066,0
Bengaluru,2017-07-09,35.288,0
Bengaluru,2017-07-10,33.435,0
Bengaluru,2017-07-11,29.385,0
Bengaluru,2017-07-12,27.637,0
Bengaluru,2017-07-13,28.965,0
Bengaluru,2017-07-14,22.681,0
Bengaluru,2017-07-15,22.431,0
Bengaluru,2017-07-16,17.198,0
Bengaluru,2017-07-17,21.053,0
Bengaluru,2017-07-18,18.453,0
Bengaluru,2017-07-19,16.441,0
Bengaluru,2017-07-20,31.681,0
Bengaluru,2017-07-21,21.528,0
Bengaluru,2017-07-22,20.147,0
Bengaluru,2017-07-23,17.338,0
Bengaluru,2017-07-24,24.227,0
Bengaluru,2017-07-25,28.54,0
Bengaluru,2017-07-26,23.683,0
Bengaluru,2017-07-27,24.493,0
Bengaluru,2017-07-28,21.775,0
Bengaluru,2017-07-29,27.906,0
Bengaluru,2017-07-30,22.356,0
Bengaluru,2017-07-31,27.271,0
Bengaluru,2017-08-01,26.569,0
Bengaluru,2017-08-02,20.735,0
Bengaluru,2017-08-03,17.675,0
Bengaluru,2017-08-04,13.74,0
Bengaluru,2017-08-05,17.688,0
Bengaluru,2017-08-06,15.211,0
Bengaluru,2017-08-07,22.825,0
Bengaluru,2017-08-08,21.065,0
Bengaluru,2017-08-09,22.312,0
Bengaluru,2017-08-10,14.14,0
Bengaluru,2017-08-11,10.108,0
Bengaluru,2017-08-12,3.913,0
Bengaluru,2017-08-13,4.686,0
Bengaluru,2017-08-14,19.406,0
Bengaluru,2017-08-15,20.883,0
Bengaluru,2017-08-16,17.908,0
Bengaluru,2017-08-17,18.419,0
Bengaluru,2017-08-18,14.922,0
Bengaluru,2017-08-19,18.656,0
Bengaluru,2017-08-20,10.889,0
Bengaluru,2017-08-21,14.534,0
Bengaluru,2017-08-22,18.873,0
Bengaluru,2017-08-23,18.18,0
Bengaluru,2017-08-24,59.052,0
Bengaluru,2017-08-25,97.97,1
Bengaluru,2017-08-26,14.192,0
Bengaluru,2017-08-27,11.712,0
Bengaluru,2017-08-28,17.585,0
Bengaluru,2017-08-29,16.332,0
Bengaluru,2017-08-30,20.421,0
Bengaluru,2017-08-31,24.957,0
Bengaluru,2017-09-01,158.665,1
Bengaluru,2017-09-02,114.922,1
Bengaluru,2017-09-03,14.204,0
Bengaluru,2017-09-04,39.737,0
Bengaluru,2017-09-05,14.201,0
Bengaluru,2017-09-06,21.2,0
Bengaluru,2017-09-07,9.573,0
Bengaluru,2017-09-08,32.862,0
Bengaluru,2017-09-09,22.627,0
Bengaluru,2017-09-10,14.519,0
Bengaluru,2017-09-11,15.267,0
Bengaluru,2017-09-12,17.485,0
Bengaluru,2017-09-13,16.497,0
Bengaluru,2017-09-14,14.053,0
Bengaluru,2017-09-15,8.58,0
Bengaluru,2017-09-16,8.494,0
Bengaluru,2017-09-17,7.017,0
Bengaluru,2017-09-18,8.569,0
Bengaluru,2017-09-19,7.685,0
Bengaluru,2017-09-20,10.213,0
Bengaluru,2017-09-21,12.643,0
Bengaluru,2017-09-22,17.931,0
Bengaluru,2017-09-23,21.623,0
Bengaluru,2017-09-24,23.705,0
Bengaluru,2017-09-25,19.256,0
Bengaluru,2017-09-26,22.47,0
Bengaluru,2017-09-27,28.011,0
Bengaluru,2017-09-28,19.037,0
Bengaluru,2017-09-29,22.358,0
Bengaluru,2017-09-30,30.652,0
Bengaluru,2017-10-01,20.006,0
Bengaluru,2017-10-02,20.503,0
Bengaluru,2017-10-03,22.852,0
Bengaluru,2017-10-04,121.634,1
Bengaluru,2017-10-05,21.361,0
Bengaluru,2017-10-06,24.728,0
Bengaluru,2017-10-07,29.159,0
Bengaluru,2017-10-08,78.138,1
Bengaluru,2017-10-09,26.082,0
Bengaluru,2017-10-10,32.206,0
Bengaluru,2017-10-11,22.497,0
Bengaluru,2017-10-12,27.287,0
Bengaluru,2017-10-13,24.827,0
Bengaluru,2017-10-14,32.61,0
Bengaluru,2017-10-15,40.344,0
Bengaluru,2017-10-16,21.626,0
Bengaluru,2017-10-17,27.861,0
Bengaluru,2017-10-18,39.387,0
Bengaluru,2017-10-19,44.664,0
Bengaluru,2017-10-20,79.763,1
Bengaluru,2017-10-21,39.673,0
Bengaluru,2017-10-22,22.435,0
Bengaluru,2017-10-23,26.848,0
Bengaluru,2017-10-24,42.561,0
Bengaluru,2017-10-25,35.291,0
Bengaluru,2017-10-26,25.485,0
Bengaluru,2017-10-27,26.025,0
Bengaluru,2017-10-28,37.383,0
Bengaluru,2017-10-29,47.468,0
Bengaluru,2017-10-30,45.489,0
Bengaluru,2017-10-31,122.408,1
Bengaluru,2017-11-01,39.884,0
Bengaluru,2017-11-02,66.538,1
Bengaluru,2017-11-03,58.73,0
Bengaluru,2017-11-04,41.022,0
Bengaluru,2017-11-05,26.703,0
Bengaluru,2017-11-06,22.016,0
Bengaluru,2017-11-07,27.976,0
Bengaluru,2017-11-08,26.894,0
Bengaluru,2017-11-09,25.945,0
Bengaluru,2017-11-10,30.598,0
Bengaluru,2017-11-11,32.873,0
Bengaluru,2017-11-12,26.995,0
Bengaluru,2017-11-13,30.403,0
Bengaluru,2017-11-14,26.935,0
Bengaluru,2017-11-15,30.704,0
Bengaluru,2017-11-16,37.933,0
Bengaluru,2017-11-17,35.723,0
Bengaluru,2017-11-18,34.963,0
Bengaluru,2017-11-19,30.66,0
Bengaluru,2017-11-20,32.208,0
Bengaluru,2017-11-21,25.787,0
Bengaluru,2017-11-22,44.84,0
Bengaluru,2017-11-23,38.071,0
Bengaluru,2017-11-24,17.637,0
Bengaluru,2017-11-25,17.806,0
Bengaluru,2017-11-26,15.672,0
Bengaluru,2017-11-27,10.701,0
Bengaluru,2017-11-28,11.464,0
Bengaluru,2017-11-29,136.31,1
Bengaluru,2017-12-01,1.763,0
Bengaluru,2017-12-02,1.724,0
Bengaluru,2017-12-03,29.757,0
Bengaluru,2017-12-04,18.721,0
Bengaluru,2017-12-07,70.22,1
Bengaluru,2017-12-08,103.181,1
Bengaluru,2017-12-09,90.587,1
Bengaluru,2017-12-10,81.279,1
Bengaluru,2017-12-11,63.497,1
Bengaluru,2017-12-15,85.569,1
Bengaluru,2017-12-16,75.913,1
Bengaluru,2017-12-17,79.753,1
Bengaluru,2017-12-18,84.847,1
Bengaluru,2017-12-19,76.924,1
Bengaluru,2017-12-20,107.896,1
Bengaluru,2017-12-21,84.552,1
Bengaluru,2017-12-22,71.713,1
Bengaluru,2017-12-23,56.137,0
Bengaluru,2017-12-24,48.777,0
Bengaluru,2017-12-25,184.638,1
Bengaluru,2017-12-26,63.3,1
Bengaluru,2017-12-27,71.891,1
Bengaluru,2017-12-28,62.762,1
Bengaluru,2017-12-29,32.575,0
Bengaluru,2017-12-30,26.743,0
Bengaluru,2017-12-31,17.36,0
Bengaluru,2018-01-02,35.124,0
Bengaluru,2018-01-03,28.839,0
Bengaluru,2018-01-04,24.568,0
Bengaluru,2018-01-05,24.309,0
Bengaluru,2018-01-06,30.023,0
Bengaluru,2018-01-07,40.053,0
Bengaluru,2018-01-08,37.171,0
Bengaluru,2018-01-09,28.739,0
Bengaluru,2018-01-10,31.368,0
Bengaluru,2018-01-11,54.315,0
Bengaluru,2018-01-12,37.55,0
Bengaluru,2018-01-13,36.123,0
Bengaluru,2018-01-14,34.429,0
Bengaluru,2018-01-15,38.837,0
Bengaluru,2018-01-16,41.352,0
Bengaluru,2018-01-17,46.764,0
Bengaluru,2018-01-18,37.726,0
Bengaluru,2018-01-19,55.003,0
Bengaluru,2018-01-20,33.34,0
Bengaluru,2018-01-21,33.55,0
Bengaluru,2018-01-22,39.026,0
Bengaluru,2018-01-23,48.079,0
Bengaluru,2018-01-24,45.877,0
Bengaluru,2018-01-25,39.925,0
Bengaluru,2018-01-26,39.275,0
Bengaluru,2018-01-27,47.032,0
Bengaluru,2018-01-28,39.383,0
Bengaluru,2018-01-29,33.467,0
Bengaluru,2018-01-30,53.562,0
Bengaluru,2018-01-31,37.932,0
Bengaluru,2018-02-01,33.988,0
Bengaluru,2018-02-02,29.634,0
Bengaluru,2018-02-03,28.805,0
Bengaluru,2018-02-04,23.31,0
Bengaluru,2018-02-05,29.227,0
Bengaluru,2018-02-06,32.548,0
Bengaluru,2018-02-07,30.925,0
Bengaluru,2018-02-08,35.482,0
Bengaluru,2018-02-09,37.867,0
Bengaluru,2018-02-10,30.342,0
Bengaluru,2018-02-11,28.288,0
Bengaluru,2018-02-12,27.896,0
Bengaluru,2018-02-13,30.533,0
Bengaluru,2018-02-14,32.428,0
Bengaluru,2018-02-15,30.188,0
Bengaluru,2018-02-16,29.621,0
Bengaluru,2018-02-17,32.11,0
Bengaluru,2018-02-18,27.526,0
Bengaluru,2018-02-19,28.602,0
Bengaluru,2018-02-20,28.892,0
Bengaluru,2018-02-21,34.62,0
Bengaluru,2018-02-22,37.126,0
Bengaluru,2018-02-23,34.598,0
Bengaluru,2018-02-24,26.41,0
Bengaluru,2018-02-25,21.867,0
Bengaluru,2018-02-26,21.308,0
Bengaluru,2018-02-27,23.348,0
Bengaluru,2018-02-28,29.299,0
Bengaluru,2018-03-01,29.481,0
Bengaluru,2018-03-02,30.382,0
Bengaluru,2018-03-03,38.386,0
Bengaluru,2018-03-04,36.56,0
Bengaluru,2018-03-05,30.786,0
Bengaluru,2018-03-06,32.091,0
Bengaluru,2018-03-07,33.878,0
Bengaluru,2018-03-08,41.374,0
Bengaluru,2018-03-09,59.475,0
Bengaluru,2018-03-10,59.817,0
Bengaluru,2018-03-11,45.185,0
Bengaluru,2018-03-12,35.821,0
Bengaluru,2018-03-13,20.494,0
Bengaluru,2018-03-14,29.228,0
Bengaluru,2018-03-15,26.456,0
Bengaluru,2018-03-16,19.134,0
Bengaluru,2018-03-17,23.015,0
Bengaluru,2018-03-18,20.747,0
Bengaluru,2018-03-19,31.94,0
Bengaluru,2018-03-20,43.91,0
Bengaluru,2018-03-21,42.72,0
Bengaluru,2018-03-22,31.776,0
Bengaluru,2018-03-23,40.185,0
Bengaluru,2018-03-24,37.717,0
Bengaluru,2018-04-17,32.384,0
Bengaluru,2018-04-18,36.403,0
Bengaluru,2018-04-19,47.674,0
Bengaluru,2018-04-20,33.207,0
Bengaluru,2018-04-21,33.399,0
Bengaluru,2018-04-22,33.417,0
Bengaluru,2018-04-23,41.193,0
Bengaluru,2018-04-24,42.623,0
Bengaluru,2018-04-25,42.993,0
Bengaluru,2018-04-26,49.927,0
Bengaluru,2018-04-27,44.125,0
Bengaluru,2018-04-28,39.218,0
Bengaluru,2018-04-29,44.57,0
Bengaluru,2018-04-30,190.967,1
Bengaluru,2018-05-01,59.105,0
Bengaluru,2018-05-02,65.711,1
Bengaluru,2018-05-03,44.579,0
Bengaluru,2018-05-05,62.347,1
Bengaluru,2018-05-06,78.997,1
Bengaluru,2018-05-07,50.518,0
Bengaluru,2018-05-08,55.877,0
Bengaluru,2018-05-09,32.465,0
Bengaluru,2018-05-10,28.988,0
Bengaluru,2018-05-11,27.027,0
Bengaluru,2018-05-12,27.01,0
Bengaluru,2018-05-13,26.73,0
Bengaluru,2018-05-14,33.129,0
Bengaluru,2018-05-15,35.64,0
Bengaluru,2018-05-16,34.357,0
Bengaluru,2018-05-17,39.687,0
Bengaluru,2018-05-18,43.051,0
Bengaluru,2018-05-19,45.09,0
Bengaluru,2018-05-20,47.833,0
Bengaluru,2018-05-21,52.644,0
Bengaluru,2018-05-22,59.235,0
Bengaluru,2018-05-23,62.597,1
Bengaluru,2018-05-24,35.396,0
Bengaluru,2018-05-25,46.136,0
Bengaluru,2018-05-26,33.643,0
Bengaluru,2018-05-27,41.729,0
Bengaluru,2018-05-28,29.29,0
Bengaluru,2018-05-29,16.917,0
Bengaluru,2018-05-30,35.666,0
Bengaluru,2018-05-31,33.157,0
Bengaluru,2018-06-01,42.074,0
Bengaluru,2018-06-02,44.468,0
Bengaluru,2018-06-03,38.788,0
Bengaluru,2018-06-04,23.352,0
Bengaluru,2018-06-05,25.502,0
Bengaluru,2018-06-06,22.767,0
Bengaluru,2018-06-07,25.273,0
Bengaluru,2018-06-08,19.277,0
Bengaluru,2018-06-09,19.319,0
Bengaluru,2018-06-10,18.926,0
Bengaluru,2018-06-11,23.757,0
Bengaluru,2018-06-12,23.78,0
Bengaluru,2018-06-13,27.344,0
Bengaluru,2018-06-14,31.791,0
Bengaluru,2018-06-15,61.43,1
Bengaluru,2018-06-16,22.24,0
Bengaluru,2018-06-17,17.378,0
Bengaluru,2018-06-18,13.382,0
Bengaluru,2018-06-19,32.617,0
Bengaluru,2018-06-20,13.638,0
Bengaluru,2018-06-21,16.711,0
Bengaluru,2018-06-22,18.276,0
Bengaluru,2018-06-23,23.76,0
Bengaluru,2018-06-24,21.845,0
Bengaluru,2018-06-25,51.819,0
Bengaluru,2018-06-26,32.617,0
Bengaluru,2018-06-27,11.68,0
Bengaluru,2018-06-28,9.229,0
Bengaluru,2018-06-29,11.934,0
Bengaluru,2018-06-30,18.225,0
Bengaluru,2018-07-01,19.152,0
Bengaluru,2018-07-02,16.291,0
Bengaluru,2018-07-03,21.626,0
Bengaluru,2018-07-04,18.545,0
Bengaluru,2018-07-05,20.356,0
Bengaluru,2018-07-06,21.437,0
Bengaluru,2018-07-07,15.555,0
Bengaluru,2018-07-08,22.834,0
Bengaluru,2018-07-09,21.11,0
Bengaluru,2018-07-10,36.655,0
Bengaluru,2018-07-11,20.797,0
Bengaluru,2018-07-12,17.824,0
Bengaluru,2018-07-13,16.629,0
Bengaluru,2018-07-14,18.865,0
Bengaluru,2018-07-15,17.078,0
Bengaluru,2018-07-16,19.93,0
Bengaluru,2018-07-17,16.984,0
Bengaluru,2018-07-18,18.828,0
Bengaluru,2018-07-19,16.817,0
Bengaluru,2018-07-20,15.519,0
Bengaluru,2018-07-21,17.443,0
Bengaluru,2018-07-22,18.629,0
Bengaluru,2018-07-23,19.855,0
Bengaluru,2018-07-24,17.853,0
Bengaluru,2018-07-25,17.615,0
Bengaluru,2018-07-26,20.0,0
Bengaluru,2018-07-27,22.278,0
Bengaluru,2018-07-28,21.051,0
Bengaluru,2018-07-29,20.1,0
Bengaluru,2018-07-30,22.922,0
Bengaluru,2018-07-31,20.963,0
Bengaluru,2018-08-01,20.594,0
Bengaluru,2018-08-02,20.73,0
Bengaluru,2018-08-03,23.34,0
Bengaluru,2018-08-04,27.608,0
Bengaluru,2018-08-05,20.755,0
Bengaluru,2018-08-06,23.633,0
Bengaluru,2018-08-07,18.235,0
Bengaluru,2018-08-08,18.352,0
Bengaluru,2018-08-09,17.328,0
Bengaluru,2018-08-10,18.24,0
Bengaluru,2018-08-11,18.596,0
Bengaluru,2018-08-12,10.612,0
Bengaluru,2018-08-13,11.395,0
Bengaluru,2018-08-14,13.099,0
Bengaluru,2018-08-15,15.346,0
Bengaluru,2018-08-16,12.86,0
Bengaluru,2018-08-17,16.768,0
Bengaluru,2018-08-18,20.093,0
Bengaluru,2018-08-19,16.784,0
Bengaluru,2018-08-20,24.78,0
Bengaluru,2018-08-21,20.607,0
Bengaluru,2018-08-22,20.746,0
Bengaluru,2018-08-23,17.291,0
Bengaluru,2018-08-24,18.741,0
Bengaluru,2018-08-25,22.361,0
Bengaluru,2018-08-26,18.423,0
Bengaluru,2018-08-27,19.864,0
Bengaluru,2018-08-28,21.93,0
Bengaluru,2018-08-29,20.525,0
Bengaluru,2018-08-30,23.328,0
Bengaluru,2018-08-31,19.741,0
Bengaluru,2018-09-01,23.617,0
Bengaluru,2018-09-02,21.836,0
Bengaluru,2018-09-03,25.06,0
Bengaluru,2018-09-04,32.776,0
Bengaluru,2018-09-05,25.32,0
Bengaluru,2018-09-06,25.206,0
Bengaluru,2018-09-07,27.2,0
Bengaluru,2018-09-08,18.324,0
Bengaluru,2018-09-09,19.068,0
Bengaluru,2018-09-10,28.103,0
Bengaluru,2018-09-11,30.336,0
Bengaluru,2018-09-12,24.468,0
Bengaluru,2018-09-13,29.844,0
Bengaluru,2018-09-14,27.725,0
Bengaluru,2018-09-15,24.098,0
Bengaluru,2018-09-16,24.434,0
Bengaluru,2018-09-17,19.03,0
Bengaluru,2018-09-18,19.864,0
Bengaluru,2018-09-19,20.21,0
Bengaluru,2018-09-20,25.551,0
Bengaluru,2018-09-21,26.746,0
Bengaluru,2018-09-22,24.448,0
Bengaluru,2018-09-23,30.845,0
Bengaluru,2018-09-24,22.6,0
Bengaluru,2018-09-25,26.756,0
Bengaluru,2018-09-26,31.252,0
Bengaluru,2018-09-27,29.242,0
Bengaluru,2018-09-28,26.364,0
Bengaluru,2018-09-29,17.355,0
Bengaluru,2018-09-30,25.284,0
Bengaluru,2018-10-01,21.605,0
Bengaluru,2018-10-02,14.506,0
Bengaluru,2018-10-03,15.167,0
Bengaluru,2018-10-04,21.467,0
Bengaluru,2018-10-05,13.994,0
Bengaluru,2018-10-06,14.002,0
Bengaluru,2018-10-07,20.86,0
Bengaluru,2018-10-08,32.935,0
Bengaluru,2018-10-09,31.82,0
Bengaluru,2018-10-10,40.935,0
Bengaluru,2018-10-11,55.084,0
Bengaluru,2018-10-12,56.314,0
Bengaluru,2018-10-13,72.743,1
Bengaluru,2018-10-14,48.475,0
Bengaluru,2018-10-15,41.442,0
Bengaluru,2018-10-16,35.366,0
Bengaluru,2018-10-17,19.987,0
Bengaluru,2018-10-18,62.953,1
Bengaluru,2018-10-19,20.75,0
Bengaluru,2018-10-20,25.614,0
Bengaluru,2018-10-21,36.424,0
Bengaluru,2018-10-22,37.809,0
Bengaluru,2018-10-23,49.168,0
Bengaluru,2018-10-24,62.67,1
Bengaluru,2018-10-25,46.344,0
Bengaluru,2018-10-26,50.188,0
Bengaluru,2018-10-27,39.654,0
Bengaluru,2018-10-28,37.322,0
Bengaluru,2018-10-29,36.11,0
Bengaluru,2018-10-30,40.117,0
Bengaluru,2018-10-31,40.019,0
Bengaluru,2018-11-01,20.963,0
Bengaluru,2018-11-02,17.57,0
Bengaluru,2018-11-03,21.425,0
Bengaluru,2018-11-04,21.84,0
Bengaluru,2018-11-05,23.976,0
Bengaluru,2018-11-06,41.378,0
Bengaluru,2018-11-07,57.027,0
Bengaluru,2018-11-08,61.977,1
Bengaluru,2018-11-09,33.684,0
Bengaluru,2018-11-10,50.358,0
Bengaluru,2018-11-11,55.484,0
Bengaluru,2018-11-12,63.658,1
Bengaluru,2018-11-13,71.052,1
Bengaluru,2018-11-14,77.529,1
Bengaluru,2018-11-15,58.345,0
Bengaluru,2018-11-16,25.1,0
Bengaluru,2018-11-17,49.197,0
Bengaluru,2018-11-18,41.203,0
Bengaluru,2018-11-19,19.946,0
Bengaluru,2018-11-20,25.848,0
Bengaluru,2018-11-21,33.307,0
Bengaluru,2018-11-22,17.953,0
Bengaluru,2018-11-23,25.571,0
Bengaluru,2018-11-24,108.302,1
Bengaluru,2018-11-25,61.344,1
Bengaluru,2018-11-26,71.665,1
Bengaluru,2018-11-27,54.727,0
Bengaluru,2018-11-28,59.577,0
Bengaluru,2018-11-29,42.06,0
Bengaluru,2018-11-30,43.155,0
Bengaluru,2018-12-01,40.669,0
Bengaluru,2018-12-02,28.25,0
Bengaluru,2018-12-03,33.555,0
Bengaluru,2018-12-04,25.825,0
Bengaluru,2018-12-05,51.434,0
Bengaluru,2018-12-06,29.315,0
Bengaluru,2018-12-07,37.49,0
Bengaluru,2018-12-08,61.004,1
Bengaluru,2018-12-09,63.28,1
Bengaluru,2018-12-10,75.778,1
Bengaluru,2018-12-11,88.978,1
Bengaluru,2018-12-12,78.586,1
Bengaluru,2018-12-13,67.361,1
Bengaluru,2018-12-14,48.449,0
Bengaluru,2018-12-15,47.625,0
Bengaluru,2018-12-16,64.422,1
Bengaluru,2018-12-17,86.94,1
Bengaluru,2018-12-18,98.837,1
Bengaluru,2018-12-19,61.841,1
Bengaluru,2018-12-20,45.705,0
Bengaluru,2018-12-21,51.632,0
Bengaluru,2018-12-22,42.572,0
Bengaluru,2018-12-23,37.338,0
Bengaluru,2018-12-24,43.135,0
Bengaluru,2018-12-25,57.889,0
Bengaluru,2018-12-26,59.383,0
Bengaluru,2018-12-27,57.283,0
Bengaluru,2018-12-28,68.372,1
Bengaluru,2018-12-29,65.807,1
Bengaluru,2018-12-30,64.291,1
Bengaluru,2018-12-31,63.766,1
Bengaluru,2019-01-01,61.55,1
Bengaluru,2019-01-02,47.274,0
Bengaluru,2019-01-03,48.858,0
Bengaluru,2019-01-04,51.35,0
Bengaluru,2019-01-05,46.572,0
Bengaluru,2019-01-06,56.797,0
Bengaluru,2019-01-07,58.294,0
Bengaluru,2019-01-08,60.036,1
Bengaluru,2019-01-09,62.605,1
Bengaluru,2019-01-10,63.633,1
Bengaluru,2019-01-11,59.522,0
Bengaluru,2019-01-12,70.503,1
Bengaluru,2019-01-13,54.435,0
Bengaluru,2019-01-14,58.362,0
Bengaluru,2019-01-15,47.135,0
Bengaluru,2019-01-16,62.398,1
Bengaluru,2019-01-17,67.831,1
Bengaluru,2019-01-18,75.057,1
Bengaluru,2019-01-19,59.013,0
Bengaluru,2019-01-20,42.327,0
Bengaluru,2019-01-21,52.045,0
Bengaluru,2019-01-22,72.447,1
Bengaluru,2019-01-23,60.91,1
Bengaluru,2019-01-24,50.658,0
Bengaluru,2019-01-25,35.76,0
Bengaluru,2019-01-26,51.087,0
Bengaluru,2019-01-27,40.563,0
Bengaluru,2019-01-28,38.482,0
Bengaluru,2019-01-29,29.814,0
Bengaluru,2019-01-30,62.713,1
Bengaluru,2019-01-31,48.445,0
Bengaluru,2019-02-01,49.671,0
Bengaluru,2019-02-02,45.317,0
Bengaluru,2019-02-03,39.495,0
Bengaluru,2019-02-04,32.907,0
Bengaluru,2019-02-05,37.932,0
Bengaluru,2019-02-06,60.083,1
Bengaluru,2019-02-07,51.88,0
Bengaluru,2019-02-08,54.761,0
Bengaluru,2019-02-09,68.684,1
Bengaluru,2019-02-10,50.313,0
Bengaluru,2019-02-11,41.655,0
Bengaluru,2019-02-12,49.324,0
Bengaluru,2019-02-13,47.305,0
Bengaluru,2019-02-14,37.939,0
Bengaluru,2019-02-15,35.345,0
Bengaluru,2019-02-16,45.371,0
Bengaluru,2019-02-17,47.426,0
Bengaluru,2019-02-18,42.915,0
Bengaluru,2019-02-19,44.279,0
Bengaluru,2019-02-20,31.492,0
Bengaluru,2019-02-21,36.402,0
Bengaluru,2019-02-22,38.347,0
Bengaluru,2019-02-23,51.36,0
Bengaluru,2019-02-24,47.593,0
Bengaluru,2019-02-25,39.23,0
Bengaluru,2019-02-26,51.919,0
Bengaluru,2019-02-27,45.491,0
Bengaluru,2019-02-28,50.803,0
Bengaluru,2019-03-01,58.178,0
Bengaluru,2019-03-02,40.931,0
Bengaluru,2019-03-03,36.977,0
Bengaluru,2019-03-04,43.149,0
Bengaluru,2019-03-05,49.801,0
Bengaluru,2019-03-06,53.532,0
Bengaluru,2019-03-07,65.98,1
Bengaluru,2019-03-08,69.624,1
Bengaluru,2019-03-09,51.077,0
Bengaluru,2019-03-10,39.447,0
Bengaluru,2019-03-11,34.397,0
Bengaluru,2019-03-12,46.154,0
Bengaluru,2019-03-13,50.051,0
Bengaluru,2019-03-14,43.732,0
Bengaluru,2019-03-15,41.747,0
Bengaluru,2019-03-16,44.323,0
Bengaluru,2019-03-17,45.557,0
Bengaluru,2019-03-18,43.242,0
Bengaluru,2019-03-19,39.71,0
Bengaluru,2019-03-20,39.797,0
Bengaluru,2019-03-21,49.741,0
Bengaluru,2019-03-22,44.524,0
Bengaluru,2019-03-23,51.596,0
Bengaluru,2019-03-24,47.424,0
Bengaluru,2019-03-25,46.515,0
Bengaluru,2019-03-26,48.852,0
Bengaluru,2019-03-27,56.517,0
Bengaluru,2019-03-28,61.592,1
Bengaluru,2019-03-29,58.918,0
Bengaluru,2019-03-30,57.087,0
Bengaluru,2019-03-31,55.877,0
Bengaluru,2019-04-01,53.455,0
Bengaluru,2019-04-02,55.62,0
Bengaluru,2019-04-03,53.613,0
Bengaluru,2019-04-04,58.152,0
Bengaluru,2019-04-05,46.543,0
Bengaluru,2019-04-06,46.554,0
Bengaluru,2019-04-07,51.735,0
Bengaluru,2019-04-08,52.786,0
Bengaluru,2019-04-09,43.881,0
Bengaluru,2019-04-10,52.184,0
Bengaluru,2019-04-11,49.252,0
Bengaluru,2019-04-12,49.455,0
Bengaluru,2019-04-13,47.24,0
Bengaluru,2019-04-14,41.744,0
Bengaluru,2019-04-15,52.38,0
Bengaluru,2019-04-16,40.543,0
Bengaluru,2019-04-17,52.836,0
Bengaluru,2019-04-18,46.1,0
Bengaluru,2019-04-19,42.335,0
Bengaluru,2019-04-20,29.746,0
Bengaluru,2019-04-21,25.185,0
Bengaluru,2019-04-22,40.902,0
Bengaluru,2019-04-23,37.079,0
Bengaluru,2019-04-24,42.755,0
Bengaluru,2019-04-25,57.957,0
Bengaluru,2019-04-26,64.401,1
Bengaluru,2019-04-27,66.338,1
Bengaluru,2019-04-28,61.629,1
Bengaluru,2019-04-29,62.417,1
Bengaluru,2019-04-30,53.778,0
Bengaluru,2019-05-01,42.746,0
Bengaluru,2019-05-02,46.449,0
Bengaluru,2019-05-03,47.559,0
Bengaluru,2019-05-04,56.619,0
Bengaluru,2019-05-05,54.622,0
Bengaluru,2019-05-06,52.764,0
Bengaluru,2019-05-07,42.611,0
Bengaluru,2019-05-08,33.279,0
Bengaluru,2019-05-09,51.422,0
Bengaluru,2019-05-10,39.326,0
Bengaluru,2019-05-11,40.38,0
Bengaluru,2019-05-12,34.414,0
Bengaluru,2019-05-13,32.081,0
Bengaluru,2019-05-14,31.91,0
Bengaluru,2019-05-15,33.893,0
Bengaluru,2019-05-16,38.934,0
Bengaluru,2019-05-17,40.635,0
Bengaluru,2019-05-18,55.143,0
Bengaluru,2019-05-19,51.345,0
Bengaluru,2019-05-20,46.815,0
Bengaluru,2019-05-21,45.304,0
Bengaluru,2019-05-22,40.401,0
Bengaluru,2019-05-23,43.265,0
Bengaluru,2019-05-24,35.933,0
Bengaluru,2019-05-25,26.073,0
Bengaluru,2019-05-26,22.498,0
Bengaluru,2019-05-27,25.772,0
Bengaluru,2019-05-28,38.91,0
Bengaluru,2019-05-29,28.657,0
Bengaluru,2019-05-30,35.183,0
Bengaluru,2019-05-31,30.288,0
Bengaluru,2019-06-01,28.95,0
Bengaluru,2019-06-02,44.24,0
Bengaluru,2019-06-03,20.3,0
Bengaluru,2019-06-04,27.333,0
Bengaluru,2019-06-05,28.405,0
Bengaluru,2019-06-06,25.716,0
Bengaluru,2019-06-07,25.017,0
Bengaluru,2019-06-08,23.536,0
Bengaluru,2019-06-09,16.313,0
Bengaluru,2019-06-10,7.847,0
Bengaluru,2019-06-11,11.322,0
Bengaluru,2019-06-12,12.802,0
Bengaluru,2019-06-13,16.379,0
Bengaluru,2019-06-14,22.107,0
Bengaluru,2019-06-15,23.639,0
Bengaluru,2019-06-16,22.013,0
Bengaluru,2019-06-17,25.767,0
Bengaluru,2019-06-18,28.825,0
Bengaluru,2019-06-19,25.405,0
Bengaluru,2019-06-20,24.361,0
Bengaluru,2019-06-21,25.348,0
Bengaluru,2019-06-22,16.579,0
Bengaluru,2019-06-23,14.795,0
Bengaluru,2019-06-24,18.538,0
Bengaluru,2019-06-25,30.387,0
Bengaluru,2019-06-26,34.687,0
Bengaluru,2019-06-27,26.442,0
Bengaluru,2019-06-28,26.983,0
Bengaluru,2019-06-29,25.368,0
Bengaluru,2019-06-30,20.159,0
Bengaluru,2019-07-01,26.887,0
Bengaluru,2019-07-02,20.789,0
Bengaluru,2019-07-03,18.247,0
Bengaluru,2019-07-04,18.917,0
Bengaluru,2019-07-05,20.901,0
Bengaluru,2019-07-06,16.65,0
Bengaluru,2019-07-07,19.38,0
Bengaluru,2019-07-08,17.238,0
Bengaluru,2019-07-09,19.528,0
Bengaluru,2019-07-10,31.666,0
Bengaluru,2019-07-11,23.487,0
Bengaluru,2019-07-12,20.953,0
Bengaluru,2019-07-13,20.388,0
Bengaluru,2019-07-14,19.179,0
Bengaluru,2019-07-15,17.84,0
Bengaluru,2019-07-16,24.913,0
Bengaluru,2019-07-17,26.834,0
Bengaluru,2019-07-18,30.967,0
Bengaluru,2019-07-19,18.98,0
Bengaluru,2019-07-20,15.956,0
Bengaluru,2019-07-21,19.239,0
Bengaluru,2019-07-22,15.913,0
Bengaluru,2019-07-23,19.143,0
Bengaluru,2019-07-24,20.892,0
Bengaluru,2019-07-25,20.675,0
Bengaluru,2019-07-26,20.33,0
Bengaluru,2019-07-27,23.21,0
Bengaluru,2019-07-28,23.295,0
Bengaluru,2019-07-29,18.607,0
Bengaluru,2019-07-30,23.141,0
Bengaluru,2019-07-31,26.994,0
Bengaluru,2019-08-01,19.867,0
Bengaluru,2019-08-02,18.453,0
Bengaluru,2019-08-03,18.129,0
Bengaluru,2019-08-04,16.257,0
Bengaluru,2019-08-05,15.077,0
Bengaluru,2019-08-06,14.765,0
Bengaluru,2019-08-07,14.94,0
Bengaluru,2019-08-08,14.313,0
Bengaluru,2019-08-09,15.528,0
Bengaluru,2019-08-10,13.627,0
Bengaluru,2019-08-11,12.955,0
Bengaluru,2019-08-12,18.619,0
Bengaluru,2019-08-13,22.103,0
Bengaluru,2019-08-14,26.638,0
Bengaluru,2019-08-15,15.63,0
Bengaluru,2019-08-16,18.633,0
Bengaluru,2019-08-17,20.791,0
Bengaluru,2019-08-18,23.248,0
Bengaluru,2019-08-19,20.734,0
Bengaluru,2019-08-20,18.278,0
Bengaluru,2019-08-21,17.045,0
Bengaluru,2019-08-22,17.297,0
Bengaluru,2019-08-23,15.082,0
Bengaluru,2019-08-24,15.285,0
Bengaluru,2019-08-25,14.981,0
Bengaluru,2019-08-26,14.143,0
Bengaluru,2019-08-27,11.424,0
Bengaluru,2019-08-28,15.304,0
Bengaluru,2019-08-29,17.219,0
Bengaluru,2019-08-30,15.013,0
Bengaluru,2019-08-31,20.817,0
Bengaluru,2019-09-01,17.638,0
Bengaluru,2019-09-02,10.981,0
Bengaluru,2019-09-03,11.185,0
Bengaluru,2019-09-04,13.008,0
Bengaluru,2019-09-05,13.84,0
Bengaluru,2019-09-06,15.34,0
Bengaluru,2019-09-07,20.159,0
Bengaluru,2019-09-08,12.63,0
Bengaluru,2019-09-09,15.915,0
Bengaluru,2019-09-10,20.675,0
Bengaluru,2019-09-11,19.512,0
Bengaluru,2019-09-12,20.527,0
Bengaluru,2019-09-13,21.845,0
Bengaluru,2019-09-14,22.295,0
Bengaluru,2019-09-15,21.743,0
Bengaluru,2019-09-16,48.41,0
Bengaluru,2019-09-17,68.708,1
Bengaluru,2019-09-18,22.832,0
Bengaluru,2019-09-19,23.957,0
Bengaluru,2019-09-20,19.12,0
Bengaluru,2019-09-21,22.918,0
Bengaluru,2019-09-22,19.155,0
Bengaluru,2019-09-23,24.775,0
Bengaluru,2019-09-24,17.675,0
Bengaluru,2019-09-25,13.455,0
Bengaluru,2019-09-26,16.59,0
Bengaluru,2019-09-27,32.546,0
Bengaluru,2019-09-28,26.317,0
Bengaluru,2019-09-29,38.404,0
Bengaluru,2019-09-30,23.216,0
Bengaluru,2019-10-01,34.277,0
Bengaluru,2019-10-02,17.34,0
Bengaluru,2019-10-03,26.787,0
Bengaluru,2019-10-04,41.284,0
Bengaluru,2019-10-05,32.726,0
Bengaluru,2019-10-06,27.154,0
Bengaluru,2019-10-07,35.57,0
Bengaluru,2019-10-08,24.457,0
Bengaluru,2019-10-09,31.673,0
Bengaluru,2019-10-10,73.773,1
Bengaluru,2019-10-11,45.161,0
Bengaluru,2019-10-12,38.438,0
Bengaluru,2019-10-13,20.842,0
Bengaluru,2019-10-14,22.611,0
Bengaluru,2019-10-15,24.943,0
Bengaluru,2019-10-16,21.73,0
Bengaluru,2019-10-17,19.302,0
Bengaluru,2019-10-18,25.828,0
Bengaluru,2019-10-19,19.248,0
Bengaluru,2019-10-20,17.198,0
Bengaluru,2019-10-21,20.705,0
Bengaluru,2019-10-22,16.456,0
Bengaluru,2019-10-23,11.709,0
Bengaluru,2019-10-24,12.574,0
Bengaluru,2019-10-25,13.435,0
Bengaluru,2019-10-26,18.209,0
Bengaluru,2019-10-27,42.442,0
Bengaluru,2019-10-28,42.445,0
Bengaluru,2019-10-29,34.24,0
Bengaluru,2019-10-30,18.773,0
Bengaluru,2019-10-31,18.618,0
Bengaluru,2019-11-01,27.418,0
Bengaluru,2019-11-02,27.104,0
Bengaluru,2019-11-03,40.003,0
Bengaluru,2019-11-04,54.826,0
Bengaluru,2019-11-05,73.885,1
Bengaluru,2019-11-06,94.173,1
Bengaluru,2019-11-07,92.21,1
Bengaluru,2019-11-08,69.303,1
Bengaluru,2019-11-09,47.144,0
Bengaluru,2019-11-10,52.865,0
Bengaluru,2019-11-11,61.827,1
Bengaluru,2019-11-12,27.767,0
Bengaluru,2019-11-13,30.39,0
Bengaluru,2019-11-14,23.318,0
Bengaluru,2019-11-15,26.328,0
Bengaluru,2019-11-16,20.62,0
Bengaluru,2019-11-17,30.699,0
Bengaluru,2019-11-18,27.067,0
Bengaluru,2019-11-19,20.232,0
Bengaluru,2019-11-20,21.125,0
Bengaluru,2019-11-21,42.285,0
Bengaluru,2019-11-22,44.171,0
Bengaluru,2019-11-23,36.68,0
Bengaluru,2019-11-24,41.175,0
Bengaluru,2019-11-25,37.441,0
Bengaluru,2019-11-26,35.442,0
Bengaluru,2019-11-27,33.018,0
Bengaluru,2019-11-28,23.082,0
Bengaluru,2019-11-29,22.965,0
Bengaluru,2019-11-30,23.255,0
Bengaluru,2019-12-01,13.458,0
Bengaluru,2019-12-02,13.962,0
Bengaluru,2019-12-03,27.28,0
Bengaluru,2019-12-04,38.201,0
Bengaluru,2019-12-05,55.445,0
Bengaluru,2019-12-06,57.298,0
Bengaluru,2019-12-07,39.42,0
Bengaluru,2019-12-08,23.786,0
Bengaluru,2019-12-09,21.285,0
Bengaluru,2019-12-10,20.307,0
Bengaluru,2019-12-11,28.618,0
Bengaluru,2019-12-12,28.93,0
Bengaluru,2019-12-13,30.651,0
Bengaluru,2019-12-14,23.599,0
Bengaluru,2019-12-15,25.335,0
Bengaluru,2019-12-16,24.249,0
Bengaluru,2019-12-17,27.647,0
Bengaluru,2019-12-18,42.906,0
Bengaluru,2019-12-19,38.665,0
Bengaluru,2019-12-20,44.463,0
Bengaluru,2019-12-21,48.615,0
Bengaluru,2019-12-22,46.524,0
Bengaluru,2019-12-23,49.326,0
Bengaluru,2019-12-24,35.845,0
Bengaluru,2019-12-25,35.48,0
Bengaluru,2019-12-26,44.272,0
Bengaluru,2019-12-27,43.319,0
Bengaluru,2019-12-28,35.236,0
Bengaluru,2019-12-29,38.528,0
Bengaluru,2019-12-30,47.808,0
Bengaluru,2019-12-31,42.538,0
Bengaluru,2020-01-01,30.705,0
Bengaluru,2020-01-02,25.783,0
Bengaluru,2020-01-03,29.665,0
Bengaluru,2020-01-04,52.621,0
Bengaluru,2020-01-05,52.644,0
Bengaluru,2020-01-06,24.739,0
Bengaluru,2020-01-07,22.515,0
Bengaluru,2020-01-08,30.921,0
Bengaluru,2020-01-09,40.569,0
Bengaluru,2020-01-10,39.288,0
Bengaluru,2020-01-11,31.1,0
Bengaluru,2020-01-12,39.504,0
Bengaluru,2020-01-13,53.928,0
Bengaluru,2020-01-14,64.347,1
Bengaluru,2020-01-15,45.192,0
Bengaluru,2020-01-16,39.364,0
Bengaluru,2020-01-17,34.682,0
Bengaluru,2020-01-18,26.897,0
Bengaluru,2020-01-19,26.662,0
Bengaluru,2020-01-20,34.514,0
Bengaluru,2020-01-21,37.865,0
Bengaluru,2020-01-22,28.248,0
Bengaluru,2020-01-23,41.131,0
Bengaluru,2020-01-24,42.189,0
Bengaluru,2020-01-25,44.822,0
Bengaluru,2020-01-26,44.481,0
Bengaluru,2020-01-27,45.486,0
Bengaluru,2020-01-28,52.631,0
Bengaluru,2020-01-29,46.455,0
Bengaluru,2020-01-30,43.422,0
Bengaluru,2020-01-31,46.364,0
Bengaluru,2020-02-01,52.069,0
Bengaluru,2020-02-02,35.269,0
Bengaluru,2020-02-03,33.786,0
Bengaluru,2020-02-04,29.272,0
Bengaluru,2020-02-05,30.662,0
Bengaluru,2020-02-06,43.831,0
Bengaluru,2020-02-07,49.513,0
Bengaluru,2020-02-08,45.3,0
Bengaluru,2020-02-09,52.386,0
Bengaluru,2020-02-10,35.528,0
Bengaluru,2020-02-11,33.945,0
Bengaluru,2020-02-12,32.82,0
Bengaluru,2020-02-13,37.672,0
Bengaluru,2020-02-14,50.474,0
Bengaluru,2020-02-15,54.91,0
Bengaluru,2020-02-16,45.025,0
Bengaluru,2020-02-17,41.658,0
Bengaluru,2020-02-18,43.288,0
Bengaluru,2020-02-19,55.306,0
Bengaluru,2020-02-20,47.858,0
Bengaluru,2020-02-21,30.241,0
Bengaluru,2020-02-22,33.956,0
Bengaluru,2020-02-23,36.304,0
Bengaluru,2020-02-24,35.597,0
Bengaluru,2020-02-25,41.833,0
Bengaluru,2020-02-26,47.385,0
Bengaluru,2020-02-27,39.385,0
Bengaluru,2020-02-28,42.58,0
Bengaluru,2020-02-29,48.752,0
Bengaluru,2020-03-01,56.205,0
Bengaluru,2020-03-02,53.751,0
Bengaluru,2020-03-03,70.777,1
Bengaluru,2020-03-04,55.663,0
Bengaluru,2020-03-05,57.893,0
Bengaluru,2020-03-06,41.838,0
Bengaluru,2020-03-07,44.333,0
Bengaluru,2020-03-08,38.66,0
Bengaluru,2020-03-09,38.881,0
Bengaluru,2020-03-10,41.483,0
Bengaluru,2020-03-11,39.575,0
Bengaluru,2020-03-12,34.618,0
Bengaluru,2020-03-13,34.77,0
Bengaluru,2020-03-14,29.968,0
Bengaluru,2020-03-15,33.959,0
Bengaluru,2020-03-16,26.147,0
Bengaluru,2020-03-17,24.154,0
Bengaluru,2020-03-18,29.658,0
Bengaluru,2020-03-19,38.152,0
Bengaluru,2020-03-20,43.306,0
Bengaluru,2020-03-21,40.625,0
Bengaluru,2020-03-22,30.155,0
Bengaluru,2020-03-23,40.282,0
Bengaluru,2020-03-24,50.85,0
Bengaluru,2020-03-25,25.25,0
Bengaluru,2020-03-26,27.775,0
Bengaluru,2020-03-27,27.465,0
Bengaluru,2020-03-28,24.888,0
Bengaluru,2020-03-29,28.448,0
Bengaluru,2020-03-30,32.458,0
Bengaluru,2020-03-31,22.009,0
Bengaluru,2020-04-01,22.542,0
Bengaluru,2020-04-02,27.12,0
Bengaluru,2020-04-03,34.116,0
Bengaluru,2020-04-04,31.926,0
Bengaluru,2020-04-05,30.258,0
Bengaluru,2020-04-06,22.68,0
Bengaluru,2020-04-07,15.139,0
Bengaluru,2020-04-08,18.39,0
Bengaluru,2020-04-09,23.317,0
Bengaluru,2020-04-10,30.063,0
Bengaluru,2020-04-11,26.991,0
Bengaluru,2020-04-12,22.381,0
Bengaluru,2020-04-13,25.613,0
Bengaluru,2020-04-14,30.245,0
Bengaluru,2020-04-15,33.623,0
Bengaluru,2020-04-16,25.269,0
Bengaluru,2020-04-17,39.997,0
Bengaluru,2020-04-18,34.03,0
Bengaluru,2020-04-19,24.215,0
Bengaluru,2020-04-20,19.418,0
Bengaluru,2020-04-21,17.036,0
Bengaluru,2020-04-22,19.95,0
Bengaluru,2020-04-23,26.1,0
Bengaluru,2020-04-24,26.249,0
Bengaluru,2020-04-25,25.981,0
Bengaluru,2020-04-26,21.315,0
Bengaluru,2020-04-27,19.25,0
Bengaluru,2020-04-28,20.745,0
Bengaluru,2020-04-29,13.677,0
Bengaluru,2020-04-30,20.301,0
Bengaluru,2020-05-01,24.808,0
Bengaluru,2020-05-02,18.364,0
Bengaluru,2020-05-03,22.355,0
Bengaluru,2020-05-04,26.104,0
Bengaluru,2020-05-05,29.226,0
Bengaluru,2020-05-06,23.021,0
Bengaluru,2020-05-07,26.865,0
Bengaluru,2020-05-08,17.607,0
Bengaluru,2020-05-09,21.054,0
Bengaluru,2020-05-10,24.29,0
Bengaluru,2020-05-11,20.576,0
Bengaluru,2020-05-12,15.431,0
Bengaluru,2020-05-13,14.564,0
Bengaluru,2020-05-14,24.807,0
Bengaluru,2020-05-15,17.336,0
Bengaluru,2020-05-16,23.437,0
Bengaluru,2020-05-17,21.25,0
Bengaluru,2020-05-18,16.819,0
Bengaluru,2020-05-19,23.813,0
Bengaluru,2020-05-20,17.897,0
Bengaluru,2020-05-21,19.534,0
Bengaluru,2020-05-22,18.134,0
Bengaluru,2020-05-23,19.52,0
Bengaluru,2020-05-24,18.617,0
Bengaluru,2020-05-25,21.064,0
Bengaluru,2020-05-26,22.252,0
Bengaluru,2020-05-27,19.812,0
Bengaluru,2020-05-28,28.464,0
Bengaluru,2020-05-29,23.157,0
Bengaluru,2020-05-30,15.87,0
Bengaluru,2020-05-31,23.32,0
Bengaluru,2020-06-01,9.165,0
Bengaluru,2020-06-02,8.955,0
Bengaluru,2020-06-03,9.687,0
Bengaluru,2020-06-04,10.915,0
Bengaluru,2020-06-05,22.88,0
Bengaluru,2020-06-06,18.182,0
Bengaluru,2020-06-07,17.605,0
Bengaluru,2020-06-08,20.155,0
Bengaluru,2020-06-09,21.698,0
Bengaluru,2020-06-10,25.44,0
Bengaluru,2020-06-11,16.526,0
Bengaluru,2020-06-12,16.84,0
Bengaluru,2020-06-13,16.792,0
Bengaluru,2020-06-14,16.665,0
Bengaluru,2020-06-15,19.569,0
Bengaluru,2020-06-16,17.065,0
Bengaluru,2020-06-17,18.292,0
Bengaluru,2020-06-18,28.315,0
Bengaluru,2020-06-19,21.547,0
Bengaluru,2020-06-20,18.315,0
Bengaluru,2020-06-21,18.181,0
Bengaluru,2020-06-22,15.648,0
Bengaluru,2020-06-23,20.385,0
Bengaluru,2020-06-24,19.725,0
Bengaluru,2020-06-25,16.927,0
Bengaluru,2020-06-26,15.399,0
Bengaluru,2020-06-27,16.603,0
Bengaluru,2020-06-28,20.443,0
Bengaluru,2020-06-29,28.677,0
Bengaluru,2020-06-30,14.472,0
Chennai,2015-03-26,135.64,1
Chennai,2015-03-27,276.14,1
Chennai,2015-03-28,78.001,1
Chennai,2015-03-29,71.357,1
Chennai,2015-03-30,192.643,1
Chennai,2015-04-01,103.11,1
Chennai,2015-04-02,106.273,1
Chennai,2015-04-05,86.35,1
Chennai,2015-04-06,83.185,1
Chennai,2015-04-07,48.346,0
Chennai,2015-04-08,73.66,1
Chennai,2015-04-09,66.722,1
Chennai,2015-04-10,80.795,1
Chennai,2015-04-11,75.588,1
Chennai,2015-04-12,75.817,1
Chennai,2015-04-13,80.227,1
Chennai,2015-04-14,87.477,1
Chennai,2015-04-15,72.649,1
Chennai,2015-04-16,90.722,1
Chennai,2015-04-17,73.28,1
Chennai,2015-04-18,73.334,1
Chennai,2015-04-19,71.165,1
Chennai,2015-04-20,78.579,1
Chennai,2015-04-21,74.547,1
Chennai,2015-04-22,73.805,1
Chennai,2015-04-23,69.277,1
Chennai,2015-04-24,70.449,1
Chennai,2015-04-25,60.146,1
Chennai,2015-04-26,57.567,0
Chennai,2015-04-27,67.801,1
Chennai,2015-04-29,63.161,1
Chennai,2015-04-30,55.471,0
Chennai,2015-05-01,51.623,0
Chennai,2015-05-02,100.468,1
Chennai,2015-05-03,44.262,0
Chennai,2015-05-04,28.974,0
Chennai,2015-05-05,35.163,0
Chennai,2015-05-06,44.103,0
Chennai,2015-05-07,57.314,0
Chennai,2015-05-08,52.056,0
Chennai,2015-05-10,53.687,0
Chennai,2015-05-11,49.203,0
Chennai,2015-05-12,82.63,1
Chennai,2015-05-13,100.767,1
Chennai,2015-05-14,120.243,1
Chennai,2015-05-15,70.64,1
Chennai,2015-05-16,91.692,1
Chennai,2015-05-17,79.981,1
Chennai,2015-05-18,87.697,1
Chennai,2015-05-19,83.468,1
Chennai,2015-05-20,97.964,1
Chennai,2015-05-21,97.737,1
Chennai,2015-05-22,85.547,1
Chennai,2015-05-23,90.873,1
Chennai,2015-05-24,78.254,1
Chennai,2015-05-25,125.508,1
Chennai,2015-05-26,113.778,1
Chennai,2015-05-27,119.68,1
Chennai,2015-05-28,105.591,1
Chennai,2015-05-29,100.495,1
Chennai,2015-05-30,102.973,1
Chennai,2015-05-31,127.46,1
Chennai,2015-06-01,129.491,1
Chennai,2015-06-02,100.128,1
Chennai,2015-06-03,108.877,1
Chennai,2015-06-04,111.483,1
Chennai,2015-06-05,73.807,1
Chennai,2015-06-06,60.148,1
Chennai,2015-06-07,61.585,1
Chennai,2015-06-08,64.937,1
Chennai,2015-06-09,61.262,1
Chennai,2015-06-10,58.492,0
Chennai,2015-06-11,58.845,0
Chennai,2015-06-12,60.746,1
Chennai,2015-06-13,58.125,0
Chennai,2015-06-14,58.327,0
Chennai,2015-06-15,59.87,0
Chennai,2015-06-16,49.909,0
Chennai,2015-06-17,53.53,0
Chennai,2015-06-18,45.427,0
Chennai,2015-06-19,54.861,0
Chennai,2015-06-20,56.249,0
Chennai,2015-06-21,57.867,0
Chennai,2015-06-22,72.61,1
Chennai,2015-06-23,68.283,1
Chennai,2015-06-24,58.068,0
Chennai,2015-06-25,67.931,1
Chennai,2015-06-26,69.034,1
Chennai,2015-06-27,76.567,1
Chennai,2015-06-28,77.201,1
Chennai,2015-06-29,76.185,1
Chennai,2015-06-30,77.155,1
Chennai,2015-07-01,83.719,1
Chennai,2015-07-02,68.414,1
Chennai,2015-07-03,73.862,1
Chennai,2015-07-05,70.612,1
Chennai,2015-07-06,71.195,1
Chennai,2015-07-07,69.563,1
Chennai,2015-07-08,68.723,1
Chennai,2015-07-09,67.946,1
Chennai,2015-07-10,59.586,0
Chennai,2015-07-11,62.544,1
Chennai,2015-07-12,61.702,1
Chennai,2015-07-13,65.538,1
Chennai,2015-07-14,53.352,0
Chennai,2015-07-15,59.203,0
Chennai,2015-07-16,57.019,0
Chennai,2015-07-17,53.747,0
Chennai,2015-07-18,48.36,0
Chennai,2015-07-19,40.702,0
Chennai,2015-07-20,36.722,0
Chennai,2015-07-21,42.937,0
Chennai,2015-07-22,47.232,0
Chennai,2015-07-23,81.767,1
Chennai,2015-07-24,83.643,1
Chennai,2015-07-25,53.692,0
Chennai,2015-07-26,47.885,0
Chennai,2015-07-27,57.591,0
Chennai,2015-07-28,51.553,0
Chennai,2015-07-29,50.582,0
Chennai,2015-07-30,49.892,0
Chennai,2015-07-31,56.672,0
Chennai,2015-08-01,85.387,1
Chennai,2015-08-02,70.17,1
Chennai,2015-08-03,49.446,0
Chennai,2015-08-04,64.892,1
Chennai,2015-08-05,59.695,0
Chennai,2015-08-06,49.273,0
Chennai,2015-08-07,56.122,0
Chennai,2015-08-08,63.107,1
Chennai,2015-08-09,55.123,0
Chennai,2015-08-10,54.409,0
Chennai,2015-08-11,61.65,1
Chennai,2015-08-12,53.493,0
Chennai,2015-08-13,58.422,0
Chennai,2015-08-14,57.525,0
Chennai,2015-08-15,51.289,0
Chennai,2015-08-16,58.791,0
Chennai,2015-08-17,63.393,1
Chennai,2015-08-18,66.979,1
Chennai,2015-08-19,69.544,1
Chennai,2015-08-20,64.904,1
Chennai,2015-08-21,43.117,0
Chennai,2015-08-22,39.929,0
Chennai,2015-08-23,33.265,0
Chennai,2015-08-24,40.268,0
Chennai,2015-08-25,46.961,0
Chennai,2015-08-26,39.912,0
Chennai,2015-08-27,39.649,0
Chennai,2015-08-28,45.157,0
Chennai,2015-08-29,43.583,0
Chennai,2015-08-30,37.624,0
Chennai,2015-08-31,40.999,0
Chennai,2015-09-01,32.367,0
Chennai,2015-09-02,24.267,0
Chennai,2015-09-03,26.543,0
Chennai,2015-09-04,26.956,0
Chennai,2015-09-05,25.828,0
Chennai,2015-09-06,26.465,0
Chennai,2015-09-07,27.97,0
Chennai,2015-09-08,27.859,0
Chennai,2015-09-09,26.891,0
Chennai,2015-09-10,28.777,0
Chennai,2015-09-11,31.49,0
Chennai,2015-09-12,32.088,0
Chennai,2015-09-13,29.229,0
Chennai,2015-09-14,30.941,0
Chennai,2015-09-15,29.624,0
Chennai,2015-09-16,29.728,0
Chennai,2015-09-17,30.339,0
Chennai,2015-09-18,31.635,0
Chennai,2015-09-19,35.415,0
Chennai,2015-09-20,27.324,0
Chennai,2015-09-21,27.688,0
Chennai,2015-09-22,39.768,0
Chennai,2015-09-23,31.654,0
Chennai,2015-09-24,39.965,0
Chennai,2015-09-25,41.939,0
Chennai,2015-09-26,65.788,1
Chennai,2015-09-27,86.395,1
Chennai,2015-09-28,61.689,1
Chennai,2015-09-29,44.265,0
Chennai,2015-09-30,42.71,0
Chennai,2015-10-01,46.971,0
Chennai,2015-10-02,42.173,0
Chennai,2015-10-03,47.002,0
Chennai,2015-10-04,49.453,0
Chennai,2015-10-05,46.7,0
Chennai,2015-10-06,33.867,0
Chennai,2015-10-07,33.004,0
Chennai,2015-10-08,36.297,0
Chennai,2015-10-09,36.509,0
Chennai,2015-10-10,37.706,0
Chennai,2015-10-11,35.73,0
Chennai,2015-10-12,36.27,0
Chennai,2015-10-13,122.159,1
Chennai,2015-10-14,90.725,1
Chennai,2015-10-15,63.965,1
Chennai,2015-10-16,48.791,0
Chennai,2015-10-17,34.958,0
Chennai,2015-10-18,37.545,0
Chennai,2015-10-19,31.539,0
Chennai,2015-10-20,37.739,0
Chennai,2015-10-21,41.269,0
Chennai,2015-10-22,47.682,0
Chennai,2015-10-23,81.256,1
Chennai,2015-10-24,44.794,0
Chennai,2015-10-25,50.981,0
Chennai,2015-10-26,46.791,0
Chennai,2015-10-27,54.001,0
Chennai,2015-10-28,52.654,0
Chennai,2015-10-29,55.752,0
Chennai,2015-10-30,52.293,0
Chennai,2015-10-31,41.39,0
Chennai,2015-11-01,44.082,0
Chennai,2015-11-02,41.44,0
Chennai,2015-11-03,41.965,0
Chennai,2015-11-04,41.801,0
Chennai,2015-11-05,43.181,0
Chennai,2015-11-06,44.74,0
Chennai,2015-11-07,53.306,0
Chennai,2015-11-08,38.727,0
Chennai,2015-11-09,23.464,0
Chennai,2015-11-10,76.419,1
Chennai,2015-11-11,53.363,0
Chennai,2015-11-12,44.501,0
Chennai,2015-11-13,51.112,0
Chennai,2015-11-14,55.756,0
Chennai,2015-11-15,49.548,0
Chennai,2015-11-16,31.493,0
Chennai,2015-11-17,30.895,0
Chennai,2015-11-18,36.509,0
Chennai,2015-11-19,30.687,0
Chennai,2015-11-20,28.664,0
Chennai,2015-11-21,33.37,0
Chennai,2015-11-22,29.112,0
Chennai,2015-11-23,27.078,0
Chennai,2015-11-24,25.627,0
Chennai,2015-11-25,35.355,0
Chennai,2015-11-26,36.819,0
Chennai,2015-11-27,36.958,0
Chennai,2015-11-28,44.41,0
Chennai,2015-11-29,29.546,0
Chennai,2015-11-30,31.974,0
Chennai,2015-12-01,28.824,0
Chennai,2015-12-02,32.639,0
Chennai,2015-12-03,52.16,0
Chennai,2015-12-08,48.079,0
Chennai,2015-12-09,40.814,0
Chennai,2015-12-10,40.96,0
Chennai,2015-12-11,46.166,0
Chennai,2015-12-12,78.834,1
Chennai,2015-12-13,138.074,1
Chennai,2015-12-14,54.854,0
Chennai,2015-12-15,42.446,0
Chennai,2015-12-16,46.155,0
Chennai,2015-12-17,48.644,0
Chennai,2015-12-18,44.778,0
Chennai,2015-12-19,39.108,0
Chennai,2015-12-20,42.668,0
Chennai,2015-12-21,65.014,1
Chennai,2015-12-22,56.097,0
Chennai,2015-12-23,50.32,0
Chennai,2015-12-24,63.004,1
Chennai,2015-12-25,59.473,0
Chennai,2015-12-26,71.808,1
Chennai,2015-12-27,81.738,1
Chennai,2015-12-28,62.633,1
Chennai,2015-12-29,65.103,1
Chennai,2015-12-30,57.226,0
Chennai,2015-12-31,52.273,0
Chennai,2016-01-01,65.969,1
Chennai,2016-01-03,36.814,0
Chennai,2016-01-04,44.872,0
Chennai,2016-01-05,63.672,1
Chennai,2016-01-06,67.486,1
Chennai,2016-01-07,52.944,0
Chennai,2016-01-08,69.883,1
Chennai,2016-01-09,66.889,1
Chennai,2016-01-10,62.266,1
Chennai,2016-01-11,51.556,0
Chennai,2016-01-12,58.269,0
Chennai,2016-01-13,63.129,1
Chennai,2016-01-14,80.23,1
Chennai,2016-01-15,39.738,0
Chennai,2016-01-16,49.213,0
Chennai,2016-01-17,55.73,0
Chennai,2016-01-18,58.284,0
Chennai,2016-01-19,56.474,0
Chennai,2016-01-20,60.037,1
Chennai,2016-01-21,55.451,0
Chennai,2016-01-22,65.262,1
Chennai,2016-01-23,53.073,0
Chennai,2016-01-24,51.325,0
Chennai,2016-01-25,46.843,0
Chennai,2016-01-26,46.295,0
Chennai,2016-01-27,42.49,0
Chennai,2016-01-28,47.11,0
Chennai,2016-01-29,50.128,0
Chennai,2016-01-30,53.577,0
Chennai,2016-01-31,76.911,1
Chennai,2016-02-01,107.65,1
Chennai,2016-02-02,69.897,1
Chennai,2016-02-03,112.724,1
Chennai,2016-02-04,81.793,1
Chennai,2016-02-05,127.032,1
Chennai,2016-02-06,70.572,1
Chennai,2016-02-07,79.548,1
Chennai,2016-02-08,76.355,1
Chennai,2016-02-09,92.831,1
Chennai,2016-02-10,98.751,1
Chennai,2016-02-11,82.027,1
Chennai,2016-02-12,85.64,1
Chennai,2016-02-13,76.721,1
Chennai,2016-02-14,57.576,0
Chennai,2016-02-15,65.383,1
Chennai,2016-02-16,80.383,1
Chennai,2016-02-17,68.455,1
Chennai,2016-02-18,73.219,1
Chennai,2016-02-19,79.01,1
Chennai,2016-02-20,83.439,1
Chennai,2016-02-21,62.156,1
Chennai,2016-02-22,41.544,0
Chennai,2016-02-23,67.248,1
Chennai,2016-02-24,44.413,0
Chennai,2016-02-25,47.249,0
Chennai,2016-02-26,35.746,0
Chennai,2016-02-27,51.786,0
Chennai,2016-02-28,32.958,0
Chennai,2016-02-29,52.251,0
Chennai,2016-03-01,90.022,1
Chennai,2016-03-02,69.548,1
Chennai,2016-03-03,47.783,0
Chennai,2016-03-04,67.253,1
Chennai,2016-03-05,62.62,1
Chennai,2016-03-06,62.866,1
Chennai,2016-03-07,56.238,0
Chennai,2016-03-08,60.92,1
Chennai,2016-03-09,81.034,1
Chennai,2016-03-10,80.443,1
Chennai,2016-03-11,66.075,1
Chennai,2016-03-12,65.076,1
Chennai,2016-03-13,57.727,0
Chennai,2016-03-14,74.647,1
Chennai,2016-03-15,76.675,1
Chennai,2016-03-16,81.927,1
Chennai,2016-03-17,86.306,1
Chennai,2016-03-18,87.068,1
Chennai,2016-03-19,100.606,1
Chennai,2016-03-20,98.466,1
Chennai,2016-03-21,123.358,1
Chennai,2016-03-22,69.381,1
Chennai,2016-03-23,68.253,1
Chennai,2016-03-24,64.052,1
Chennai,2016-03-25,59.46,0
Chennai,2016-03-26,64.098,1
Chennai,2016-03-27,63.029,1
Chennai,2016-03-28,46.091,0
Chennai,2016-03-29,51.432,0
Chennai,2016-03-30,53.317,0
Chennai,2016-03-31,55.506,0
Chennai,2016-04-01,64.925,1
Chennai,2016-04-02,65.838,1
Chennai,2016-04-03,63.645,1
Chennai,2016-04-04,67.334,1
Chennai,2016-04-05,68.035,1
Chennai,2016-04-06,70.133,1
Chennai,2016-04-07,64.365,1
Chennai,2016-04-08,56.544,0
Chennai,2016-04-09,54.83,0
Chennai,2016-04-10,61.099,1
Chennai,2016-04-11,61.34,1
Chennai,2016-04-12,56.228,0
Chennai,2016-04-13,59.148,0
Chennai,2016-04-14,55.654,0
Chennai,2016-04-15,54.153,0
Chennai,2016-04-16,56.37,0
Chennai,2016-04-17,54.711,0
Chennai,2016-04-18,55.497,0
Chennai,2016-04-19,56.62,0
Chennai,2016-04-20,60.729,1
Chennai,2016-04-21,51.552,0
Chennai,2016-04-22,51.955,0
Chennai,2016-04-23,60.21,1
Chennai,2016-04-24,65.264,1
Chennai,2016-04-25,61.782,1
Chennai,2016-04-26,57.703,0
Chennai,2016-04-27,56.994,0
Chennai,2016-04-28,51.733,0
Chennai,2016-04-29,48.697,0
Chennai,2016-04-30,65.21,1
Chennai,2016-05-01,89.598,1
Chennai,2016-05-02,58.584,0
Chennai,2016-05-03,54.162,0
Chennai,2016-05-04,55.786,0
Chennai,2016-05-05,57.199,0
Chennai,2016-05-06,64.95,1
Chennai,2016-05-07,56.016,0
Chennai,2016-05-08,53.295,0
Chennai,2016-05-09,52.04,0
Chennai,2016-05-10,61.368,1
Chennai,2016-05-11,59.238,0
Chennai,2016-05-12,58.431,0
Chennai,2016-05-13,68.42,1
Chennai,2016-05-14,62.475,1
Chennai,2016-05-15,55.773,0
Chennai,2016-05-16,58.798,0
Chennai,2016-05-17,81.064,1
Chennai,2016-05-18,65.169,1
Chennai,2016-05-19,48.59,0
Chennai,2016-05-20,45.052,0
Chennai,2016-05-21,51.6,0
Chennai,2016-05-22,51.67,0
Chennai,2016-05-23,51.11,0
Chennai,2016-05-24,50.239,0
Chennai,2016-05-25,45.89,0
Chennai,2016-05-26,48.609,0
Chennai,2016-05-27,51.674,0
Chennai,2016-05-28,50.637,0
Chennai,2016-05-29,44.876,0
Chennai,2016-05-30,43.415,0
Chennai,2016-05-31,57.322,0
Chennai,2016-06-01,43.523,0
Chennai,2016-06-02,41.289,0
Chennai,2016-06-15,32.644,0
Chennai,2016-06-16,44.005,0
Chennai,2016-06-17,41.29,0
Chennai,2016-06-18,45.764,0
Chennai,2016-06-19,43.376,0
Chennai,2016-06-20,38.925,0
Chennai,2016-06-21,42.298,0
Chennai,2016-06-22,32.797,0
Chennai,2016-06-23,40.775,0
Chennai,2016-06-24,50.943,0
Chennai,2016-06-27,49.409,0
Chennai,2016-06-28,60.36,1
Chennai,2016-06-29,42.802,0
Chennai,2016-06-30,109.498,1
Chennai,2016-07-01,45.6,0
Chennai,2016-07-02,47.913,0
Chennai,2016-07-03,30.431,0
Chennai,2016-07-04,96.646,1
Chennai,2016-07-05,196.813,1
Chennai,2016-07-06,29.087,0
Chennai,2016-07-07,29.336,0
Chennai,2016-07-08,57.261,0
Chennai,2016-07-09,28.304,0
Chennai,2016-07-10,35.378,0
Chennai,2016-07-11,22.971,0
Chennai,2016-07-12,23.24,0
Chennai,2016-07-13,24.865,0
Chennai,2016-07-14,18.668,0
Chennai,2016-07-15,26.601,0
Chennai,2016-07-16,34.331,0
Chennai,2016-07-17,35.163,0
Chennai,2016-07-18,31.691,0
Chennai,2016-07-19,32.435,0
Chennai,2016-07-20,33.075,0
Chennai,2016-07-23,29.686,0
Chennai,2016-07-25,30.711,0
Chennai,2016-07-26,23.58,0
Chennai,2016-07-27,24.43,0
Chennai,2016-07-28,42.816,0
Chennai,2016-07-29,28.51,0
Chennai,2016-07-30,34.009,0
Chennai,2016-07-31,32.413,0
Chennai,2016-08-01,32.876,0
Chennai,2016-08-02,34.8,0
Chennai,2016-08-03,40.39,0
Chennai,2016-08-04,32.275,0
Chennai,2016-08-05,30.537,0
Chennai,2016-08-06,32.536,0
Chennai,2016-08-07,37.705,0
Chennai,2016-08-08,40.687,0
Chennai,2016-08-09,40.845,0
Chennai,2016-08-10,35.23,0
Chennai,2016-08-11,33.511,0
Chennai,2016-08-13,30.938,0
Chennai,2016-08-14,29.485,0
Chennai,2016-08-15,25.42,0
Chennai,2016-08-16,35.093,0
Chennai,2016-08-17,34.202,0
Chennai,2016-08-18,55.883,0
Chennai,2016-08-19,39.965,0
Chennai,2016-08-20,36.332,0
Chennai,2016-08-21,26.397,0
Chennai,2016-08-22,40.358,0
Chennai,2016-08-23,40.21,0
Chennai,2016-08-24,37.068,0
Chennai,2016-08-25,26.7,0
Chennai,2016-08-26,38.633,0
Chennai,2016-08-27,32.143,0
Chennai,2016-08-28,33.023,0
Chennai,2016-08-29,38.108,0
Chennai,2016-08-30,37.789,0
Chennai,2016-08-31,28.595,0
Chennai,2016-09-01,30.818,0
Chennai,2016-09-02,42.162,0
Chennai,2016-09-03,36.802,0
Chennai,2016-09-04,31.97,0
Chennai,2016-09-05,23.595,0
Chennai,2016-09-06,38.503,0
Chennai,2016-09-07,36.257,0
Chennai,2016-09-08,42.37,0
Chennai,2016-09-09,38.87,0
Chennai,2016-09-10,43.957,0
Chennai,2016-09-11,36.264,0
Chennai,2016-09-12,41.328,0
Chennai,2016-09-13,44.76,0
Chennai,2016-09-14,33.012,0
Chennai,2016-09-15,26.789,0
Chennai,2016-09-16,24.54,0
Chennai,2016-09-17,34.155,0
Chennai,2016-09-18,26.591,0
Chennai,2016-09-19,23.762,0
Chennai,2016-09-20,22.198,0
Chennai,2016-09-21,16.184,0
Chennai,2016-09-22,12.789,0
Chennai,2016-09-23,19.22,0
Chennai,2016-09-25,24.874,0
Chennai,2016-09-26,33.319,0
Chennai,2016-09-27,31.929,0
Chennai,2016-09-29,40.605,0
Chennai,2016-09-30,38.14,0
Chennai,2016-10-01,35.959,0
Chennai,2016-10-04,34.056,0
Chennai,2016-10-05,29.145,0
Chennai,2016-10-06,60.136,1
Chennai,2016-10-07,53.385,0
Chennai,2016-10-08,36.793,0
Chennai,2016-10-09,38.464,0
Chennai,2016-10-10,44.913,0
Chennai,2016-10-11,32.161,0
Chennai,2016-10-12,45.111,0
Chennai,2016-10-13,81.451,1
Chennai,2016-10-15,62.962,1
Chennai,2016-10-16,60.187,1
Chennai,2016-10-17,66.689,1
Chennai,2016-10-18,78.525,1
Chennai,2016-10-19,63.075,1
Chennai,2016-10-21,73.746,1
Chennai,2016-10-22,80.177,1
Chennai,2016-10-23,87.036,1
Chennai,2016-10-24,80.995,1
Chennai,2016-10-25,85.731,1
Chennai,2016-10-26,92.638,1
Chennai,2016-10-27,98.004,1
Chennai,2016-10-28,132.383,1
Chennai,2016-10-29,114.084,1
Chennai,2016-10-30,67.861,1
Chennai,2016-10-31,49.568,0
Chennai,2016-11-01,52.276,0
Chennai,2016-11-02,47.856,0
Chennai,2016-11-03,35.535,0
Chennai,2016-11-04,57.219,0
Chennai,2016-11-05,66.286,1
Chennai,2016-11-06,80.108,1
Chennai,2016-11-07,71.856,1
Chennai,2016-11-08,80.488,1
Chennai,2016-11-09,83.264,1
Chennai,2016-11-10,71.161,1
Chennai,2016-11-11,76.206,1
Chennai,2016-11-12,82.671,1
Chennai,2016-11-13,42.542,0
Chennai,2016-11-14,29.085,0
Chennai,2016-11-15,33.876,0
Chennai,2016-11-16,55.671,0
Chennai,2016-11-17,66.567,1
Chennai,2016-11-18,62.583,1
Chennai,2016-11-19,71.545,1
Chennai,2016-11-20,58.206,0
Chennai,2016-11-21,63.871,1
Chennai,2016-11-22,83.289,1
Chennai,2016-11-23,88.082,1
Chennai,2016-11-24,91.493,1
Chennai,2016-11-25,93.715,1
Chennai,2016-11-26,82.548,1
Chennai,2016-11-27,101.77,1
Chennai,2016-11-28,92.407,1
Chennai,2016-11-29,91.146,1
Chennai,2016-11-30,94.8,1
Chennai,2016-12-01,74.728,1
Chennai,2016-12-02,43.521,0
Chennai,2016-12-03,27.928,0
Chennai,2016-12-04,45.98,0
Chennai,2016-12-05,45.485,0
Chennai,2016-12-06,54.12,0
Chennai,2016-12-07,48.91,0
Chennai,2016-12-08,59.741,0
Chennai,2016-12-09,80.549,1
Chennai,2016-12-10,84.686,1
Chennai,2016-12-11,77.142,1
Chennai,2016-12-12,51.165,0
Chennai,2016-12-31,84.04,1
Chennai,2017-01-01,44.562,0
Chennai,2017-01-02,40.902,0
Chennai,2017-01-03,42.308,0
Chennai,2017-01-04,41.497,0
Chennai,2017-01-05,72.862,1
Chennai,2017-01-06,82.478,1
Chennai,2017-01-07,58.09,0
Chennai,2017-01-08,50.174,0
Chennai,2017-01-09,44.102,0
Chennai,2017-01-10,289.204,1
Chennai,2017-01-11,55.202,0
Chennai,2017-01-12,169.748,1
Chennai,2017-01-13,226.498,1
Chennai,2017-01-14,69.969,1
Chennai,2017-01-15,55.973,0
Chennai,2017-01-16,62.532,1
Chennai,2017-01-17,80.765,1
Chennai,2017-01-18,55.43,0
Chennai,2017-01-19,50.273,0
Chennai,2017-01-20,64.058,1
Chennai,2017-01-21,36.85,0
Chennai,2017-01-22,57.054,0
Chennai,2017-01-23,73.275,1
Chennai,2017-01-24,56.505,0
Chennai,2017-01-25,66.542,1
Chennai,2017-01-26,43.599,0
Chennai,2017-01-27,36.165,0
Chennai,2017-01-28,21.644,0
Chennai,2017-01-29,36.767,0
Chennai,2017-01-30,38.732,0
Chennai,2017-02-01,45.125,0
Chennai,2017-02-02,52.59,0
Chennai,2017-02-03,50.383,0
Chennai,2017-02-04,67.152,1
Chennai,2017-02-05,77.165,1
Chennai,2017-02-06,72.938,1
Chennai,2017-02-07,83.855,1
Chennai,2017-02-08,80.593,1
Chennai,2017-02-09,91.752,1
Chennai,2017-02-10,89.004,1
Chennai,2017-02-11,84.052,1
Chennai,2017-02-12,56.602,0
Chennai,2017-02-13,54.943,0
Chennai,2017-02-14,45.201,0
Chennai,2017-02-15,63.514,1
Chennai,2017-02-16,63.422,1
Chennai,2017-02-17,77.028,1
Chennai,2017-02-18,71.154,1
Chennai,2017-02-19,71.723,1
Chennai,2017-02-20,50.864,0
Chennai,2017-02-21,51.455,0
Chennai,2017-02-22,56.591,0
Chennai,2017-02-23,42.415,0
Chennai,2017-02-24,45.269,0
Chennai,2017-02-25,37.907,0
Chennai,2017-02-26,44.105,0
Chennai,2017-02-27,59.527,0
Chennai,2017-02-28,65.957,1
Chennai,2017-03-01,82.44,1
Chennai,2017-03-02,72.856,1
Chennai,2017-03-03,63.955,1
Chennai,2017-03-04,40.426,0
Chennai,2017-03-05,34.07,0
Chennai,2017-03-06,36.921,0
Chennai,2017-03-07,36.883,0
Chennai,2017-03-08,60.007,1
Chennai,2017-03-09,31.342,0
Chennai,2017-03-10,227.169,1
Chennai,2017-03-11,62.947,1
Chennai,2017-03-12,33.533,0
Chennai,2017-03-13,23.545,0
Chennai,2017-03-14,29.174,0
Chennai,2017-03-15,53.274,0
Chennai,2017-03-16,286.082,1
Chennai,2017-03-17,37.433,0
Chennai,2017-03-18,26.428,0
Chennai,2017-03-19,88.826,1
Chennai,2017-03-20,29.525,0
Chennai,2017-03-21,25.532,0
Chennai,2017-03-22,35.253,0
Chennai,2017-03-23,36.76,0
Chennai,2017-03-24,52.621,0
Chennai,2017-03-25,80.479,1
Chennai,2017-03-26,74.461,1
Chennai,2017-03-27,60.445,1
Chennai,2017-03-28,39.113,0
Chennai,2017-03-29,35.041,0
Chennai,2017-03-30,37.42,0
Chennai,2017-03-31,35.341,0
Chennai,2017-04-01,34.69,0
Chennai,2017-04-02,37.571,0
Chennai,2017-04-03,44.329,0
Chennai,2017-04-04,40.556,0
Chennai,2017-04-05,48.622,0
Chennai,2017-04-06,36.852,0
Chennai,2017-04-07,41.16,0
Chennai,2017-04-08,61.685,1
Chennai,2017-04-09,34.279,0
Chennai,2017-04-10,53.602,0
Chennai,2017-04-11,67.149,1
Chennai,2017-04-13,48.813,0
Chennai,2017-04-14,45.091,0
Chennai,2017-04-15,61.728,1
Chennai,2017-04-16,55.891,0
Chennai,2017-04-17,72.655,1
Chennai,2017-04-18,75.798,1
Chennai,2017-04-19,91.137,1
Chennai,2017-04-20,68.145,1
Chennai,2017-04-21,89.005,1
Chennai,2017-04-22,81.332,1
Chennai,2017-04-23,82.698,1
Chennai,2017-04-24,62.542,1
Chennai,2017-04-25,51.383,0
Chennai,2017-04-26,60.214,1
Chennai,2017-04-27,59.95,0
Chennai,2017-04-28,56.703,0
Chennai,2017-04-29,61.916,1
Chennai,2017-04-30,43.893,0
Chennai,2017-05-01,40.397,0
Chennai,2017-05-02,33.894,0
Chennai,2017-05-03,37.706,0
Chennai,2017-05-04,43.643,0
Chennai,2017-05-05,40.543,0
Chennai,2017-05-06,44.14,0
Chennai,2017-05-07,37.368,0
Chennai,2017-05-08,44.083,0
Chennai,2017-05-09,34.59,0
Chennai,2017-05-10,47.847,0
Chennai,2017-05-11,27.0,0
Chennai,2017-05-12,46.294,0
Chennai,2017-05-13,36.617,0
Chennai,2017-05-14,60.488,1
Chennai,2017-05-15,73.274,1
Chennai,2017-05-16,64.223,1
Chennai,2017-05-17,86.494,1
Chennai,2017-05-18,131.199,1
Chennai,2017-05-19,86.942,1
Chennai,2017-05-20,63.816,1
Chennai,2017-05-21,71.682,1
Chennai,2017-05-22,50.123,0
Chennai,2017-05-23,86.594,1
Chennai,2017-05-24,100.136,1
Chennai,2017-05-25,65.531,1
Chennai,2017-05-26,71.65,1
Chennai,2017-05-27,60.4,1
Chennai,2017-05-28,46.272,0
Chennai,2017-05-29,57.245,0
Chennai,2017-05-30,43.314,0
Chennai,2017-05-31,43.137,0
Chennai,2017-06-01,44.656,0
Chennai,2017-06-02,56.392,0
Chennai,2017-06-03,40.581,0
Chennai,2017-06-04,41.329,0
Chennai,2017-06-05,38.61,0
Chennai,2017-06-06,41.32,0
Chennai,2017-06-07,37.629,0
Chennai,2017-06-08,41.441,0
Chennai,2017-06-09,41.412,0
Chennai,2017-06-10,46.316,0
Chennai,2017-06-11,30.883,0
Chennai,2017-06-12,35.901,0
Chennai,2017-06-13,38.331,0
Chennai,2017-06-14,41.069,0
Chennai,2017-06-15,48.227,0
Chennai,2017-06-16,49.475,0
Chennai,2017-06-17,43.643,0
Chennai,2017-06-18,38.347,0
Chennai,2017-06-19,50.481,0
Chennai,2017-06-20,45.953,0
Chennai,2017-06-21,51.814,0
Chennai,2017-06-22,43.938,0
Chennai,2017-06-23,46.717,0
Chennai,2017-06-24,51.02,0
Chennai,2017-06-25,41.409,0
Chennai,2017-06-26,45.528,0
Chennai,2017-06-27,47.317,0
Chennai,2017-06-28,39.614,0
Chennai,2017-07-01,56.488,0
Chennai,2017-07-02,62.74,1
Chennai,2017-07-03,44.572,0
Chennai,2017-07-04,37.599,0
Chennai,2017-07-05,46.614,0
Chennai,2017-07-06,42.379,0
Chennai,2017-07-07,49.903,0
Chennai,2017-07-08,59.81,0
Chennai,2017-07-09,52.284,0
Chennai,2017-07-10,42.478,0
Chennai,2017-07-11,62.343,1
Chennai,2017-07-12,28.72,0
Chennai,2017-07-13,62.635,1
Chennai,2017-07-14,48.22,0
Chennai,2017-07-15,63.292,1
Chennai,2017-07-16,46.964,0
Chennai,2017-07-17,45.095,0
Chennai,2017-07-18,37.981,0
Chennai,2017-07-19,48.237,0
Chennai,2017-07-20,41.123,0
Chennai,2017-07-21,86.007,1
Chennai,2017-07-22,50.067,0
Chennai,2017-07-23,37.844,0
Chennai,2017-07-24,112.227,1
Chennai,2017-07-25,94.705,1
Chennai,2017-07-26,103.555,1
Chennai,2017-07-27,51.286,0
Chennai,2017-07-28,49.329,0
Chennai,2017-07-29,40.62,0
Chennai,2017-07-30,45.564,0
Chennai,2017-07-31,27.183,0
Chennai,2017-08-01,74.596,1
Chennai,2017-08-02,68.249,1
Chennai,2017-08-03,29.95,0
Chennai,2017-08-04,42.183,0
Chennai,2017-08-05,29.88,0
Chennai,2017-08-06,38.43,0
Chennai,2017-08-07,39.476,0
Chennai,2017-08-08,33.034,0
Chennai,2017-08-09,31.297,0
Chennai,2017-08-10,27.708,0
Chennai,2017-08-11,46.183,0
Chennai,2017-08-12,42.111,0
Chennai,2017-08-13,23.873,0
Chennai,2017-08-14,52.245,0
Chennai,2017-08-15,34.609,0
Chennai,2017-08-16,39.274,0
Chennai,2017-08-17,39.407,0
Chennai,2017-08-22,29.831,0
Chennai,2017-08-23,36.025,0
Chennai,2017-08-24,32.766,0
Chennai,2017-08-25,56.974,0
Chennai,2017-08-26,41.585,0
Chennai,2017-08-27,34.318,0
Chennai,2017-08-28,79.202,1
Chennai,2017-08-29,37.102,0
Chennai,2017-08-30,61.287,1
Chennai,2017-08-31,40.369,0
Chennai,2017-09-01,37.183,0
Chennai,2017-09-02,48.823,0
Chennai,2017-09-03,34.519,0
Chennai,2017-09-04,39.0,0
Chennai,2017-09-05,69.852,1
Chennai,2017-09-06,31.956,0
Chennai,2017-09-07,27.78,0
Chennai,2017-09-08,28.235,0
Chennai,2017-09-09,19.527,0
Chennai,2017-09-10,18.222,0
Chennai,2017-09-11,28.135,0
Chennai,2017-09-12,40.866,0
Chennai,2017-09-13,33.663,0
Chennai,2017-09-14,29.414,0
Chennai,2017-09-15,36.174,0
Chennai,2017-09-16,36.706,0
Chennai,2017-09-17,25.129,0
Chennai,2017-09-18,25.165,0
Chennai,2017-09-19,32.902,0
Chennai,2017-09-20,39.013,0
Chennai,2017-09-21,31.68,0
Chennai,2017-09-22,49.34,0
Chennai,2017-09-23,65.672,1
Chennai,2017-09-24,85.357,1
Chennai,2017-09-25,47.867,0
Chennai,2017-09-26,69.255,1
Chennai,2017-09-27,51.957,0
Chennai,2017-09-28,50.0,0
Chennai,2017-09-29,44.9,0
Chennai,2017-09-30,28.593,0
Chennai,2017-10-01,25.582,0
Chennai,2017-10-02,16.175,0
Chennai,2017-10-03,25.6,0
Chennai,2017-10-04,20.748,0
Chennai,2017-10-05,25.513,0
Chennai,2017-10-06,38.502,0
Chennai,2017-10-07,40.164,0
Chennai,2017-10-08,35.374,0
Chennai,2017-10-09,35.945,0
Chennai,2017-10-10,52.199,0
Chennai,2017-10-11,41.344,0
Chennai,2017-10-12,35.796,0
Chennai,2017-10-13,44.526,0
Chennai,2017-10-14,56.363,0
Chennai,2017-10-15,37.269,0
Chennai,2017-10-16,35.623,0
Chennai,2017-10-17,68.014,1
Chennai,2017-10-18,193.297,1
Chennai,2017-10-19,226.736,1
Chennai,2017-10-20,57.616,0
Chennai,2017-10-21,30.203,0
Chennai,2017-10-22,31.171,0
Chennai,2017-10-23,58.593,0
Chennai,2017-10-24,53.74,0
Chennai,2017-10-25,36.654,0
Chennai,2017-10-26,25.898,0
Chennai,2017-10-27,31.323,0
Chennai,2017-10-28,53.369,0
Chennai,2017-10-29,62.079,1
Chennai,2017-10-30,19.866,0
Chennai,2017-10-31,41.866,0
Chennai,2017-11-01,24.563,0
Chennai,2017-11-02,27.988,0
Chennai,2017-11-03,30.024,0
Chennai,2017-11-04,27.105,0
Chennai,2017-11-05,24.368,0
Chennai,2017-11-06,29.631,0
Chennai,2017-11-07,33.667,0
Chennai,2017-11-08,37.639,0
Chennai,2017-11-09,40.877,0
Chennai,2017-11-10,68.575,1
Chennai,2017-11-11,70.804,1
Chennai,2017-11-12,81.945,1
Chennai,2017-11-13,48.074,0
Chennai,2017-11-14,30.567,0
Chennai,2017-11-15,41.873,0
Chennai,2017-11-16,45.773,0
Chennai,2017-11-17,58.955,0
Chennai,2017-11-18,24.727,0
Chennai,2017-11-19,22.807,0
Chennai,2017-11-20,22.565,0
Chennai,2017-11-21,18.438,0
Chennai,2017-11-22,41.9,0
Chennai,2017-11-23,79.51,1
Chennai,2017-11-24,75.599,1
Chennai,2017-11-25,90.46,1
Chennai,2017-11-26,57.359,0
Chennai,2017-11-27,37.825,0
Chennai,2017-11-28,42.053,0
Chennai,2017-11-29,38.729,0
Chennai,2017-11-30,29.622,0
Chennai,2017-12-01,31.566,0
Chennai,2017-12-02,50.433,0
Chennai,2017-12-03,46.632,0
Chennai,2017-12-04,43.104,0
Chennai,2017-12-05,34.525,0
Chennai,2017-12-06,38.096,0
Chennai,2017-12-07,94.874,1
Chennai,2017-12-08,73.055,1
Chennai,2017-12-09,77.294,1
Chennai,2017-12-10,79.192,1
Chennai,2017-12-11,70.02,1
Chennai,2017-12-12,59.772,0
Chennai,2017-12-13,45.878,0
Chennai,2017-12-14,46.301,0
Chennai,2017-12-15,59.696,0
Chennai,2017-12-16,53.212,0
Chennai,2017-12-17,50.076,0
Chennai,2017-12-18,47.656,0
Chennai,2017-12-19,41.068,0
Chennai,2017-12-20,45.392,0
Chennai,2017-12-21,52.1,0
Chennai,2017-12-22,62.7,1
Chennai,2017-12-23,38.953,0
Chennai,2017-12-24,51.214,0
Chennai,2017-12-25,53.024,0
Chennai,2017-12-26,79.716,1
Chennai,2017-12-27,82.278,1
Chennai,2017-12-28,64.49,1
Chennai,2017-12-29,52.366,0
Chennai,2017-12-30,53.724,0
Chennai,2017-12-31,48.282,0
Chennai,2018-01-01,51.163,0
Chennai,2018-01-02,58.455,0
Chennai,2018-01-03,56.259,0
Chennai,2018-01-04,113.205,1
Chennai,2018-01-05,76.766,1
Chennai,2018-01-06,76.398,1
Chennai,2018-01-07,62.124,1
Chennai,2018-01-08,75.691,1
Chennai,2018-01-09,55.305,0
Chennai,2018-01-10,66.553,1
Chennai,2018-01-11,79.232,1
Chennai,2018-01-12,82.651,1
Chennai,2018-01-13,164.368,1
Chennai,2018-01-14,76.623,1
Chennai,2018-01-15,68.455,1
Chennai,2018-01-16,74.62,1
Chennai,2018-01-17,71.039,1
Chennai,2018-01-18,67.804,1
Chennai,2018-01-19,70.064,1
Chennai,2018-01-20,68.888,1
Chennai,2018-01-21,85.982,1
Chennai,2018-01-22,70.625,1
Chennai,2018-01-23,80.582,1
Chennai,2018-01-24,80.114,1
Chennai,2018-01-25,84.309,1
Chennai,2018-01-26,74.028,1
Chennai,2018-01-27,79.595,1
Chennai,2018-01-28,71.527,1
Chennai,2018-01-29,73.213,1
Chennai,2018-01-30,68.013,1
Chennai,2018-01-31,72.053,1
Chennai,2018-02-01,66.153,1
Chennai,2018-02-02,78.68,1
Chennai,2018-02-03,74.223,1
Chennai,2018-02-04,37.637,0
Chennai,2018-02-05,38.005,0
Chennai,2018-02-06,44.175,0
Chennai,2018-02-07,33.438,0
Chennai,2018-02-08,34.522,0
Chennai,2018-02-09,49.066,0
Chennai,2018-02-10,50.855,0
Chennai,2018-02-11,52.683,0
Chennai,2018-02-12,46.068,0
Chennai,2018-02-13,76.405,1
Chennai,2018-02-14,55.385,0
Chennai,2018-02-15,63.058,1
Chennai,2018-02-16,57.825,0
Chennai,2018-02-17,55.81,0
Chennai,2018-02-18,70.428,1
Chennai,2018-02-19,67.833,1
Chennai,2018-02-20,63.292,1
Chennai,2018-02-21,74.296,1
Chennai,2018-02-22,59.115,0
Chennai,2018-02-23,50.305,0
Chennai,2018-02-24,48.952,0
Chennai,2018-02-25,31.528,0
Chennai,2018-02-26,48.054,0
Chennai,2018-02-27,73.784,1
Chennai,2018-02-28,95.58,1
Chennai,2018-03-01,100.802,1
Chennai,2018-03-02,52.342,0
Chennai,2018-03-03,49.834,0
Chennai,2018-03-04,60.176,1
Chennai,2018-03-05,43.629,0
Chennai,2018-03-06,48.432,0
Chennai,2018-03-07,68.142,1
Chennai,2018-03-08,82.385,1
Chennai,2018-03-09,61.501,1
Chennai,2018-03-10,70.085,1
Chennai,2018-03-11,59.656,0
Chennai,2018-03-12,93.322,1
Chennai,2018-03-13,30.744,0
Chennai,2018-03-14,26.741,0
Chennai,2018-03-15,30.992,0
Chennai,2018-03-16,26.104,0
Chennai,2018-03-17,37.928,0
Chennai,2018-03-18,53.223,0
Chennai,2018-03-19,50.288,0
Chennai,2018-03-20,65.172,1
Chennai,2018-03-21,56.505,0
Chennai,2018-03-22,45.694,0
Chennai,2018-03-23,56.79,0
Chennai,2018-03-24,66.305,1
Chennai,2018-03-25,51.923,0
Chennai,2018-03-26,50.548,0
Chennai,2018-03-27,51.77,0
Chennai,2018-03-28,26.348,0
Chennai,2018-03-29,22.932,0
Chennai,2018-03-30,34.854,0
Chennai,2018-03-31,39.887,0
Chennai,2018-04-01,45.245,0
Chennai,2018-04-02,29.452,0
Chennai,2018-04-03,27.821,0
Chennai,2018-04-04,36.148,0
Chennai,2018-04-05,38.02,0
Chennai,2018-04-06,38.529,0
Chennai,2018-04-07,35.936,0
Chennai,2018-04-08,24.516,0
Chennai,2018-04-09,25.998,0
Chennai,2018-04-10,36.695,0
Chennai,2018-04-11,29.615,0
Chennai,2018-04-12,26.52,0
Chennai,2018-04-13,43.906,0
Chennai,2018-04-14,22.226,0
Chennai,2018-04-15,16.686,0
Chennai,2018-04-16,21.907,0
Chennai,2018-04-17,22.748,0
Chennai,2018-04-18,41.356,0
Chennai,2018-04-19,27.352,0
Chennai,2018-04-20,36.704,0
Chennai,2018-04-21,31.874,0
Chennai,2018-04-22,31.218,0
Chennai,2018-04-23,38.583,0
Chennai,2018-04-24,51.521,0
Chennai,2018-04-25,41.312,0
Chennai,2018-04-26,44.011,0
Chennai,2018-04-27,42.333,0
Chennai,2018-04-28,29.343,0
Chennai,2018-04-29,32.085,0
Chennai,2018-04-30,42.57,0
Chennai,2018-05-01,50.727,0
Chennai,2018-05-02,62.938,1
Chennai,2018-05-03,52.76,0
Chennai,2018-05-04,76.946,1
Chennai,2018-05-05,37.39,0
Chennai,2018-05-06,39.424,0
Chennai,2018-05-07,48.753,0
Chennai,2018-05-08,22.466,0
Chennai,2018-05-09,15.742,0
Chennai,2018-05-10,22.624,0
Chennai,2018-05-11,23.191,0
Chennai,2018-05-12,20.699,0
Chennai,2018-05-13,28.08,0
Chennai,2018-05-14,25.14,0
Chennai,2018-05-15,27.679,0
Chennai,2018-05-16,27.847,0
Chennai,2018-05-17,23.697,0
Chennai,2018-05-18,48.5,0
Chennai,2018-05-19,35.46,0
Chennai,2018-05-20,35.531,0
Chennai,2018-05-21,42.598,0
Chennai,2018-05-22,52.891,0
Chennai,2018-05-23,42.53,0
Chennai,2018-05-24,40.246,0
Chennai,2018-05-25,28.462,0
Chennai,2018-05-26,38.198,0
Chennai,2018-05-27,51.127,0
Chennai,2018-05-28,47.545,0
Chennai,2018-05-29,46.069,0
Chennai,2018-05-30,44.175,0
Chennai,2018-05-31,56.098,0
Chennai,2018-06-01,57.685,0
Chennai,2018-06-02,64.648,1
Chennai,2018-06-03,50.688,0
Chennai,2018-06-04,52.684,0
Chennai,2018-06-05,42.258,0
Chennai,2018-06-06,50.384,0
Chennai,2018-06-07,34.904,0
Chennai,2018-06-08,36.277,0
Chennai,2018-06-09,41.303,0
Chennai,2018-06-10,33.792,0
Chennai,2018-06-11,41.088,0
Chennai,2018-06-12,43.9,0
Chennai,2018-06-13,45.771,0
Chennai,2018-06-14,50.267,0
Chennai,2018-06-15,66.878,1
Chennai,2018-06-16,49.62,0
Chennai,2018-06-17,59.695,0
Chennai,2018-06-18,48.194,0
Chennai,2018-06-19,52.414,0
Chennai,2018-06-20,57.339,0
Chennai,2018-06-21,60.063,1
Chennai,2018-06-22,57.208,0
Chennai,2018-06-23,61.211,1
Chennai,2018-06-24,55.1,0
Chennai,2018-06-25,61.59,1
Chennai,2018-06-26,61.341,1
Chennai,2018-06-27,76.526,1
Chennai,2018-06-28,54.645,0
Chennai,2018-06-29,57.459,0
Chennai,2018-06-30,81.297,1
Chennai,2018-07-01,68.112,1
Chennai,2018-07-02,87.208,1
Chennai,2018-07-03,54.358,0
Chennai,2018-07-04,53.968,0
Chennai,2018-07-05,55.838,0
Chennai,2018-07-06,78.455,1
Chennai,2018-07-07,54.316,0
Chennai,2018-07-08,53.658,0
Chennai,2018-07-09,62.382,1
Chennai,2018-07-10,56.319,0
Chennai,2018-07-11,49.15,0
Chennai,2018-07-12,44.787,0
Chennai,2018-07-13,45.815,0
Chennai,2018-07-14,47.783,0
Chennai,2018-07-15,50.761,0
Chennai,2018-07-16,42.997,0
Chennai,2018-07-17,37.081,0
Chennai,2018-07-18,41.773,0
Chennai,2018-07-19,47.863,0
Chennai,2018-07-20,40.301,0
Chennai,2018-07-21,46.012,0
Chennai,2018-07-22,55.779,0
Chennai,2018-07-23,50.081,0
Chennai,2018-07-24,49.868,0
Chennai,2018-07-25,35.667,0
Chennai,2018-07-26,37.397,0
Chennai,2018-07-27,41.688,0
Chennai,2018-07-28,54.403,0
Chennai,2018-07-29,54.775,0
Chennai,2018-07-30,45.893,0
Chennai,2018-07-31,51.129,0
Chennai,2018-08-01,50.782,0
Chennai,2018-08-02,39.817,0
Chennai,2018-08-03,44.273,0
Chennai,2018-08-04,52.361,0
Chennai,2018-08-05,60.285,1
Chennai,2018-08-06,60.813,1
Chennai,2018-08-07,40.729,0
Chennai,2018-08-08,26.047,0
Chennai,2018-08-09,29.654,0
Chennai,2018-08-10,45.663,0
Chennai,2018-08-11,30.97,0
Chennai,2018-08-12,26.949,0
Chennai,2018-08-13,38.029,0
Chennai,2018-08-14,35.441,0
Chennai,2018-08-15,20.427,0
Chennai,2018-08-16,26.014,0
Chennai,2018-08-17,60.608,1
Chennai,2018-08-18,55.404,0
Chennai,2018-08-19,49.34,0
Chennai,2018-08-20,69.172,1
Chennai,2018-08-21,85.123,1
Chennai,2018-08-22,52.226,0
Chennai,2018-08-23,34.767,0
Chennai,2018-08-24,40.39,0
Chennai,2018-08-25,55.139,0
Chennai,2018-08-26,32.833,0
Chennai,2018-08-27,34.865,0
Chennai,2018-08-28,29.438,0
Chennai,2018-08-29,32.562,0
Chennai,2018-08-30,50.698,0
Chennai,2018-08-31,29.655,0
Chennai,2018-09-01,38.58,0
Chennai,2018-09-02,47.563,0
Chennai,2018-09-03,42.765,0
Chennai,2018-09-04,54.802,0
Chennai,2018-09-05,47.983,0
Chennai,2018-09-06,61.471,1
Chennai,2018-09-07,48.17,0
Chennai,2018-09-08,67.78,1
Chennai,2018-09-09,30.807,0
Chennai,2018-09-10,41.963,0
Chennai,2018-09-11,40.595,0
Chennai,2018-09-12,44.5,0
Chennai,2018-09-13,45.958,0
Chennai,2018-09-14,82.382,1
Chennai,2018-09-15,42.085,0
Chennai,2018-09-16,43.248,0
Chennai,2018-09-17,30.767,0
Chennai,2018-09-18,44.321,0
Chennai,2018-09-19,24.977,0
Chennai,2018-09-20,55.763,0
Chennai,2018-09-21,49.276,0
Chennai,2018-09-22,50.303,0
Chennai,2018-09-23,50.512,0
Chennai,2018-09-24,31.02,0
Chennai,2018-09-25,43.433,0
Chennai,2018-09-26,61.731,1
Chennai,2018-09-27,28.199,0
Chennai,2018-09-28,22.68,0
Chennai,2018-09-29,71.646,1
Chennai,2018-09-30,64.871,1
Chennai,2018-10-01,32.528,0
Chennai,2018-10-02,22.278,0
Chennai,2018-10-03,17.892,0
Chennai,2018-10-04,20.578,0
Chennai,2018-10-05,23.683,0
Chennai,2018-10-06,16.697,0
Chennai,2018-10-07,34.544,0
Chennai,2018-10-08,36.114,0
Chennai,2018-10-09,61.001,1
Chennai,2018-10-10,70.421,1
Chennai,2018-10-11,53.488,0
Chennai,2018-10-12,48.257,0
Chennai,2018-10-13,39.699,0
Chennai,2018-10-14,40.74,0
Chennai,2018-10-15,40.907,0
Chennai,2018-10-16,29.82,0
Chennai,2018-10-17,33.852,0
Chennai,2018-10-18,31.598,0
Chennai,2018-10-19,39.651,0
Chennai,2018-10-20,66.17,1
Chennai,2018-10-21,65.547,1
Chennai,2018-10-22,168.811,1
Chennai,2018-10-23,73.565,1
Chennai,2018-10-24,76.771,1
Chennai,2018-10-25,72.828,1
Chennai,2018-10-26,72.24,1
Chennai,2018-10-27,61.498,1
Chennai,2018-10-28,59.793,0
Chennai,2018-10-29,75.15,1
Chennai,2018-10-30,34.509,0
Chennai,2018-10-31,28.16,0
Chennai,2018-11-01,27.631,0
Chennai,2018-11-02,28.575,0
Chennai,2018-11-03,35.6,0
Chennai,2018-11-04,86.209,1
Chennai,2018-11-05,35.203,0
Chennai,2018-11-06,55.012,0
Chennai,2018-11-07,59.064,0
Chennai,2018-11-08,49.982,0
Chennai,2018-11-09,74.729,1
Chennai,2018-11-10,70.805,1
Chennai,2018-11-11,82.587,1
Chennai,2018-11-12,92.167,1
Chennai,2018-11-13,111.035,1
Chennai,2018-11-14,84.767,1
Chennai,2018-11-15,47.01,0
Chennai,2018-11-16,17.032,0
Chennai,2018-11-17,28.733,0
Chennai,2018-11-18,31.804,0
Chennai,2018-11-19,22.03,0
Chennai,2018-11-20,42.81,0
Chennai,2018-11-21,20.359,0
Chennai,2018-11-22,19.756,0
Chennai,2018-11-23,47.762,0
Chennai,2018-11-24,92.89,1
Chennai,2018-11-25,112.049,1
Chennai,2018-11-26,81.749,1
Chennai,2018-11-27,65.557,1
Chennai,2018-11-28,61.797,1
Chennai,2018-11-29,46.73,0
Chennai,2018-11-30,47.836,0
Chennai,2018-12-01,54.149,0
Chennai,2018-12-02,23.086,0
Chennai,2018-12-03,30.61,0
Chennai,2018-12-04,23.005,0
Chennai,2018-12-05,31.735,0
Chennai,2018-12-06,47.916,0
Chennai,2018-12-07,85.527,1
Chennai,2018-12-08,98.918,1
Chennai,2018-12-09,98.355,1
Chennai,2018-12-10,95.161,1
Chennai,2018-12-11,84.65,1
Chennai,2018-12-12,86.543,1
Chennai,2018-12-13,51.848,0
Chennai,2018-12-14,52.679,0
Chennai,2018-12-15,86.995,1
Chennai,2018-12-16,55.485,0
Chennai,2018-12-17,52.864,0
Chennai,2018-12-18,73.874,1
Chennai,2018-12-19,28.985,0
Chennai,2018-12-20,48.108,0
Chennai,2018-12-21,38.966,0
Chennai,2018-12-22,48.352,0
Chennai,2018-12-23,63.445,1
Chennai,2018-12-24,67.449,1
Chennai,2018-12-25,80.95,1
Chennai,2018-12-26,96.375,1
Chennai,2018-12-27,111.834,1
Chennai,2018-12-28,68.252,1
Chennai,2018-12-29,110.85,1
Chennai,2018-12-30,100.681,1
Chennai,2018-12-31,57.665,0
Chennai,2019-01-01,122.428,1
Chennai,2019-01-02,54.136,0
Chennai,2019-01-03,97.133,1
Chennai,2019-01-04,74.638,1
Chennai,2019-01-05,74.226,1
Chennai,2019-01-06,92.695,1
Chennai,2019-01-07,70.731,1
Chennai,2019-01-08,59.253,0
Chennai,2019-01-09,98.108,1
Chennai,2019-01-10,89.42,1
Chennai,2019-01-11,129.916,1
Chennai,2019-01-12,65.077,1
Chennai,2019-01-13,38.637,0
Chennai,2019-01-14,58.122,0
Chennai,2019-01-15,45.891,0
Chennai,2019-01-16,49.599,0
Chennai,2019-01-17,68.437,1
Chennai,2019-01-18,66.958,1
Chennai,2019-01-19,58.991,0
Chennai,2019-01-20,40.599,0
Chennai,2019-01-21,65.586,1
Chennai,2019-01-22,70.937,1
Chennai,2019-01-23,27.644,0
Chennai,2019-01-24,45.168,0
Chennai,2019-01-25,28.024,0
Chennai,2019-01-26,19.333,0
Chennai,2019-01-27,16.584,0
Chennai,2019-01-28,18.584,0
Chennai,2019-01-29,41.521,0
Chennai,2019-01-30,55.304,0
Chennai,2019-01-31,81.088,1
Chennai,2019-02-01,42.074,0
Chennai,2019-02-02,42.724,0
Chennai,2019-02-03,31.095,0
Chennai,2019-02-04,46.945,0
Chennai,2019-02-05,44.372,0
Chennai,2019-02-06,60.553,1
Chennai,2019-02-07,52.941,0
Chennai,2019-02-08,28.415,0
Chennai,2019-02-09,21.041,0
Chennai,2019-02-10,12.774,0
Chennai,2019-02-11,37.368,0
Chennai,2019-02-12,56.04,0
Chennai,2019-02-13,106.036,1
Chennai,2019-02-14,178.538,1
Chennai,2019-02-15,42.849,0
Chennai,2019-02-16,45.413,0
Chennai,2019-02-17,44.508,0
Chennai,2019-02-18,26.545,0
Chennai,2019-02-19,17.111,0
Chennai,2019-02-20,16.602,0
Chennai,2019-02-21,32.917,0
Chennai,2019-02-22,37.447,0
Chennai,2019-02-23,25.552,0
Chennai,2019-02-24,37.371,0
Chennai,2019-02-25,74.052,1
Chennai,2019-02-26,199.975,1
Chennai,2019-02-27,33.895,0
Chennai,2019-02-28,87.381,1
Chennai,2019-03-01,114.56,1
Chennai,2019-03-02,176.068,1
Chennai,2019-03-03,38.851,0
Chennai,2019-03-04,43.479,0
Chennai,2019-03-05,53.196,0
Chennai,2019-03-06,58.19,0
Chennai,2019-03-07,39.873,0
Chennai,2019-03-08,38.91,0
Chennai,2019-03-09,36.463,0
Chennai,2019-03-10,27.705,0
Chennai,2019-03-11,28.473,0
Chennai,2019-03-12,52.634,0
Chennai,2019-03-13,76.63,1
Chennai,2019-03-14,58.09,0
Chennai,2019-03-15,52.872,0
Chennai,2019-03-16,48.113,0
Chennai,2019-03-17,57.583,0
Chennai,2019-03-18,37.308,0
Chennai,2019-03-19,42.318,0
Chennai,2019-03-20,63.828,1
Chennai,2019-03-21,50.631,0
Chennai,2019-03-22,41.01,0
Chennai,2019-03-23,37.133,0
Chennai,2019-03-24,34.606,0
Chennai,2019-03-25,35.944,0
Chennai,2019-03-26,39.292,0
Chennai,2019-03-27,33.405,0
Chennai,2019-03-28,38.14,0
Chennai,2019-03-29,38.035,0
Chennai,2019-03-30,37.217,0
Chennai,2019-03-31,62.244,1
Chennai,2019-04-01,68.088,1
Chennai,2019-04-02,49.423,0
Chennai,2019-04-03,48.124,0
Chennai,2019-04-04,32.88,0
Chennai,2019-04-05,36.234,0
Chennai,2019-04-06,34.35,0
Chennai,2019-04-07,32.333,0
Chennai,2019-04-08,54.523,0
Chennai,2019-04-09,37.03,0
Chennai,2019-04-10,59.544,0
Chennai,2019-04-11,56.017,0
Chennai,2019-04-12,37.179,0
Chennai,2019-04-13,36.178,0
Chennai,2019-04-14,31.904,0
Chennai,2019-04-15,24.235,0
Chennai,2019-04-16,19.477,0
Chennai,2019-04-17,17.269,0
Chennai,2019-04-18,12.945,0
Chennai,2019-04-19,25.411,0
Chennai,2019-04-20,24.989,0
Chennai,2019-04-21,29.321,0
Chennai,2019-04-22,24.748,0
Chennai,2019-04-23,29.817,0
Chennai,2019-04-24,29.522,0
Chennai,2019-04-25,31.546,0
Chennai,2019-04-26,35.103,0
Chennai,2019-04-27,25.576,0
Chennai,2019-04-28,26.742,0
Chennai,2019-04-29,26.397,0
Chennai,2019-04-30,35.357,0
Chennai,2019-05-01,29.988,0
Chennai,2019-05-02,30.486,0
Chennai,2019-05-03,30.39,0
Chennai,2019-05-04,37.24,0
Chennai,2019-05-05,38.896,0
Chennai,2019-05-06,38.075,0
Chennai,2019-05-07,38.628,0
Chennai,2019-05-08,42.784,0
Chennai,2019-05-09,35.594,0
Chennai,2019-05-10,38.392,0
Chennai,2019-05-11,65.302,1
Chennai,2019-05-12,51.796,0
Chennai,2019-05-13,66.571,1
Chennai,2019-05-14,66.847,1
Chennai,2019-05-15,55.189,0
Chennai,2019-05-16,44.665,0
Chennai,2019-05-17,41.394,0
Chennai,2019-05-18,39.71,0
Chennai,2019-05-19,36.381,0
Chennai,2019-05-20,22.722,0
Chennai,2019-05-21,23.34,0
Chennai,2019-05-22,27.06,0
Chennai,2019-05-23,45.916,0
Chennai,2019-05-24,47.34,0
Chennai,2019-05-25,47.845,0
Chennai,2019-05-26,48.619,0
Chennai,2019-05-27,45.571,0
Chennai,2019-05-28,74.161,1
Chennai,2019-05-29,54.735,0
Chennai,2019-05-30,65.195,1
Chennai,2019-05-31,53.407,0
Chennai,2019-06-01,45.726,0
Chennai,2019-06-02,57.969,0
Chennai,2019-06-03,58.154,0
Chennai,2019-06-04,60.532,1
Chennai,2019-06-05,52.588,0
Chennai,2019-06-06,54.057,0
Chennai,2019-06-07,42.32,0
Chennai,2019-06-08,55.839,0
Chennai,2019-06-09,47.852,0
Chennai,2019-06-10,54.9,0
Chennai,2019-06-11,51.787,0
Chennai,2019-06-12,51.478,0
Chennai,2019-06-13,37.776,0
Chennai,2019-06-14,41.026,0
Chennai,2019-06-15,53.311,0
Chennai,2019-06-16,42.087,0
Chennai,2019-06-17,56.122,0
Chennai,2019-06-18,56.795,0
Chennai,2019-06-19,41.22,0
Chennai,2019-06-20,36.82,0
Chennai,2019-06-21,36.699,0
Chennai,2019-06-22,39.317,0
Chennai,2019-06-23,33.86,0
Chennai,2019-06-24,29.797,0
Chennai,2019-06-25,103.161,1
Chennai,2019-06-26,45.524,0
Chennai,2019-06-27,35.111,0
Chennai,2019-06-28,45.164,0
Chennai,2019-06-29,59.218,0
Chennai,2019-06-30,47.807,0
Chennai,2019-07-01,33.284,0
Chennai,2019-07-02,52.554,0
Chennai,2019-07-03,92.829,1
Chennai,2019-07-04,49.994,0
Chennai,2019-07-05,97.962,1
Chennai,2019-07-06,37.943,0
Chennai,2019-07-07,48.121,0
Chennai,2019-07-08,51.95,0
Chennai,2019-07-09,45.606,0
Chennai,2019-07-10,30.642,0
Chennai,2019-07-11,36.618,0
Chennai,2019-07-12,50.022,0
Chennai,2019-07-13,34.541,0
Chennai,2019-07-14,47.455,0
Chennai,2019-07-15,40.19,0
Chennai,2019-07-16,30.163,0
Chennai,2019-07-17,43.751,0
Chennai,2019-07-18,48.575,0
Chennai,2019-07-19,30.569,0
Chennai,2019-07-20,35.629,0
Chennai,2019-07-21,28.742,0
Chennai,2019-07-22,27.565,0
Chennai,2019-07-23,31.04,0
Chennai,2019-07-24,29.767,0
Chennai,2019-07-25,45.129,0
Chennai,2019-07-26,23.217,0
Chennai,2019-07-27,25.941,0
Chennai,2019-07-28,32.289,0
Chennai,2019-07-29,28.066,0
Chennai,2019-07-30,36.63,0
Chennai,2019-07-31,33.188,0
Chennai,2019-08-01,34.12,0
Chennai,2019-08-02,51.083,0
Chennai,2019-08-03,51.836,0
Chennai,2019-08-04,42.226,0
Chennai,2019-08-05,52.819,0
Chennai,2019-08-06,26.193,0
Chennai,2019-08-07,21.067,0
Chennai,2019-08-08,24.991,0
Chennai,2019-08-09,22.606,0
Chennai,2019-08-10,22.659,0
Chennai,2019-08-11,16.677,0
Chennai,2019-08-12,18.65,0
Chennai,2019-08-13,21.827,0
Chennai,2019-08-14,25.505,0
Chennai,2019-08-15,19.008,0
Chennai,2019-08-16,26.434,0
Chennai,2019-08-17,13.028,0
Chennai,2019-08-18,13.195,0
Chennai,2019-08-19,22.639,0
Chennai,2019-08-20,27.063,0
Chennai,2019-08-21,29.21,0
Chennai,2019-08-22,31.434,0
Chennai,2019-08-23,25.892,0
Chennai,2019-08-24,17.578,0
Chennai,2019-08-25,22.354,0
Chennai,2019-08-26,17.465,0
Chennai,2019-08-27,18.64,0
Chennai,2019-08-28,20.574,0
Chennai,2019-08-29,25.151,0
Chennai,2019-08-30,22.868,0
Chennai,2019-08-31,27.112,0
Chennai,2019-09-01,26.906,0
Chennai,2019-09-02,30.645,0
Chennai,2019-09-03,29.691,0
Chennai,2019-09-04,35.061,0
Chennai,2019-09-05,22.294,0
Chennai,2019-09-06,25.836,0
Chennai,2019-09-07,26.373,0
Chennai,2019-09-08,22.62,0
Chennai,2019-09-09,37.51,0
Chennai,2019-09-10,37.847,0
Chennai,2019-09-11,39.26,0
Chennai,2019-09-12,23.587,0
Chennai,2019-09-13,27.365,0
Chennai,2019-09-14,23.446,0
Chennai,2019-09-15,20.82,0
Chennai,2019-09-16,28.741,0
Chennai,2019-09-17,22.591,0
Chennai,2019-09-18,26.984,0
Chennai,2019-09-19,23.179,0
Chennai,2019-09-20,38.037,0
Chennai,2019-09-21,33.437,0
Chennai,2019-09-22,43.67,0
Chennai,2019-09-23,61.941,1
Chennai,2019-09-24,35.029,0
Chennai,2019-09-25,16.9,0
Chennai,2019-09-26,14.27,0
Chennai,2019-09-27,17.763,0
Chennai,2019-09-28,20.99,0
Chennai,2019-09-29,25.872,0
Chennai,2019-09-30,23.018,0
Chennai,2019-10-01,41.82,0
Chennai,2019-10-02,32.398,0
Chennai,2019-10-03,31.104,0
Chennai,2019-10-04,23.486,0
Chennai,2019-10-05,47.402,0
Chennai,2019-10-06,19.317,0
Chennai,2019-10-07,58.644,0
Chennai,2019-10-08,36.561,0
Chennai,2019-10-09,24.503,0
Chennai,2019-10-10,21.135,0
Chennai,2019-10-11,21.203,0
Chennai,2019-10-12,16.339,0
Chennai,2019-10-13,14.928,0
Chennai,2019-10-14,21.145,0
Chennai,2019-10-15,20.335,0
Chennai,2019-10-16,17.58,0
Chennai,2019-10-17,30.949,0
Chennai,2019-10-18,31.997,0
Chennai,2019-10-19,31.765,0
Chennai,2019-10-20,35.029,0
Chennai,2019-10-21,26.551,0
Chennai,2019-10-22,28.472,0
Chennai,2019-10-23,40.0,0
Chennai,2019-10-24,35.34,0
Chennai,2019-10-25,46.482,0
Chennai,2019-10-26,95.487,1
Chennai,2019-10-27,153.735,1
Chennai,2019-10-28,54.132,0
Chennai,2019-10-29,31.222,0
Chennai,2019-10-30,34.649,0
Chennai,2019-10-31,87.993,1
Chennai,2019-11-01,40.78,0
Chennai,2019-11-02,34.455,0
Chennai,2019-11-03,70.945,1
Chennai,2019-11-04,115.345,1
Chennai,2019-11-05,98.832,1
Chennai,2019-11-06,105.936,1
Chennai,2019-11-07,121.433,1
Chennai,2019-11-08,142.902,1
Chennai,2019-11-09,96.798,1
Chennai,2019-11-10,93.131,1
Chennai,2019-11-11,61.447,1
Chennai,2019-11-12,31.317,0
Chennai,2019-11-13,37.233,0
Chennai,2019-11-14,19.182,0
Chennai,2019-11-15,21.991,0
Chennai,2019-11-16,44.91,0
Chennai,2019-11-17,56.903,0
Chennai,2019-11-18,26.908,0
Chennai,2019-11-19,28.521,0
Chennai,2019-11-20,20.95,0
Chennai,2019-11-21,33.55,0
Chennai,2019-11-22,31.164,0
Chennai,2019-11-23,46.049,0
Chennai,2019-11-24,59.643,0
Chennai,2019-11-25,44.808,0
Chennai,2019-11-26,53.335,0
Chennai,2019-11-27,37.8,0
Chennai,2019-11-28,30.563,0
Chennai,2019-11-29,21.077,0
Chennai,2019-11-30,18.453,0
Chennai,2019-12-01,17.79,0
Chennai,2019-12-02,21.17,0
Chennai,2019-12-03,36.165,0
Chennai,2019-12-04,37.56,0
Chennai,2019-12-05,62.41,1
Chennai,2019-12-06,53.678,0
Chennai,2019-12-07,34.819,0
Chennai,2019-12-08,35.411,0
Chennai,2019-12-09,27.57,0
Chennai,2019-12-10,37.719,0
Chennai,2019-12-11,36.546,0
Chennai,2019-12-12,27.777,0
Chennai,2019-12-13,34.157,0
Chennai,2019-12-14,40.777,0
Chennai,2019-12-15,35.598,0
Chennai,2019-12-16,31.23,0
Chennai,2019-12-17,44.038,0
Chennai,2019-12-18,48.072,0
Chennai,2019-12-19,52.285,0
Chennai,2019-12-20,65.452,1
Chennai,2019-12-21,72.57,1
Chennai,2019-12-22,57.735,0
Chennai,2019-12-23,52.749,0
Chennai,2019-12-24,53.508,0
Chennai,2019-12-25,54.365,0
Chennai,2019-12-26,58.429,0
Chennai,2019-12-27,31.88,0
Chennai,2019-12-28,36.937,0
Chennai,2019-12-29,52.48,0
Chennai,2019-12-30,38.738,0
Chennai,2019-12-31,45.488,0
Chennai,2020-01-01,28.253,0
Chennai,2020-01-02,27.588,0
Chennai,2020-01-03,32.163,0
Chennai,2020-01-04,30.49,0
Chennai,2020-01-05,23.366,0
Chennai,2020-01-06,19.45,0
Chennai,2020-01-07,33.54,0
Chennai,2020-01-08,42.224,0
Chennai,2020-01-09,42.158,0
Chennai,2020-01-10,40.765,0
Chennai,2020-01-11,39.814,0
Chennai,2020-01-12,58.381,0
Chennai,2020-01-13,74.12,1
Chennai,2020-01-14,122.876,1
Chennai,2020-01-15,48.055,0
Chennai,2020-01-16,34.088,0
Chennai,2020-01-17,35.334,0
Chennai,2020-01-18,28.675,0
Chennai,2020-01-19,31.17,0
Chennai,2020-01-20,37.657,0
Chennai,2020-01-21,44.91,0
Chennai,2020-01-22,47.948,0
Chennai,2020-01-23,59.952,0
Chennai,2020-01-24,62.34,1
Chennai,2020-01-25,50.48,0
Chennai,2020-01-26,41.741,0
Chennai,2020-01-27,47.264,0
Chennai,2020-01-28,53.663,0
Chennai,2020-01-29,52.287,0
Chennai,2020-01-30,43.815,0
Chennai,2020-01-31,36.557,0
Chennai,2020-02-01,32.396,0
Chennai,2020-02-02,30.578,0
Chennai,2020-02-03,37.525,0
Chennai,2020-02-04,39.597,0
Chennai,2020-02-05,39.932,0
Chennai,2020-02-06,40.05,0
Chennai,2020-02-07,36.324,0
Chennai,2020-02-08,28.452,0
Chennai,2020-02-09,28.096,0
Chennai,2020-02-10,35.415,0
Chennai,2020-02-11,29.118,0
Chennai,2020-02-12,32.169,0
Chennai,2020-02-13,49.482,0
Chennai,2020-02-14,56.848,0
Chennai,2020-02-15,54.818,0
Chennai,2020-02-16,35.131,0
Chennai,2020-02-17,34.245,0
Chennai,2020-02-18,41.493,0
Chennai,2020-02-19,42.946,0
Chennai,2020-02-20,35.519,0
Chennai,2020-02-21,38.881,0
Chennai,2020-02-22,29.197,0
Chennai,2020-02-23,28.752,0
Chennai,2020-02-24,31.065,0
Chennai,2020-02-25,33.898,0
Chennai,2020-02-26,39.25,0
Chennai,2020-02-27,42.969,0
Chennai,2020-02-28,33.082,0
Chennai,2020-02-29,36.152,0
Chennai,2020-03-01,35.992,0
Chennai,2020-03-02,43.595,0
Chennai,2020-03-03,42.156,0
Chennai,2020-03-04,33.29,0
Chennai,2020-03-05,26.688,0
Chennai,2020-03-06,24.948,0
Chennai,2020-03-07,30.936,0
Chennai,2020-03-08,21.854,0
Chennai,2020-03-09,25.925,0
Chennai,2020-03-10,27.372,0
Chennai,2020-03-11,16.688,0
Chennai,2020-03-12,24.944,0
Chennai,2020-03-13,35.645,0
Chennai,2020-03-14,39.292,0
Chennai,2020-03-15,38.477,0
Chennai,2020-03-16,33.263,0
Chennai,2020-03-17,41.563,0
Chennai,2020-03-18,39.413,0
Chennai,2020-03-19,44.729,0
Chennai,2020-03-20,32.684,0
Chennai,2020-03-21,29.105,0
Chennai,2020-03-22,39.422,0
Chennai,2020-03-23,31.906,0
Chennai,2020-03-24,24.22,0
Chennai,2020-03-25,22.435,0
Chennai,2020-03-26,31.567,0
Chennai,2020-03-27,27.605,0
Chennai,2020-03-28,34.806,0
Chennai,2020-03-29,26.791,0
Chennai,2020-03-30,29.307,0
Chennai,2020-03-31,31.556,0
Chennai,2020-04-01,32.943,0
Chennai,2020-04-02,31.168,0
Chennai,2020-04-03,24.812,0
Chennai,2020-04-04,20.765,0
Chennai,2020-04-05,21.594,0
Chennai,2020-04-06,14.27,0
Chennai,2020-04-07,11.902,0
Chennai,2020-04-08,14.773,0
Chennai,2020-04-09,14.706,0
Chennai,2020-04-10,41.015,0
Chennai,2020-04-11,15.659,0
Chennai,2020-04-12,14.859,0
Chennai,2020-04-13,17.953,0
Chennai,2020-04-14,17.874,0
Chennai,2020-04-15,14.637,0
Chennai,2020-04-16,20.302,0
Chennai,2020-04-17,8.425,0
Chennai,2020-04-18,8.941,0
Chennai,2020-04-19,8.1,0
Chennai,2020-04-20,9.706,0
Chennai,2020-04-21,10.674,0
Chennai,2020-04-22,12.653,0
Chennai,2020-04-23,8.06,0
Chennai,2020-04-24,8.08,0
Chennai,2020-04-25,10.463,0
Chennai,2020-04-26,10.759,0
Chennai,2020-04-27,10.46,0
Chennai,2020-04-28,6.545,0
Chennai,2020-04-29,11.11,0
Chennai,2020-04-30,10.393,0
Chennai,2020-05-01,14.129,0
Chennai,2020-05-02,13.08,0
Chennai,2020-05-03,11.666,0
Chennai,2020-05-04,7.032,0
Chennai,2020-05-05,19.685,0
Chennai,2020-05-06,10.114,0
Chennai,2020-05-07,11.232,0
Chennai,2020-05-08,11.72,0
Chennai,2020-05-09,9.986,0
Chennai,2020-05-10,9.639,0
Chennai,2020-05-11,8.355,0
Chennai,2020-05-12,8.824,0
Chennai,2020-05-13,15.57,0
Chennai,2020-05-14,8.717,0
Chennai,2020-05-15,20.249,0
Chennai,2020-05-16,28.71,0
Chennai,2020-05-17,10.994,0
Chennai,2020-05-18,18.485,0
Chennai,2020-05-19,28.064,0
Chennai,2020-05-20,30.385,0
Chennai,2020-05-21,27.01,0
Chennai,2020-05-22,23.019,0
Chennai,2020-05-23,21.243,0
Chennai,2020-05-24,22.784,0
Chennai,2020-05-25,25.202,0
Chennai,2020-05-26,27.822,0
Chennai,2020-05-27,19.996,0
Chennai,2020-05-28,31.03,0
Chennai,2020-05-29,38.297,0
Chennai,2020-05-30,33.994,0
Chennai,2020-05-31,18.854,0
Chennai,2020-06-01,36.154,0
Chennai,2020-06-02,18.83,0
Chennai,2020-06-03,20.613,0
Chennai,2020-06-04,18.502,0
Chennai,2020-06-05,18.527,0
Chennai,2020-06-06,40.733,0
Chennai,2020-06-07,20.525,0
Chennai,2020-06-08,23.036,0
Chennai,2020-06-09,22.426,0
Chennai,2020-06-10,30.422,0
Chennai,2020-06-11,26.365,0
Chennai,2020-06-12,104.448,1
Chennai,2020-06-13,20.758,0
Chennai,2020-06-14,20.166,0
Chennai,2020-06-15,19.341,0
Chennai,2020-06-16,24.099,0
Chennai,2020-06-17,32.366,0
Chennai,2020-06-18,23.889,0
Chennai,2020-06-19,29.796,0
Chennai,2020-06-20,89.92,1
Chennai,2020-06-21,26.529,0
Chennai,2020-06-22,23.551,0
Chennai,2020-06-23,18.949,0
Chennai,2020-06-24,28.828,0
Chennai,2020-06-25,23.134,0
Chennai,2020-06-26,23.75,0
Chennai,2020-06-27,26.422,0
Chennai,2020-06-28,25.925,0
Chennai,2020-06-29,21.298,0
Chennai,2020-06-30,24.138,0
Delhi,2015-01-01,313.223,1
Delhi,2015-01-02,186.178,1
Delhi,2015-01-03,87.177,1
Delhi,2015-01-04,151.84,1
Delhi,2015-01-05,146.598,1
Delhi,2015-01-06,149.579,1
Delhi,2015-01-07,217.869,1
Delhi,2015-01-08,229.897,1
Delhi,2015-01-09,201.662,1
Delhi,2015-01-10,221.022,1
Delhi,2015-01-11,205.411,1
Delhi,2015-01-12,212.415,1
Delhi,2015-01-13,197.614,1
Delhi,2015-01-14,164.39,1
Delhi,2015-01-15,163.96,1
Delhi,2015-01-16,174.981,1
Delhi,2015-01-17,196.465,1
Delhi,2015-01-18,201.51,1
Delhi,2015-01-19,183.352,1
Delhi,2015-01-20,165.629,1
Delhi,2015-01-21,159.542,1
Delhi,2015-01-22,143.678,1
Delhi,2015-01-23,128.727,1
Delhi,2015-01-24,164.982,1
Delhi,2015-01-25,148.585,1
Delhi,2015-01-26,129.338,1
Delhi,2015-01-27,154.197,1
Delhi,2015-01-28,134.603,1
Delhi,2015-01-29,173.13,1
Delhi,2015-01-30,178.035,1
Delhi,2015-01-31,158.593,1
Delhi,2015-02-01,211.591,1
Delhi,2015-02-02,163.638,1
Delhi,2015-02-03,157.709,1
Delhi,2015-02-04,137.259,1
Delhi,2015-02-05,131.764,1
Delhi,2015-02-06,151.597,1
Delhi,2015-02-07,160.75,1
Delhi,2015-02-08,145.341,1
Delhi,2015-02-09,134.667,1
Delhi,2015-02-10,153.069,1
Delhi,2015-02-11,116.905,1
Delhi,2015-02-12,177.983,1
Delhi,2015-02-13,167.007,1
Delhi,2015-02-14,193.957,1
Delhi,2015-02-15,184.063,1
Delhi,2015-02-16,152.623,1
Delhi,2015-02-17,161.272,1
Delhi,2015-02-18,188.205,1
Delhi,2015-02-19,159.972,1
Delhi,2015-02-20,144.117,1
Delhi,2015-02-21,155.377,1
Delhi,2015-02-22,124.104,1
Delhi,2015-02-23,141.391,1
Delhi,2015-02-24,170.161,1
Delhi,2015-02-25,148.186,1
Delhi,2015-02-26,140.776,1
Delhi,2015-02-27,130.421,1
Delhi,2015-02-28,105.86,1
Delhi,2015-03-01,71.828,1
Delhi,2015-03-02,53.712,0
Delhi,2015-03-03,83.487,1
Delhi,2015-03-04,91.075,1
Delhi,2015-03-05,106.571,1
Delhi,2015-03-06,101.753,1
Delhi,2015-03-07,77.575,1
Delhi,2015-03-08,63.238,1
Delhi,2015-03-09,76.625,1
Delhi,2015-03-10,86.7,1
Delhi,2015-03-11,104.294,1
Delhi,2015-03-12,115.928,1
Delhi,2015-03-13,108.663,1
Delhi,2015-03-14,67.94,1
Delhi,2015-03-15,38.885,0
Delhi,2015-03-16,45.387,0
Delhi,2015-03-17,55.548,0
Delhi,2015-03-18,50.587,0
Delhi,2015-03-19,69.508,1
Delhi,2015-03-20,96.621,1
Delhi,2015-03-21,96.279,1
Delhi,2015-03-22,72.197,1
Delhi,2015-03-23,78.474,1
Delhi,2015-03-24,91.866,1
Delhi,2015-03-25,107.263,1
Delhi,2015-03-26,109.782,1
Delhi,2015-03-27,62.267,1
Delhi,2015-03-28,102.22,1
Delhi,2015-03-29,104.36,1
Delhi,2015-03-30,44.191,0
Delhi,2015-03-31,55.665,0
Delhi,2015-04-01,112.862,1
Delhi,2015-04-02,78.505,1
Delhi,2015-04-03,66.516,1
Delhi,2015-04-04,62.557,1
Delhi,2015-04-05,78.609,1
Delhi,2015-04-06,119.704,1
Delhi,2015-04-07,66.089,1
Delhi,2015-04-08,95.335,1
Delhi,2015-04-09,63.571,1
Delhi,2015-04-10,96.559,1
Delhi,2015-04-11,131.39,1
Delhi,2015-04-12,75.346,1
Delhi,2015-04-13,86.494,1
Delhi,2015-04-14,77.068,1
Delhi,2015-04-15,98.791,1
Delhi,2015-04-16,81.81,1
Delhi,2015-04-17,65.784,1
Delhi,2015-04-18,119.822,1
Delhi,2015-04-19,125.527,1
Delhi,2015-04-20,121.506,1
Delhi,2015-04-21,114.505,1
Delhi,2015-04-22,101.828,1
Delhi,2015-04-23,118.574,1
Delhi,2015-04-24,143.222,1
Delhi,2015-04-25,106.759,1
Delhi,2015-04-26,65.355,1
Delhi,2015-04-27,67.079,1
Delhi,2015-04-28,81.37,1
Delhi,2015-04-29,63.762,1
Delhi,2015-04-30,60.563,1
Delhi,2015-05-01,76.097,1
Delhi,2015-05-02,72.664,1
Delhi,2015-05-03,121.936,1
Delhi,2015-05-04,108.984,1
Delhi,2015-05-05,145.988,1
Delhi,2015-05-06,171.331,1
Delhi,2015-05-07,117.756,1
Delhi,2015-05-08,90.657,1
Delhi,2015-05-09,106.395,1
Delhi,2015-05-10,101.21,1
Delhi,2015-05-11,97.565,1
Delhi,2015-05-12,96.341,1
Delhi,2015-05-13,83.423,1
Delhi,2015-05-14,78.055,1
Delhi,2015-05-15,97.87,1
Delhi,2015-05-16,77.523,1
Delhi,2015-05-17,97.16,1
Delhi,2015-05-18,66.85,1
Delhi,2015-05-19,89.853,1
Delhi,2015-05-20,67.409,1
Delhi,2015-05-21,75.543,1
Delhi,2015-05-22,67.913,1
Delhi,2015-05-23,69.017,1
Delhi,2015-05-24,79.102,1
Delhi,2015-05-25,117.274,1
Delhi,2015-05-26,96.089,1
Delhi,2015-05-27,84.714,1
Delhi,2015-05-28,182.759,1
Delhi,2015-05-29,106.605,1
Delhi,2015-05-30,92.679,1
Delhi,2015-05-31,73.618,1
Delhi,2015-06-01,49.42,0
Delhi,2015-06-02,52.511,0
Delhi,2015-06-03,65.278,1
Delhi,2015-06-04,85.454,1
Delhi,2015-06-05,83.022,1
Delhi,2015-06-06,44.535,0
Delhi,2015-06-07,85.029,1
Delhi,2015-06-08,137.696,1
Delhi,2015-06-09,136.051,1
Delhi,2015-06-10,63.767,1
Delhi,2015-06-11,115.573,1
Delhi,2015-06-12,83.292,1
Delhi,2015-06-13,73.695,1
Delhi,2015-06-14,74.556,1
Delhi,2015-06-15,106.105,1
Delhi,2015-06-16,132.208,1
Delhi,2015-06-17,123.56,1
Delhi,2015-06-18,132.205,1
Delhi,2015-06-19,110.645,1
Delhi,2015-06-20,80.307,1
Delhi,2015-06-21,60.012,1
Delhi,2015-06-22,85.398,1
Delhi,2015-06-23,101.992,1
Delhi,2015-06-24,126.072,1
Delhi,2015-06-25,37.593,0
Delhi,2015-06-26,76.002,1
Delhi,2015-06-27,69.463,1
Delhi,2015-06-28,79.84,1
Delhi,2015-06-29,48.496,0
Delhi,2015-06-30,53.79,0
Delhi,2015-07-01,57.992,0
Delhi,2015-07-02,67.123,1
Delhi,2015-07-03,65.252,1
Delhi,2015-07-04,88.745,1
Delhi,2015-07-05,135.92,1
Delhi,2015-07-06,60.266,1
Delhi,2015-07-07,52.196,0
Delhi,2015-07-08,67.918,1
Delhi,2015-07-09,65.949,1
Delhi,2015-07-10,47.683,0
Delhi,2015-07-11,29.08,0
Delhi,2015-07-12,32.285,0
Delhi,2015-07-13,36.683,0
Delhi,2015-07-14,44.481,0
Delhi,2015-07-15,63.79,1
Delhi,2015-07-16,77.196,1
Delhi,2015-07-17,77.986,1
Delhi,2015-07-18,71.106,1
Delhi,2015-07-19,67.394,1
Delhi,2015-07-20,49.577,0
Delhi,2015-07-21,40.968,0
Delhi,2015-07-22,38.973,0
Delhi,2015-07-23,34.015,0
Delhi,2015-07-24,46.131,0
Delhi,2015-07-25,46.012,0
Delhi,2015-07-26,29.81,0
Delhi,2015-07-27,22.821,0
Delhi,2015-07-28,24.687,0
Delhi,2015-07-29,29.037,0
Delhi,2015-07-30,25.756,0
Delhi,2015-07-31,37.851,0
Delhi,2015-08-01,41.322,0
Delhi,2015-08-02,47.812,0
Delhi,2015-08-03,56.021,0
Delhi,2015-08-04,54.465,0
Delhi,2015-08-05,59.125,0
Delhi,2015-08-06,65.466,1
Delhi,2015-08-07,64.578,1
Delhi,2015-08-08,70.049,1
Delhi,2015-08-09,55.508,0
Delhi,2015-08-10,82.267,1
Delhi,2015-08-11,77.038,1
Delhi,2015-08-12,52.448,0
Delhi,2015-08-13,61.657,1
Delhi,2015-08-14,65.67,1
Delhi,2015-08-15,51.405,0
Delhi,2015-08-16,55.714,0
Delhi,2015-08-17,61.835,1
Delhi,2015-08-18,60.648,1
Delhi,2015-08-19,34.417,0
Delhi,2015-08-20,40.827,0
Delhi,2015-08-21,50.967,0
Delhi,2015-08-22,46.74,0
Delhi,2015-08-23,44.666,0
Delhi,2015-08-24,37.385,0
Delhi,2015-08-25,52.057,0
Delhi,2015-08-26,57.519,0
Delhi,2015-08-27,61.473,1
Delhi,2015-08-28,77.755,1
Delhi,2015-08-29,68.532,1
Delhi,2015-08-30,57.854,0
Delhi,2015-08-31,51.666,0
Delhi,2015-09-01,73.782,1
Delhi,2015-09-02,97.627,1
Delhi,2015-09-03,99.498,1
Delhi,2015-09-04,97.31,1
Delhi,2015-09-05,76.432,1
Delhi,2015-09-06,61.686,1
Delhi,2015-09-07,55.19,0
Delhi,2015-09-08,63.79,1
Delhi,2015-09-09,58.483,0
Delhi,2015-09-10,60.292,1
Delhi,2015-09-11,67.352,1
Delhi,2015-09-12,87.546,1
Delhi,2015-09-13,84.568,1
Delhi,2015-09-14,111.578,1
Delhi,2015-09-15,108.783,1
Delhi,2015-09-16,91.178,1
Delhi,2015-09-17,104.846,1
Delhi,2015-09-18,56.19,0
Delhi,2015-09-19,67.618,1
Delhi,2015-09-20,64.383,1
Delhi,2015-09-21,45.646,0
Delhi,2015-09-22,35.749,0
Delhi,2015-09-23,34.893,0
Delhi,2015-09-24,63.063,1
Delhi,2015-09-25,82.391,1
Delhi,2015-09-26,88.076,1
Delhi,2015-09-27,89.745,1
Delhi,2015-09-28,69.57,1
Delhi,2015-09-29,68.339,1
Delhi,2015-09-30,61.077,1
Delhi,2015-10-01,85.704,1
Delhi,2015-10-02,97.625,1
Delhi,2015-10-03,103.578,1
Delhi,2015-10-04,145.97,1
Delhi,2015-10-05,180.523,1
Delhi,2015-10-06,151.566,1
Delhi,2015-10-07,144.036,1
Delhi,2015-10-08,148.435,1
Delhi,2015-10-09,130.217,1
Delhi,2015-10-10,147.711,1
Delhi,2015-10-11,111.34,1
Delhi,2015-10-12,100.702,1
Delhi,2015-10-13,97.668,1
Delhi,2015-10-14,75.812,1
Delhi,2015-10-15,95.242,1
Delhi,2015-10-16,148.291,1
Delhi,2015-10-18,156.707,1
Delhi,2015-10-19,170.28,1
Delhi,2015-10-20,198.102,1
Delhi,2015-10-21,158.037,1
Delhi,2015-10-22,116.977,1
Delhi,2015-10-23,143.729,1
Delhi,2015-10-24,169.221,1
Delhi,2015-10-25,147.649,1
Delhi,2015-10-26,101.61,1
Delhi,2015-10-27,113.196,1
Delhi,2015-10-28,112.894,1
Delhi,2015-10-29,95.723,1
Delhi,2015-10-30,108.395,1
Delhi,2015-10-31,245.973,1
Delhi,2015-11-01,277.532,1
Delhi,2015-11-02,232.402,1
Delhi,2015-11-03,244.777,1
Delhi,2015-11-04,293.49,1
Delhi,2015-11-05,161.78,1
Delhi,2015-11-06,153.33,1
Delhi,2015-11-07,353.858,1
Delhi,2015-11-08,217.554,1
Delhi,2015-11-09,201.444,1
Delhi,2015-11-10,249.945,1
Delhi,2015-11-11,219.678,1
Delhi,2015-11-12,258.48,1
Delhi,2015-11-13,291.657,1
Delhi,2015-11-14,221.685,1
Delhi,2015-11-15,214.236,1
Delhi,2015-11-16,184.024,1
Delhi,2015-11-17,136.22,1
Delhi,2015-11-18,188.093,1
Delhi,2015-11-19,238.695,1
Delhi,2015-11-20,271.416,1
Delhi,2015-11-21,293.735,1
Delhi,2015-11-22,247.27,1
Delhi,2015-11-23,266.953,1
Delhi,2015-11-24,241.613,1
Delhi,2015-11-25,149.137,1
Delhi,2015-11-26,182.498,1
Delhi,2015-11-27,193.578,1
Delhi,2015-11-28,172.894,1
Delhi,2015-11-29,190.464,1
Delhi,2015-11-30,282.76,1
Delhi,2015-12-01,183.282,1
Delhi,2015-12-02,170.742,1
Delhi,2015-12-03,190.139,1
Delhi,2015-12-04,186.644,1
Delhi,2015-12-05,282.007,1
Delhi,2015-12-06,218.223,1
Delhi,2015-12-07,249.798,1
Delhi,2015-12-08,283.591,1
Delhi,2015-12-09,250.692,1
Delhi,2015-12-10,211.954,1
Delhi,2015-12-11,198.379,1
Delhi,2015-12-12,184.119,1
Delhi,2015-12-13,135.417,1
Delhi,2015-12-14,118.6,1
Delhi,2015-12-15,88.297,1
Delhi,2015-12-16,111.453,1
Delhi,2015-12-17,152.243,1
Delhi,2015-12-18,136.748,1
Delhi,2015-12-19,114.349,1
Delhi,2015-12-20,181.668,1
Delhi,2015-12-21,135.784,1
Delhi,2015-12-22,204.72,1
Delhi,2015-12-23,321.518,1
Delhi,2015-12-24,129.075,1
Delhi,2015-12-25,132.556,1
Delhi,2015-12-26,158.691,1
Delhi,2015-12-27,187.01,1
Delhi,2015-12-28,148.775,1
Delhi,2015-12-29,159.668,1
Delhi,2015-12-30,233.97,1
Delhi,2015-12-31,240.969,1
Delhi,2016-01-01,295.711,1
Delhi,2016-01-02,239.212,1
Delhi,2016-01-03,270.099,1
Delhi,2016-01-04,339.801,1
Delhi,2016-01-05,318.098,1
Delhi,2016-01-06,305.505,1
Delhi,2016-01-07,391.542,1
Delhi,2016-01-08,339.871,1
Delhi,2016-01-09,158.43,1
Delhi,2016-01-10,183.239,1
Delhi,2016-01-11,227.131,1
Delhi,2016-01-12,195.21,1
Delhi,2016-01-13,248.593,1
Delhi,2016-01-14,196.87,1
Delhi,2016-01-15,178.804,1
Delhi,2016-01-16,138.863,1
Delhi,2016-01-17,179.483,1
Delhi,2016-01-18,269.05,1
Delhi,2016-01-19,278.195,1
Delhi,2016-01-20,272.105,1
Delhi,2016-01-21,196.827,1
Delhi,2016-01-22,290.658,1
Delhi,2016-01-23,294.295,1
Delhi,2016-01-24,303.505,1
Delhi,2016-01-25,217.054,1
Delhi,2016-01-26,308.753,1
Delhi,2016-01-27,255.943,1
Delhi,2016-01-28,283.027,1
Delhi,2016-01-29,311.084,1
Delhi,2016-01-30,285.827,1
Delhi,2016-01-31,242.05,1
Delhi,2016-02-01,121.403,1
Delhi,2016-02-02,135.308,1
Delhi,2016-02-03,136.866,1
Delhi,2016-02-04,130.758,1
Delhi,2016-02-05,206.722,1
Delhi,2016-02-06,224.945,1
Delhi,2016-02-07,170.452,1
Delhi,2016-02-08,119.57,1
Delhi,2016-02-09,181.758,1
Delhi,2016-02-10,216.552,1
Delhi,2016-02-11,150.003,1
Delhi,2016-02-12,146.025,1
Delhi,2016-02-13,110.892,1
Delhi,2016-02-14,103.57,1
Delhi,2016-02-15,115.704,1
Delhi,2016-02-16,123.222,1
Delhi,2016-02-17,135.385,1
Delhi,2016-02-18,148.749,1
Delhi,2016-02-19,207.098,1
Delhi,2016-02-20,150.89,1
Delhi,2016-02-21,76.115,1
Delhi,2016-02-22,88.728,1
Delhi,2016-02-23,86.171,1
Delhi,2016-02-24,177.644,1
Delhi,2016-02-25,131.691,1
Delhi,2016-02-26,129.664,1
Delhi,2016-02-27,144.982,1
Delhi,2016-02-28,163.916,1
Delhi,2016-02-29,170.118,1
Delhi,2016-03-01,213.622,1
Delhi,2016-03-02,175.63,1
Delhi,2016-03-03,165.224,1
Delhi,2016-03-04,115.552,1
Delhi,2016-03-05,53.0,0
Delhi,2016-03-06,47.433,0
Delhi,2016-03-07,98.612,1
Delhi,2016-03-08,84.415,1
Delhi,2016-03-09,112.626,1
Delhi,2016-03-10,129.899,1
Delhi,2016-03-11,85.761,1
Delhi,2016-03-12,60.166,1
Delhi,2016-03-13,58.952,0
Delhi,2016-03-15,81.318,1
Delhi,2016-03-16,67.628,1
Delhi,2016-03-17,70.865,1
Delhi,2016-03-18,72.47,1
Delhi,2016-03-19,103.727,1
Delhi,2016-03-20,95.524,1
Delhi,2016-03-21,58.401,0
Delhi,2016-03-22,47.429,0
Delhi,2016-03-23,80.012,1
Delhi,2016-03-24,156.01,1
Delhi,2016-03-25,137.991,1
Delhi,2016-03-26,72.437,1
Delhi,2016-03-27,61.749,1
Delhi,2016-03-28,81.457,1
Delhi,2016-03-29,89.754,1
Delhi,2016-03-30,88.678,1
Delhi,2016-03-31,127.862,1
Delhi,2016-04-01,130.701,1
Delhi,2016-04-02,118.444,1
Delhi,2016-04-03,148.22,1
Delhi,2016-04-04,132.865,1
Delhi,2016-04-05,97.828,1
Delhi,2016-04-06,91.82,1
Delhi,2016-04-07,129.613,1
Delhi,2016-04-08,89.779,1
Delhi,2016-04-09,166.758,1
Delhi,2016-04-10,107.811,1
Delhi,2016-04-11,81.115,1
Delhi,2016-04-12,74.03,1
Delhi,2016-04-13,74.897,1
Delhi,2016-04-14,94.812,1
Delhi,2016-04-15,137.476,1
Delhi,2016-04-16,123.404,1
Delhi,2016-04-17,104.002,1
Delhi,2016-04-18,102.899,1
Delhi,2016-04-19,129.062,1
Delhi,2016-04-20,124.797,1
Delhi,2016-04-21,92.745,1
Delhi,2016-04-22,113.75,1
Delhi,2016-04-23,89.52,1
Delhi,2016-04-24,123.592,1
Delhi,2016-04-25,104.502,1
Delhi,2016-04-26,139.371,1
Delhi,2016-04-27,162.544,1
Delhi,2016-04-28,161.228,1
Delhi,2016-04-29,181.489,1
Delhi,2016-04-30,142.643,1
Delhi,2016-05-01,124.212,1
Delhi,2016-05-02,119.468,1
Delhi,2016-05-03,125.362,1
Delhi,2016-05-04,103.075,1
Delhi,2016-05-05,65.019,1
Delhi,2016-05-06,54.343,0
Delhi,2016-05-07,77.885,1
Delhi,2016-05-08,90.192,1
Delhi,2016-05-09,77.339,1
Delhi,2016-05-10,73.552,1
Delhi,2016-05-11,66.493,1
Delhi,2016-05-12,100.086,1
Delhi,2016-05-13,99.88,1
Delhi,2016-05-14,105.506,1
Delhi,2016-05-15,128.846,1
Delhi,2016-05-16,94.893,1
Delhi,2016-05-17,92.952,1
Delhi,2016-05-18,117.641,1
Delhi,2016-05-19,94.217,1
Delhi,2016-05-20,70.859,1
Delhi,2016-05-21,78.017,1
Delhi,2016-05-22,66.297,1
Delhi,2016-05-23,87.314,1
Delhi,2016-05-24,57.348,0
Delhi,2016-05-25,105.023,1
Delhi,2016-05-26,111.224,1
Delhi,2016-05-27,180.707,1
Delhi,2016-05-28,109.818,1
Delhi,2016-05-30,56.872,0
Delhi,2016-05-31,101.543,1
Delhi,2016-06-01,76.556,1
Delhi,2016-06-02,81.398,1
Delhi,2016-06-03,138.966,1
Delhi,2016-06-04,137.81,1
Delhi,2016-06-05,77.724,1
Delhi,2016-06-06,84.61,1
Delhi,2016-06-07,66.718,1
Delhi,2016-06-08,64.076,1
Delhi,2016-06-09,64.955,1
Delhi,2016-06-10,75.75,1
Delhi,2016-06-11,69.249,1
Delhi,2016-06-12,70.707,1
Delhi,2016-06-13,96.719,1
Delhi,2016-06-14,59.018,0
Delhi,2016-06-15,102.417,1
Delhi,2016-06-16,62.372,1
Delhi,2016-06-17,67.763,1
Delhi,2016-06-18,79.17,1
Delhi,2016-06-19,101.31,1
Delhi,2016-06-20,83.098,1
Delhi,2016-06-21,72.33,1
Delhi,2016-06-22,75.138,1
Delhi,2016-06-23,91.633,1
Delhi,2016-06-24,100.02,1
Delhi,2016-06-25,67.117,1
Delhi,2016-06-26,48.0,0
Delhi,2016-06-27,76.759,1
Delhi,2016-06-28,80.892,1
Delhi,2016-06-29,60.669,1
Delhi,2016-06-30,69.649,1
Delhi,2016-07-01,58.207,0
Delhi,2016-07-02,57.236,0
Delhi,2016-07-03,67.598,1
Delhi,2016-07-04,57.095,0
Delhi,2016-07-05,68.706,1
Delhi,2016-07-06,77.711,1
Delhi,2016-07-07,54.496,0
Delhi,2016-07-08,54.959,0
Delhi,2016-07-09,52.95,0
Delhi,2016-07-10,59.132,0
Delhi,2016-07-11,60.917,1
Delhi,2016-07-12,39.325,0
Delhi,2016-07-13,71.535,1
Delhi,2016-07-14,73.511,1
Delhi,2016-07-15,52.882,0
Delhi,2016-07-16,50.99,0
Delhi,2016-07-17,81.018,1
Delhi,2016-07-18,44.085,0
Delhi,2016-07-19,42.139,0
Delhi,2016-07-20,56.862,0
Delhi,2016-07-21,45.643,0
Delhi,2016-07-22,48.362,0
Delhi,2016-07-25,76.289,1
Delhi,2016-07-26,54.501,0
Delhi,2016-07-27,40.55,0
Delhi,2016-07-28,46.437,0
Delhi,2016-07-29,56.16,0
Delhi,2016-07-30,42.701,0
Delhi,2016-07-31,48.029,0
Delhi,2016-08-01,43.473,0
Delhi,2016-08-02,43.555,0
Delhi,2016-08-03,50.86,0
Delhi,2016-08-04,49.042,0
Delhi,2016-08-05,39.301,0
Delhi,2016-08-06,43.86,0
Delhi,2016-08-07,42.841,0
Delhi,2016-08-08,44.04,0
Delhi,2016-08-09,41.288,0
Delhi,2016-08-10,39.282,0
Delhi,2016-08-11,30.655,0
Delhi,2016-08-12,42.152,0
Delhi,2016-08-13,56.452,0
Delhi,2016-08-14,40.807,0
Delhi,2016-08-15,39.507,0
Delhi,2016-08-16,48.957,0
Delhi,2016-08-17,62.194,1
Delhi,2016-08-18,55.547,0
Delhi,2016-08-19,59.03,0
Delhi,2016-08-20,48.57,0
Delhi,2016-08-21,28.006,0
Delhi,2016-08-22,28.601,0
Delhi,2016-08-23,38.988,0
Delhi,2016-08-24,43.352,0
Delhi,2016-08-25,45.883,0
Delhi,2016-08-26,54.128,0
Delhi,2016-08-27,56.558,0
Delhi,2016-08-28,57.095,0
Delhi,2016-08-29,54.735,0
Delhi,2016-08-30,48.928,0
Delhi,2016-08-31,37.1,0
Delhi,2016-09-01,28.064,0
Delhi,2016-09-02,44.313,0
Delhi,2016-09-03,46.773,0
Delhi,2016-09-04,57.635,0
Delhi,2016-09-05,45.372,0
Delhi,2016-09-06,50.424,0
Delhi,2016-09-07,50.731,0
Delhi,2016-09-08,71.715,1
Delhi,2016-09-09,87.987,1
Delhi,2016-09-10,45.701,0
Delhi,2016-09-11,45.892,0
Delhi,2016-09-12,49.7,0
Delhi,2016-09-13,57.085,0
Delhi,2016-09-14,47.358,0
Delhi,2016-09-15,79.992,1
Delhi,2016-09-16,67.107,1
Delhi,2016-09-17,81.899,1
Delhi,2016-09-18,86.162,1
Delhi,2016-09-19,75.024,1
Delhi,2016-09-20,94.233,1
Delhi,2016-09-21,89.625,1
Delhi,2016-09-22,32.726,0
Delhi,2016-09-23,55.64,0
Delhi,2016-09-24,56.462,0
Delhi,2016-09-25,56.635,0
Delhi,2016-09-26,89.09,1
Delhi,2016-09-29,101.841,1
Delhi,2016-09-30,84.334,1
Delhi,2016-10-01,117.283,1
Delhi,2016-10-02,81.873,1
Delhi,2016-10-03,103.118,1
Delhi,2016-10-04,159.804,1
Delhi,2016-10-05,81.708,1
Delhi,2016-10-06,117.863,1
Delhi,2016-10-07,114.057,1
Delhi,2016-10-08,132.106,1
Delhi,2016-10-09,144.468,1
Delhi,2016-10-10,125.797,1
Delhi,2016-10-11,134.843,1
Delhi,2016-10-12,114.304,1
Delhi,2016-10-13,86.929,1
Delhi,2016-10-14,94.831,1
Delhi,2016-10-15,144.975,1
Delhi,2016-10-16,132.007,1
Delhi,2016-10-17,149.352,1
Delhi,2016-10-18,161.49,1
Delhi,2016-10-19,140.572,1
Delhi,2016-10-20,135.896,1
Delhi,2016-10-21,161.11,1
Delhi,2016-10-22,140.925,1
Delhi,2016-10-23,182.14,1
Delhi,2016-10-24,164.513,1
Delhi,2016-10-25,115.765,1
Delhi,2016-10-26,209.273,1
Delhi,2016-10-27,296.27,1
Delhi,2016-10-28,318.575,1
Delhi,2016-10-29,350.387,1
Delhi,2016-10-30,355.769,1
Delhi,2016-10-31,434.922,1
Delhi,2016-11-01,394.586,1
Delhi,2016-11-02,537.961,1
Delhi,2016-11-03,482.4,1
Delhi,2016-11-04,342.453,1
Delhi,2016-11-05,588.393,1
Delhi,2016-11-06,685.364,1
Delhi,2016-11-07,488.566,1
Delhi,2016-11-08,338.379,1
Delhi,2016-11-09,307.081,1
Delhi,2016-11-10,291.706,1
Delhi,2016-11-11,295.884,1
Delhi,2016-11-12,277.665,1
Delhi,2016-11-13,228.159,1
Delhi,2016-11-14,194.196,1
Delhi,2016-11-15,236.09,1
Delhi,2016-11-16,291.978,1
Delhi,2016-11-17,351.469,1
Delhi,2016-11-18,237.205,1
Delhi,2016-11-19,285.709,1
Delhi,2016-11-20,323.742,1
Delhi,2016-11-21,340.613,1
Delhi,2016-11-22,281.76,1
Delhi,2016-11-23,174.562,1
Delhi,2016-11-24,216.1,1
Delhi,2016-11-25,136.208,1
Delhi,2016-11-26,113.304,1
Delhi,2016-11-27,128.697,1
Delhi,2016-11-28,127.502,1
Delhi,2016-11-29,236.582,1
Delhi,2016-11-30,246.246,1
Delhi,2016-12-01,263.611,1
Delhi,2016-12-02,263.246,1
Delhi,2016-12-03,196.598,1
Delhi,2016-12-04,223.298,1
Delhi,2016-12-05,204.603,1
Delhi,2016-12-06,293.91,1
Delhi,2016-12-07,283.606,1
Delhi,2016-12-08,238.208,1
Delhi,2016-12-09,295.622,1
Delhi,2016-12-10,189.094,1
Delhi,2016-12-11,199.121,1
Delhi,2016-12-12,210.278,1
Delhi,2016-12-13,209.913,1
Delhi,2016-12-14,154.553,1
Delhi,2016-12-15,167.642,1
Delhi,2016-12-16,200.782,1
Delhi,2016-12-17,229.351,1
Delhi,2016-12-18,232.334,1
Delhi,2016-12-19,236.245,1
Delhi,2016-12-20,161.921,1
Delhi,2016-12-21,131.949,1
Delhi,2016-12-22,187.295,1
Delhi,2016-12-23,364.152,1
Delhi,2016-12-24,411.801,1
Delhi,2016-12-25,232.405,1
Delhi,2016-12-26,154.261,1
Delhi,2016-12-27,213.202,1
Delhi,2016-12-28,273.815,1
Delhi,2016-12-29,339.96,1
Delhi,2016-12-30,231.097,1
Delhi,2016-12-31,211.165,1
Delhi,2017-01-01,191.497,1
Delhi,2017-01-02,247.791,1
Delhi,2017-01-03,255.325,1
Delhi,2017-01-04,248.009,1
Delhi,2017-01-05,215.415,1
Delhi,2017-01-06,194.121,1
Delhi,2017-01-07,154.523,1
Delhi,2017-01-08,136.977,1
Delhi,2017-01-09,141.885,1
Delhi,2017-01-10,108.265,1
Delhi,2017-01-11,146.041,1
Delhi,2017-01-12,216.729,1
Delhi,2017-01-13,232.37,1
Delhi,2017-01-14,309.279,1
Delhi,2017-01-15,222.66,1
Delhi,2017-01-16,188.085,1
Delhi,2017-01-17,177.666,1
Delhi,2017-01-18,218.625,1
Delhi,2017-01-19,227.677,1
Delhi,2017-01-20,217.547,1
Delhi,2017-01-21,349.983,1
Delhi,2017-01-22,286.603,1
Delhi,2017-01-23,189.447,1
Delhi,2017-01-24,230.936,1
Delhi,2017-01-25,241.782,1
Delhi,2017-01-26,135.866,1
Delhi,2017-01-27,74.918,1
Delhi,2017-01-28,109.131,1
Delhi,2017-01-29,132.349,1
Delhi,2017-01-30,166.708,1
Delhi,2017-01-31,214.227,1
Delhi,2017-02-01,136.018,1
Delhi,2017-02-02,198.244,1
Delhi,2017-02-03,194.991,1
Delhi,2017-02-04,186.65,1
Delhi,2017-02-05,146.486,1
Delhi,2017-02-06,176.045,1
Delhi,2017-02-07,77.847,1
Delhi,2017-02-08,129.098,1
Delhi,2017-02-09,133.115,1
Delhi,2017-02-10,120.428,1
Delhi,2017-02-11,129.092,1
Delhi,2017-02-12,166.55,1
Delhi,2017-02-13,130.623,1
Delhi,2017-02-14,168.959,1
Delhi,2017-02-15,183.984,1
Delhi,2017-02-16,163.86,1
Delhi,2017-02-17,112.017,1
Delhi,2017-02-18,107.135,1
Delhi,2017-02-19,109.38,1
Delhi,2017-02-20,126.735,1
Delhi,2017-02-21,106.915,1
Delhi,2017-02-22,93.03,1
Delhi,2017-02-23,182.295,1
Delhi,2017-02-24,451.251,1
Delhi,2017-02-25,425.223,1
Delhi,2017-02-26,328.231,1
Delhi,2017-02-27,178.496,1
Delhi,2017-02-28,149.727,1
Delhi,2017-03-01,127.903,1
Delhi,2017-03-02,114.683,1
Delhi,2017-03-03,67.834,1
Delhi,2017-03-04,82.318,1
Delhi,2017-03-05,90.598,1
Delhi,2017-03-06,91.599,1
Delhi,2017-03-07,112.408,1
Delhi,2017-03-08,134.398,1
Delhi,2017-03-09,106.454,1
Delhi,2017-03-10,68.881,1
Delhi,2017-03-11,37.491,0
Delhi,2017-03-12,64.423,1
Delhi,2017-03-13,74.577,1
Delhi,2017-03-14,102.462,1
Delhi,2017-03-15,112.715,1
Delhi,2017-03-16,125.798,1
Delhi,2017-03-17,114.065,1
Delhi,2017-03-18,96.389,1
Delhi,2017-03-19,120.431,1
Delhi,2017-03-20,121.214,1
Delhi,2017-03-21,128.51,1
Delhi,2017-03-22,120.875,1
Delhi,2017-03-23,151.175,1
Delhi,2017-03-24,149.42,1
Delhi,2017-03-25,168.23,1
Delhi,2017-03-26,118.34,1
Delhi,2017-03-27,156.377,1
Delhi,2017-03-28,152.656,1
Delhi,2017-03-29,113.617,1
Delhi,2017-03-30,69.435,1
Delhi,2017-03-31,91.19,1
Delhi,2017-04-01,105.713,1
Delhi,2017-04-02,83.362,1
Delhi,2017-04-03,70.617,1
Delhi,2017-04-04,84.398,1
Delhi,2017-04-05,47.671,0
Delhi,2017-04-06,62.44,1
Delhi,2017-04-07,150.76,1
Delhi,2017-04-08,151.252,1
Delhi,2017-04-09,68.881,1
Delhi,2017-04-10,129.148,1
Delhi,2017-04-11,146.59,1
Delhi,2017-04-12,107.692,1
Delhi,2017-04-13,163.965,1
Delhi,2017-04-14,184.693,1
Delhi,2017-04-15,176.541,1
Delhi,2017-04-16,175.228,1
Delhi,2017-04-17,145.216,1
Delhi,2017-04-18,152.843,1
Delhi,2017-04-19,136.347,1
Delhi,2017-04-20,152.991,1
Delhi,2017-04-21,130.135,1
Delhi,2017-04-22,110.542,1
Delhi,2017-04-23,103.418,1
Delhi,2017-04-24,99.088,1
Delhi,2017-04-25,96.073,1
Delhi,2017-04-26,72.309,1
Delhi,2017-04-27,93.14,1
Delhi,2017-04-28,109.36,1
Delhi,2017-04-29,126.738,1
Delhi,2017-04-30,80.812,1
Delhi,2017-05-01,85.795,1
Delhi,2017-05-02,198.203,1
Delhi,2017-05-03,145.743,1
Delhi,2017-05-04,109.914,1
Delhi,2017-05-05,207.404,1
Delhi,2017-05-06,204.556,1
Delhi,2017-05-07,220.773,1
Delhi,2017-05-08,183.816,1
Delhi,2017-05-09,109.758,1
Delhi,2017-05-10,74.423,1
Delhi,2017-05-11,94.275,1
Delhi,2017-05-12,216.96,1
Delhi,2017-05-13,198.086,1
Delhi,2017-05-14,121.756,1
Delhi,2017-05-15,135.535,1
Delhi,2017-05-16,123.21,1
Delhi,2017-05-17,78.182,1
Delhi,2017-05-18,126.042,1
Delhi,2017-05-19,139.097,1
Delhi,2017-05-20,233.821,1
Delhi,2017-05-21,178.439,1
Delhi,2017-05-22,110.102,1
Delhi,2017-05-23,118.427,1
Delhi,2017-05-24,107.371,1
Delhi,2017-05-25,113.897,1
Delhi,2017-05-26,103.747,1
Delhi,2017-05-27,69.882,1
Delhi,2017-05-28,40.331,0
Delhi,2017-05-29,48.949,0
Delhi,2017-05-30,63.272,1
Delhi,2017-05-31,56.382,0
Delhi,2017-06-01,95.233,1
Delhi,2017-06-02,123.437,1
Delhi,2017-06-03,122.196,1
Delhi,2017-06-04,121.105,1
Delhi,2017-06-05,71.888,1
Delhi,2017-06-06,80.367,1
Delhi,2017-06-07,40.873,0
Delhi,2017-06-08,42.031,0
Delhi,2017-06-09,66.729,1
Delhi,2017-06-11,43.021,0
Delhi,2017-06-12,57.396,0
Delhi,2017-06-13,48.604,0
Delhi,2017-06-16,51.604,0
Delhi,2017-06-17,41.958,0
Delhi,2017-06-18,65.188,1
Delhi,2017-06-19,60.896,1
Delhi,2017-06-20,35.104,0
Delhi,2017-06-21,58.271,0
Delhi,2017-06-24,63.625,1
Delhi,2017-06-25,76.104,1
Delhi,2017-06-26,51.521,0
Delhi,2017-06-27,36.625,0
Delhi,2017-06-28,29.833,0
Delhi,2017-06-29,22.979,0
Delhi,2017-06-30,25.833,0
Delhi,2017-07-01,43.354,0
Delhi,2017-07-02,20.521,0
Delhi,2017-07-03,46.708,0
Delhi,2017-07-04,116.125,1
Delhi,2017-07-05,50.813,0
Delhi,2017-07-06,47.167,0
Delhi,2017-07-07,41.417,0
Delhi,2017-07-08,45.313,0
Delhi,2017-07-09,58.458,0
Delhi,2017-07-10,41.917,0
Delhi,2017-07-11,33.042,0
Delhi,2017-07-12,22.354,0
Delhi,2017-07-13,22.438,0
Delhi,2017-07-14,30.354,0
Delhi,2017-07-15,32.021,0
Delhi,2017-07-16,38.771,0
Delhi,2017-07-17,33.563,0
Delhi,2017-07-18,37.667,0
Delhi,2017-07-19,55.958,0
Delhi,2017-07-20,28.875,0
Delhi,2017-07-21,23.125,0
Delhi,2017-07-22,18.542,0
Delhi,2017-07-23,22.646,0
Delhi,2017-07-24,17.521,0
Delhi,2017-07-25,22.167,0
Delhi,2017-07-26,20.167,0
Delhi,2017-07-27,24.417,0
Delhi,2017-07-28,25.708,0
Delhi,2017-07-29,27.25,0
Delhi,2017-07-30,10.875,0
Delhi,2017-07-31,17.104,0
Delhi,2017-08-01,17.24,0
Delhi,2017-08-02,27.563,0
Delhi,2017-08-03,27.292,0
Delhi,2017-08-04,42.646,0
Delhi,2017-08-05,53.688,0
Delhi,2017-08-06,61.438,1
Delhi,2017-08-07,57.417,0
Delhi,2017-08-08,36.583,0
Delhi,2017-08-09,50.417,0
Delhi,2017-08-10,48.604,0
Delhi,2017-08-11,21.833,0
Delhi,2017-08-15,30.125,0
Delhi,2017-08-16,35.229,0
Delhi,2017-08-17,39.604,0
Delhi,2017-08-18,46.25,0
Delhi,2017-08-19,35.479,0
Delhi,2017-08-20,22.146,0
Delhi,2017-08-23,38.979,0
Delhi,2017-08-25,52.325,0
Delhi,2017-08-30,21.4,0
Delhi,2017-08-31,41.615,0
Delhi,2017-09-01,25.58,0
Delhi,2017-09-02,19.311,0
Delhi,2017-09-03,38.187,0
Delhi,2017-09-04,43.039,0
Delhi,2017-09-05,33.149,0
Delhi,2017-09-06,38.048,0
Delhi,2017-09-07,40.345,0
Delhi,2017-09-08,51.703,0
Delhi,2017-09-09,54.832,0
Delhi,2017-09-10,60.455,1
Delhi,2017-09-11,63.971,1
Delhi,2017-09-12,46.655,0
Delhi,2017-09-13,54.774,0
Delhi,2017-09-14,80.469,1
Delhi,2017-09-15,64.371,1
Delhi,2017-09-16,51.555,0
Delhi,2017-09-17,53.05,0
Delhi,2017-09-18,60.825,1
Delhi,2017-09-19,55.553,0
Delhi,2017-09-20,70.807,1
Delhi,2017-09-21,54.247,0
Delhi,2017-09-22,10.784,0
Delhi,2017-09-23,17.76,0
Delhi,2017-09-24,35.503,0
Delhi,2017-09-25,50.093,0
Delhi,2017-09-26,66.121,1
Delhi,2017-09-27,80.942,1
Delhi,2017-09-28,75.396,1
Delhi,2017-09-29,89.38,1
Delhi,2017-09-30,74.198,1
Delhi,2017-10-01,68.471,1
Delhi,2017-10-02,63.41,1
Delhi,2017-10-03,69.447,1
Delhi,2017-10-04,76.812,1
Delhi,2017-10-05,75.734,1
Delhi,2017-10-06,79.815,1
Delhi,2017-10-07,70.985,1
Delhi,2017-10-08,102.2,1
Delhi,2017-10-09,107.628,1
Delhi,2017-10-10,105.884,1
Delhi,2017-10-11,104.45,1
Delhi,2017-10-12,106.846,1
Delhi,2017-10-13,137.42,1
Delhi,2017-10-14,147.07,1
Delhi,2017-10-15,147.831,1
Delhi,2017-10-16,152.609,1
Delhi,2017-10-17,121.7,1
Delhi,2017-10-18,152.16,1
Delhi,2017-10-19,176.173,1
Delhi,2017-10-20,426.517,1
Delhi,2017-10-21,213.116,1
Delhi,2017-10-22,146.011,1
Delhi,2017-10-23,163.35,1
Delhi,2017-10-24,188.238,1
Delhi,2017-10-25,203.032,1
Delhi,2017-10-26,178.909,1
Delhi,2017-10-27,167.542,1
Delhi,2017-10-28,198.375,1
Delhi,2017-10-29,187.824,1
Delhi,2017-10-30,196.368,1
Delhi,2017-10-31,211.64,1
Delhi,2017-11-01,179.167,1
Delhi,2017-11-02,160.686,1
Delhi,2017-11-03,168.155,1
Delhi,2017-11-04,190.326,1
Delhi,2017-11-05,209.609,1
Delhi,2017-11-06,216.531,1
Delhi,2017-11-07,517.927,1
Delhi,2017-11-08,639.194,1
Delhi,2017-11-09,495.897,1
Delhi,2017-11-10,370.729,1
Delhi,2017-11-11,363.772,1
Delhi,2017-11-12,465.082,1
Delhi,2017-11-13,354.558,1
Delhi,2017-11-14,254.361,1
Delhi,2017-11-15,192.039,1
Delhi,2017-11-16,191.574,1
Delhi,2017-11-17,150.793,1
Delhi,2017-11-18,143.512,1
Delhi,2017-11-19,128.648,1
Delhi,2017-11-20,171.338,1
Delhi,2017-11-21,178.079,1
Delhi,2017-11-22,177.41,1
Delhi,2017-11-23,175.563,1
Delhi,2017-11-24,187.97,1
Delhi,2017-11-25,185.313,1
Delhi,2017-11-26,224.375,1
Delhi,2017-11-27,198.341,1
Delhi,2017-11-28,167.735,1
Delhi,2017-11-29,215.168,1
Delhi,2017-11-30,219.839,1
Delhi,2017-12-01,190.452,1
Delhi,2017-12-02,208.87,1
Delhi,2017-12-03,240.875,1
Delhi,2017-12-04,261.82,1
Delhi,2017-12-05,230.559,1
Delhi,2017-12-06,120.913,1
Delhi,2017-12-07,88.947,1
Delhi,2017-12-08,115.08,1
Delhi,2017-12-09,165.765,1
Delhi,2017-12-10,230.34,1
Delhi,2017-12-11,218.874,1
Delhi,2017-12-12,109.18,1
Delhi,2017-12-13,134.994,1
Delhi,2017-12-14,126.673,1
Delhi,2017-12-15,127.569,1
Delhi,2017-12-16,100.717,1
Delhi,2017-12-17,95.585,1
Delhi,2017-12-18,115.189,1
Delhi,2017-12-19,168.334,1
Delhi,2017-12-20,283.237,1
Delhi,2017-12-21,293.142,1
Delhi,2017-12-22,157.715,1
Delhi,2017-12-23,117.72,1
Delhi,2017-12-24,203.181,1
Delhi,2017-12-25,258.999,1
Delhi,2017-12-26,224.425,1
Delhi,2017-12-27,224.267,1
Delhi,2017-12-28,249.167,1
Delhi,2017-12-29,227.275,1
Delhi,2017-12-30,273.563,1
Delhi,2017-12-31,306.166,1
Delhi,2018-01-01,303.408,1
Delhi,2018-01-02,277.477,1
Delhi,2018-01-03,217.01,1
Delhi,2018-01-04,248.542,1
Delhi,2018-01-05,240.42,1
Delhi,2018-01-06,252.565,1
Delhi,2018-01-07,191.66,1
Delhi,2018-01-08,152.985,1
Delhi,2018-01-09,233.097,1
Delhi,2018-01-10,186.259,1
Delhi,2018-01-11,154.645,1
Delhi,2018-01-12,168.87,1
Delhi,2018-01-13,230.499,1
Delhi,2018-01-14,191.47,1
Delhi,2018-01-15,177.713,1
Delhi,2018-01-16,133.565,1
Delhi,2018-01-17,235.058,1
Delhi,2018-01-18,276.253,1
Delhi,2018-01-19,253.698,1
Delhi,2018-01-20,152.327,1
Delhi,2018-01-21,153.613,1
Delhi,2018-01-22,202.107,1
Delhi,2018-01-23,160.791,1
Delhi,2018-01-24,130.165,1
Delhi,2018-01-25,111.752,1
Delhi,2018-01-26,128.448,1
Delhi,2018-01-27,155.198,1
Delhi,2018-01-28,150.958,1
Delhi,2018-01-29,162.48,1
Delhi,2018-01-30,126.843,1
Delhi,2018-01-31,123.481,1
Delhi,2018-02-01,157.331,1
Delhi,2018-02-02,140.347,1
Delhi,2018-02-03,115.047,1
Delhi,2018-02-04,133.799,1
Delhi,2018-02-05,163.599,1
Delhi,2018-02-06,143.295,1
Delhi,2018-02-07,131.489,1
Delhi,2018-02-08,186.192,1
Delhi,2018-02-09,203.334,1
Delhi,2018-02-10,209.697,1
Delhi,2018-02-11,148.133,1
Delhi,2018-02-12,72.363,1
Delhi,2018-02-13,103.926,1
Delhi,2018-02-14,76.923,1
Delhi,2018-02-15,94.487,1
Delhi,2018-02-16,123.191,1
Delhi,2018-02-17,127.8,1
Delhi,2018-02-18,127.27,1
Delhi,2018-02-19,172.545,1
Delhi,2018-02-20,167.164,1
Delhi,2018-02-21,172.992,1
Delhi,2018-02-22,159.667,1
Delhi,2018-02-23,163.75,1
Delhi,2018-02-24,164.196,1
Delhi,2018-02-25,106.256,1
Delhi,2018-02-26,67.274,1
Delhi,2018-02-27,85.531,1
Delhi,2018-02-28,143.249,1
Delhi,2018-03-01,120.71,1
Delhi,2018-03-02,139.183,1
Delhi,2018-03-03,98.253,1
Delhi,2018-03-04,79.833,1
Delhi,2018-03-05,76.958,1
Delhi,2018-03-06,75.445,1
Delhi,2018-03-07,87.618,1
Delhi,2018-03-08,139.885,1
Delhi,2018-03-09,134.76,1
Delhi,2018-03-10,75.674,1
Delhi,2018-03-11,88.303,1
Delhi,2018-03-12,105.29,1
Delhi,2018-03-13,109.215,1
Delhi,2018-03-14,116.622,1
Delhi,2018-03-15,108.981,1
Delhi,2018-03-16,111.671,1
Delhi,2018-03-17,81.575,1
Delhi,2018-03-18,82.152,1
Delhi,2018-03-19,81.932,1
Delhi,2018-03-20,109.987,1
Delhi,2018-03-21,133.534,1
Delhi,2018-03-22,83.401,1
Delhi,2018-03-23,64.198,1
Delhi,2018-03-24,78.396,1
Delhi,2018-03-25,85.339,1
Delhi,2018-03-26,85.902,1
Delhi,2018-03-27,111.262,1
Delhi,2018-03-28,117.782,1
Delhi,2018-03-29,95.983,1
Delhi,2018-03-30,96.45,1
Delhi,2018-03-31,101.594,1
Delhi,2018-04-01,75.138,1
Delhi,2018-04-02,96.381,1
Delhi,2018-04-03,101.183,1
Delhi,2018-04-04,111.821,1
Delhi,2018-04-05,152.563,1
Delhi,2018-04-06,100.502,1
Delhi,2018-04-07,48.459,0
Delhi,2018-04-08,50.271,0
Delhi,2018-04-09,49.556,0
Delhi,2018-04-10,93.885,1
Delhi,2018-04-11,48.613,0
Delhi,2018-04-12,46.207,0
Delhi,2018-04-13,83.96,1
Delhi,2018-04-14,97.158,1
Delhi,2018-04-15,107.362,1
Delhi,2018-04-16,119.746,1
Delhi,2018-04-17,81.966,1
Delhi,2018-04-18,73.435,1
Delhi,2018-04-19,89.493,1
Delhi,2018-04-20,100.009,1
Delhi,2018-04-21,119.235,1
Delhi,2018-04-22,62.063,1
Delhi,2018-04-23,76.11,1
Delhi,2018-04-24,108.638,1
Delhi,2018-04-25,117.563,1
Delhi,2018-04-26,142.819,1
Delhi,2018-04-27,107.473,1
Delhi,2018-04-28,84.133,1
Delhi,2018-04-29,89.101,1
Delhi,2018-04-30,79.305,1
Delhi,2018-05-01,54.882,0
Delhi,2018-05-02,66.742,1
Delhi,2018-05-03,47.25,0
Delhi,2018-05-04,49.093,0
Delhi,2018-05-05,74.815,1
Delhi,2018-05-06,110.48,1
Delhi,2018-05-07,111.946,1
Delhi,2018-05-08,61.0,1
Delhi,2018-05-09,71.988,1
Delhi,2018-05-10,93.448,1
Delhi,2018-05-11,132.395,1
Delhi,2018-05-12,144.332,1
Delhi,2018-05-13,80.636,1
Delhi,2018-05-14,49.221,0
Delhi,2018-05-15,67.234,1
Delhi,2018-05-16,78.744,1
Delhi,2018-05-17,105.994,1
Delhi,2018-05-18,96.96,1
Delhi,2018-05-19,103.98,1
Delhi,2018-05-20,83.658,1
Delhi,2018-05-21,71.248,1
Delhi,2018-05-22,91.165,1
Delhi,2018-05-23,129.233,1
Delhi,2018-05-24,114.128,1
Delhi,2018-05-25,83.883,1
Delhi,2018-05-26,103.022,1
Delhi,2018-05-27,97.367,1
Delhi,2018-05-28,117.562,1
Delhi,2018-05-29,112.598,1
Delhi,2018-05-30,65.755,1
Delhi,2018-05-31,71.988,1
Delhi,2018-06-01,79.984,1
Delhi,2018-06-02,52.601,0
Delhi,2018-06-03,59.524,0
Delhi,2018-06-04,64.417,1
Delhi,2018-06-05,61.717,1
Delhi,2018-06-06,57.683,0
Delhi,2018-06-07,73.767,1
Delhi,2018-06-08,76.776,1
Delhi,2018-06-09,52.792,0
Delhi,2018-06-10,67.02,1
Delhi,2018-06-11,73.217,1
Delhi,2018-06-12,141.279,1
Delhi,2018-06-13,261.766,1
Delhi,2018-06-14,225.486,1
Delhi,2018-06-15,153.282,1
Delhi,2018-06-16,127.322,1
Delhi,2018-06-17,84.469,1
Delhi,2018-06-18,61.056,1
Delhi,2018-06-19,52.765,0
Delhi,2018-06-20,67.548,1
Delhi,2018-06-21,76.976,1
Delhi,2018-06-22,83.981,1
Delhi,2018-06-23,81.334,1
Delhi,2018-06-24,54.153,0
Delhi,2018-06-25,46.902,0
Delhi,2018-06-26,29.983,0
Delhi,2018-06-27,52.479,0
Delhi,2018-06-28,30.072,0
Delhi,2018-06-29,37.105,0
Delhi,2018-06-30,41.408,0
Delhi,2018-07-01,34.176,0
Delhi,2018-07-02,34.242,0
Delhi,2018-07-03,44.552,0
Delhi,2018-07-04,45.759,0
Delhi,2018-07-05,50.408,0
Delhi,2018-07-06,57.117,0
Delhi,2018-07-07,61.929,1
Delhi,2018-07-08,68.198,1
Delhi,2018-07-09,70.475,1
Delhi,2018-07-10,47.478,0
Delhi,2018-07-11,39.78,0
Delhi,2018-07-12,46.533,0
Delhi,2018-07-13,28.436,0
Delhi,2018-07-14,33.824,0
Delhi,2018-07-15,37.761,0
Delhi,2018-07-16,37.319,0
Delhi,2018-07-17,34.256,0
Delhi,2018-07-18,37.76,0
Delhi,2018-07-19,35.038,0
Delhi,2018-07-20,37.263,0
Delhi,2018-07-21,50.212,0
Delhi,2018-07-22,25.808,0
Delhi,2018-07-23,32.394,0
Delhi,2018-07-24,39.302,0
Delhi,2018-07-25,34.705,0
Delhi,2018-07-26,32.215,0
Delhi,2018-07-27,21.754,0
Delhi,2018-07-28,37.688,0
Delhi,2018-07-29,44.031,0
Delhi,2018-07-30,39.887,0
Delhi,2018-07-31,50.595,0
Delhi,2018-08-01,55.773,0
Delhi,2018-08-02,71.499,1
Delhi,2018-08-03,65.462,1
Delhi,2018-08-04,69.752,1
Delhi,2018-08-05,63.575,1
Delhi,2018-08-06,50.638,0
Delhi,2018-08-07,44.543,0
Delhi,2018-08-08,36.7,0
Delhi,2018-08-09,36.84,0
Delhi,2018-08-10,46.242,0
Delhi,2018-08-11,32.717,0
Delhi,2018-08-12,25.703,0
Delhi,2018-08-13,32.755,0
Delhi,2018-08-14,46.855,0
Delhi,2018-08-15,43.0,0
Delhi,2018-08-16,36.494,0
Delhi,2018-08-17,32.978,0
Delhi,2018-08-18,32.11,0
Delhi,2018-08-19,47.005,0
Delhi,2018-08-20,61.101,1
Delhi,2018-08-21,30.983,0
Delhi,2018-08-22,29.751,0
Delhi,2018-08-23,31.191,0
Delhi,2018-08-24,23.711,0
Delhi,2018-08-25,21.957,0
Delhi,2018-08-26,23.958,0
Delhi,2018-08-27,24.775,0
Delhi,2018-08-28,29.261,0
Delhi,2018-08-29,36.06,0
Delhi,2018-08-30,41.256,0
Delhi,2018-08-31,47.525,0
Delhi,2018-09-01,45.192,0
Delhi,2018-09-02,40.898,0
Delhi,2018-09-03,42.063,0
Delhi,2018-09-04,55.721,0
Delhi,2018-09-05,39.768,0
Delhi,2018-09-06,49.439,0
Delhi,2018-09-07,42.108,0
Delhi,2018-09-08,35.452,0
Delhi,2018-09-09,29.101,0
Delhi,2018-09-10,36.987,0
Delhi,2018-09-11,28.33,0
Delhi,2018-09-12,28.548,0
Delhi,2018-09-13,27.495,0
Delhi,2018-09-14,31.384,0
Delhi,2018-09-15,37.482,0
Delhi,2018-09-16,43.09,0
Delhi,2018-09-17,55.858,0
Delhi,2018-09-18,54.94,0
Delhi,2018-09-19,58.633,0
Delhi,2018-09-20,73.299,1
Delhi,2018-09-21,46.727,0
Delhi,2018-09-22,24.286,0
Delhi,2018-09-23,30.711,0
Delhi,2018-09-24,21.465,0
Delhi,2018-09-25,21.453,0
Delhi,2018-09-26,42.833,0
Delhi,2018-09-27,71.441,1
Delhi,2018-09-28,83.78,1
Delhi,2018-09-29,92.462,1
Delhi,2018-09-30,69.492,1
Delhi,2018-10-01,65.778,1
Delhi,2018-10-02,76.032,1
Delhi,2018-10-03,63.372,1
Delhi,2018-10-04,97.404,1
Delhi,2018-10-05,121.119,1
Delhi,2018-10-06,78.869,1
Delhi,2018-10-07,81.145,1
Delhi,2018-10-08,118.595,1
Delhi,2018-10-09,103.26,1
Delhi,2018-10-10,93.356,1
Delhi,2018-10-11,70.415,1
Delhi,2018-10-12,67.93,1
Delhi,2018-10-13,132.932,1
Delhi,2018-10-14,91.877,1
Delhi,2018-10-15,115.963,1
Delhi,2018-10-16,139.177,1
Delhi,2018-10-17,137.289,1
Delhi,2018-10-18,143.203,1
Delhi,2018-10-19,137.732,1
Delhi,2018-10-20,168.867,1
Delhi,2018-10-21,141.153,1
Delhi,2018-10-22,121.653,1
Delhi,2018-10-23,119.401,1
Delhi,2018-10-24,174.045,1
Delhi,2018-10-25,168.823,1
Delhi,2018-10-26,203.119,1
Delhi,2018-10-27,206.045,1
Delhi,2018-10-28,205.004,1
Delhi,2018-10-29,231.834,1
Delhi,2018-10-30,263.39,1
Delhi,2018-10-31,225.173,1
Delhi,2018-11-01,236.67,1
Delhi,2018-11-02,205.44,1
Delhi,2018-11-03,159.556,1
Delhi,2018-11-04,97.273,1
Delhi,2018-11-05,361.98,1
Delhi,2018-11-06,177.876,1
Delhi,2018-11-07,175.427,1
Delhi,2018-11-08,420.305,1
Delhi,2018-11-09,300.91,1
Delhi,2018-11-10,288.861,1
Delhi,2018-11-11,256.684,1
Delhi,2018-11-12,271.704,1
Delhi,2018-11-13,265.059,1
Delhi,2018-11-14,136.198,1
Delhi,2018-11-15,98.53,1
Delhi,2018-11-16,138.492,1
Delhi,2018-11-17,135.21,1
Delhi,2018-11-18,166.427,1
Delhi,2018-11-19,179.793,1
Delhi,2018-11-20,224.096,1
Delhi,2018-11-21,209.965,1
Delhi,2018-11-22,139.015,1
Delhi,2018-11-23,187.848,1
Delhi,2018-11-24,107.733,1
Delhi,2018-11-25,133.618,1
Delhi,2018-11-26,200.693,1
Delhi,2018-11-27,205.527,1
Delhi,2018-11-28,193.1,1
Delhi,2018-11-29,205.165,1
Delhi,2018-11-30,190.359,1
Delhi,2018-12-01,147.483,1
Delhi,2018-12-02,164.631,1
Delhi,2018-12-03,178.865,1
Delhi,2018-12-04,211.565,1
Delhi,2018-12-05,181.623,1
Delhi,2018-12-06,218.058,1
Delhi,2018-12-07,193.814,1
Delhi,2018-12-08,202.827,1
Delhi,2018-12-09,226.345,1
Delhi,2018-12-10,264.632,1
Delhi,2018-12-11,274.972,1
Delhi,2018-12-12,209.634,1
Delhi,2018-12-13,94.292,1
Delhi,2018-12-14,113.423,1
Delhi,2018-12-15,122.693,1
Delhi,2018-12-16,150.279,1
Delhi,2018-12-17,182.783,1
Delhi,2018-12-18,204.081,1
Delhi,2018-12-19,205.218,1
Delhi,2018-12-20,258.099,1
Delhi,2018-12-21,252.202,1
Delhi,2018-12-22,326.785,1
Delhi,2018-12-23,401.578,1
Delhi,2018-12-24,378.677,1
Delhi,2018-12-25,268.202,1
Delhi,2018-12-26,240.995,1
Delhi,2018-12-27,290.096,1
Delhi,2018-12-28,249.23,1
Delhi,2018-12-29,248.122,1
Delhi,2018-12-30,336.424,1
Delhi,2018-12-31,319.689,1
Delhi,2019-01-01,287.34,1
Delhi,2019-01-02,331.202,1
Delhi,2019-01-03,355.403,1
Delhi,2019-01-04,246.461,1
Delhi,2019-01-05,262.534,1
Delhi,2019-01-06,174.26,1
Delhi,2019-01-07,181.744,1
Delhi,2019-01-08,156.265,1
Delhi,2019-01-09,143.661,1
Delhi,2019-01-10,165.946,1
Delhi,2019-01-11,278.953,1
Delhi,2019-01-12,311.03,1
Delhi,2019-01-13,272.447,1
Delhi,2019-01-14,94.438,1
Delhi,2019-01-15,134.567,1
Delhi,2019-01-16,271.957,1
Delhi,2019-01-17,358.913,1
Delhi,2019-01-18,237.221,1
Delhi,2019-01-19,262.679,1
Delhi,2019-01-20,314.593,1
Delhi,2019-01-21,175.489,1
Delhi,2019-01-22,53.247,0
Delhi,2019-01-23,135.682,1
Delhi,2019-01-24,130.591,1
Delhi,2019-01-25,81.195,1
Delhi,2019-01-26,101.611,1
Delhi,2019-01-27,136.474,1
Delhi,2019-01-28,126.477,1
Delhi,2019-01-29,141.999,1
Delhi,2019-01-30,206.135,1
Delhi,2019-01-31,204.248,1
Delhi,2019-02-01,178.683,1
Delhi,2019-02-02,177.317,1
Delhi,2019-02-03,131.096,1
Delhi,2019-02-04,144.617,1
Delhi,2019-02-05,256.327,1
Delhi,2019-02-06,177.25,1
Delhi,2019-02-07,65.653,1
Delhi,2019-02-08,72.293,1
Delhi,2019-02-09,82.496,1
Delhi,2019-02-10,143.313,1
Delhi,2019-02-11,173.61,1
Delhi,2019-02-12,208.637,1
Delhi,2019-02-13,198.263,1
Delhi,2019-02-14,153.73,1
Delhi,2019-02-15,123.463,1
Delhi,2019-02-16,112.34,1
Delhi,2019-02-17,99.27,1
Delhi,2019-02-18,109.115,1
Delhi,2019-02-19,126.117,1
Delhi,2019-02-20,102.296,1
Delhi,2019-02-21,73.327,1
Delhi,2019-02-22,73.898,1
Delhi,2019-02-23,56.514,0
Delhi,2019-02-24,89.339,1
Delhi,2019-02-25,92.362,1
Delhi,2019-02-26,59.967,0
Delhi,2019-02-27,47.18,0
Delhi,2019-02-28,96.384,1
Delhi,2019-03-01,93.828,1
Delhi,2019-03-02,109.599,1
Delhi,2019-03-03,62.922,1
Delhi,2019-03-04,105.927,1
Delhi,2019-03-05,68.86,1
Delhi,2019-03-06,83.45,1
Delhi,2019-03-07,104.611,1
Delhi,2019-03-08,92.069,1
Delhi,2019-03-09,73.31,1
Delhi,2019-03-10,73.984,1
Delhi,2019-03-11,82.17,1
Delhi,2019-03-12,57.284,0
Delhi,2019-03-13,89.167,1
Delhi,2019-03-14,111.204,1
Delhi,2019-03-15,74.877,1
Delhi,2019-03-16,68.64,1
Delhi,2019-03-17,93.613,1
Delhi,2019-03-18,100.323,1
Delhi,2019-03-19,103.775,1
Delhi,2019-03-20,89.825,1
Delhi,2019-03-21,112.285,1
Delhi,2019-03-22,38.435,0
Delhi,2019-03-23,55.622,0
Delhi,2019-03-24,53.282,0
Delhi,2019-03-25,65.002,1
Delhi,2019-03-26,75.817,1
Delhi,2019-03-27,78.374,1
Delhi,2019-03-28,116.552,1
Delhi,2019-03-29,112.671,1
Delhi,2019-03-30,102.272,1
Delhi,2019-03-31,58.964,0
Delhi,2019-04-01,59.083,0
Delhi,2019-04-02,90.102,1
Delhi,2019-04-03,85.02,1
Delhi,2019-04-04,119.712,1
Delhi,2019-04-05,125.443,1
Delhi,2019-04-06,96.599,1
Delhi,2019-04-07,152.906,1
Delhi,2019-04-08,81.303,1
Delhi,2019-04-09,87.738,1
Delhi,2019-04-10,101.94,1
Delhi,2019-04-11,70.252,1
Delhi,2019-04-12,61.344,1
Delhi,2019-04-13,55.93,0
Delhi,2019-04-14,51.515,0
Delhi,2019-04-15,54.839,0
Delhi,2019-04-16,59.077,0
Delhi,2019-04-17,22.137,0
Delhi,2019-04-18,38.917,0
Delhi,2019-04-19,71.624,1
Delhi,2019-04-20,90.551,1
Delhi,2019-04-21,95.243,1
Delhi,2019-04-22,110.164,1
Delhi,2019-04-23,104.17,1
Delhi,2019-04-24,85.704,1
Delhi,2019-04-25,86.413,1
Delhi,2019-04-26,82.367,1
Delhi,2019-04-27,73.056,1
Delhi,2019-04-28,76.437,1
Delhi,2019-04-29,84.043,1
Delhi,2019-04-30,95.723,1
Delhi,2019-05-01,111.573,1
Delhi,2019-05-02,77.722,1
Delhi,2019-05-03,52.16,0
Delhi,2019-05-04,77.955,1
Delhi,2019-05-05,101.254,1
Delhi,2019-05-06,118.895,1
Delhi,2019-05-07,128.782,1
Delhi,2019-05-08,143.342,1
Delhi,2019-05-09,137.197,1
Delhi,2019-05-10,95.068,1
Delhi,2019-05-11,101.832,1
Delhi,2019-05-12,178.225,1
Delhi,2019-05-13,170.809,1
Delhi,2019-05-14,58.22,0
Delhi,2019-05-15,84.806,1
Delhi,2019-05-16,75.447,1
Delhi,2019-05-17,92.53,1
Delhi,2019-05-18,44.278,0
Delhi,2019-05-19,81.992,1
Delhi,2019-05-20,93.972,1
Delhi,2019-05-21,77.784,1
Delhi,2019-05-22,64.242,1
Delhi,2019-05-23,92.398,1
Delhi,2019-05-24,43.86,0
Delhi,2019-05-25,43.659,0
Delhi,2019-05-26,55.125,0
Delhi,2019-05-27,64.657,1
Delhi,2019-05-28,65.82,1
Delhi,2019-05-29,74.803,1
Delhi,2019-05-30,85.205,1
Delhi,2019-05-31,88.575,1
Delhi,2019-06-01,95.398,1
Delhi,2019-06-02,73.362,1
Delhi,2019-06-03,66.938,1
Delhi,2019-06-04,54.952,0
Delhi,2019-06-05,73.353,1
Delhi,2019-06-06,70.607,1
Delhi,2019-06-07,54.81,0
Delhi,2019-06-08,69.746,1
Delhi,2019-06-09,101.055,1
Delhi,2019-06-10,74.481,1
Delhi,2019-06-11,118.384,1
Delhi,2019-06-12,59.856,0
Delhi,2019-06-13,52.661,0
Delhi,2019-06-14,53.793,0
Delhi,2019-06-15,81.856,1
Delhi,2019-06-16,42.065,0
Delhi,2019-06-17,40.183,0
Delhi,2019-06-18,30.392,0
Delhi,2019-06-19,79.961,1
Delhi,2019-06-20,42.758,0
Delhi,2019-06-21,71.147,1
Delhi,2019-06-22,68.268,1
Delhi,2019-06-23,42.058,0
Delhi,2019-06-24,26.287,0
Delhi,2019-06-25,53.645,0
Delhi,2019-06-26,67.365,1
Delhi,2019-06-27,65.298,1
Delhi,2019-06-28,61.208,1
Delhi,2019-06-29,58.082,0
Delhi,2019-06-30,65.243,1
Delhi,2019-07-01,57.268,0
Delhi,2019-07-02,71.678,1
Delhi,2019-07-03,39.995,0
Delhi,2019-07-04,36.818,0
Delhi,2019-07-05,48.604,0
Delhi,2019-07-06,34.25,0
Delhi,2019-07-07,38.811,0
Delhi,2019-07-08,49.121,0
Delhi,2019-07-09,42.561,0
Delhi,2019-07-10,69.213,1
Delhi,2019-07-11,76.989,1
Delhi,2019-07-12,76.35,1
Delhi,2019-07-13,63.18,1
Delhi,2019-07-14,63.164,1
Delhi,2019-07-15,42.036,0
Delhi,2019-07-16,31.51,0
Delhi,2019-07-17,32.057,0
Delhi,2019-07-18,32.925,0
Delhi,2019-07-19,63.018,1
Delhi,2019-07-20,46.427,0
Delhi,2019-07-21,50.566,0
Delhi,2019-07-22,60.376,1
Delhi,2019-07-23,73.076,1
Delhi,2019-07-24,63.257,1
Delhi,2019-07-25,22.785,0
Delhi,2019-07-26,30.633,0
Delhi,2019-07-27,26.165,0
Delhi,2019-07-28,21.127,0
Delhi,2019-07-29,24.449,0
Delhi,2019-07-30,30.097,0
Delhi,2019-07-31,30.217,0
Delhi,2019-08-01,34.261,0
Delhi,2019-08-02,35.055,0
Delhi,2019-08-03,38.543,0
Delhi,2019-08-04,46.688,0
Delhi,2019-08-05,52.202,0
Delhi,2019-08-06,30.036,0
Delhi,2019-08-07,32.627,0
Delhi,2019-08-08,27.685,0
Delhi,2019-08-09,14.592,0
Delhi,2019-08-10,16.728,0
Delhi,2019-08-11,25.534,0
Delhi,2019-08-12,20.531,0
Delhi,2019-08-13,21.68,0
Delhi,2019-08-14,33.211,0
Delhi,2019-08-15,28.775,0
Delhi,2019-08-16,15.523,0
Delhi,2019-08-17,10.243,0
Delhi,2019-08-18,15.51,0
Delhi,2019-08-19,38.548,0
Delhi,2019-08-20,41.737,0
Delhi,2019-08-21,46.689,0
Delhi,2019-08-22,44.158,0
Delhi,2019-08-23,50.491,0
Delhi,2019-08-24,60.71,1
Delhi,2019-08-25,33.49,0
Delhi,2019-08-26,25.065,0
Delhi,2019-08-27,40.68,0
Delhi,2019-08-28,42.038,0
Delhi,2019-08-29,33.924,0
Delhi,2019-08-30,43.504,0
Delhi,2019-08-31,57.157,0
Delhi,2019-09-01,35.131,0
Delhi,2019-09-02,46.149,0
Delhi,2019-09-03,70.641,1
Delhi,2019-09-04,73.334,1
Delhi,2019-09-05,33.9,0
Delhi,2019-09-06,35.808,0
Delhi,2019-09-07,34.975,0
Delhi,2019-09-08,32.827,0
Delhi,2019-09-09,56.311,0
Delhi,2019-09-10,64.482,1
Delhi,2019-09-11,79.597,1
Delhi,2019-09-12,57.833,0
Delhi,2019-09-13,33.592,0
Delhi,2019-09-14,26.651,0
Delhi,2019-09-15,35.517,0
Delhi,2019-09-16,56.605,0
Delhi,2019-09-17,59.14,0
Delhi,2019-09-18,35.407,0
Delhi,2019-09-19,21.739,0
Delhi,2019-09-20,40.333,0
Delhi,2019-09-21,39.234,0
Delhi,2019-09-22,26.511,0
Delhi,2019-09-23,34.46,0
Delhi,2019-09-24,35.875,0
Delhi,2019-09-25,30.516,0
Delhi,2019-09-26,22.902,0
Delhi,2019-09-27,15.663,0
Delhi,2019-09-28,22.515,0
Delhi,2019-09-29,16.91,0
Delhi,2019-09-30,29.425,0
Delhi,2019-10-01,33.917,0
Delhi,2019-10-02,40.155,0
Delhi,2019-10-03,57.986,0
Delhi,2019-10-04,43.072,0
Delhi,2019-10-05,39.48,0
Delhi,2019-10-06,58.748,0
Delhi,2019-10-07,55.881,0
Delhi,2019-10-08,44.847,0
Delhi,2019-10-09,77.017,1
Delhi,2019-10-10,100.816,1
Delhi,2019-10-11,98.07,1
Delhi,2019-10-12,103.453,1
Delhi,2019-10-13,132.572,1
Delhi,2019-10-14,116.33,1
Delhi,2019-10-15,133.347,1
Delhi,2019-10-16,146.368,1
Delhi,2019-10-17,121.68,1
Delhi,2019-10-18,90.406,1
Delhi,2019-10-19,76.767,1
Delhi,2019-10-20,98.055,1
Delhi,2019-10-21,115.158,1
Delhi,2019-10-22,93.51,1
Delhi,2019-10-23,122.116,1
Delhi,2019-10-24,173.558,1
Delhi,2019-10-25,129.905,1
Delhi,2019-10-26,148.734,1
Delhi,2019-10-27,198.808,1
Delhi,2019-10-28,301.388,1
Delhi,2019-10-29,287.562,1
Delhi,2019-10-30,279.319,1
Delhi,2019-10-31,314.322,1
Delhi,2019-11-01,388.447,1
Delhi,2019-11-02,320.257,1
Delhi,2019-11-03,582.278,1
Delhi,2019-11-04,272.305,1
Delhi,2019-11-05,190.406,1
Delhi,2019-11-06,101.086,1
Delhi,2019-11-07,182.467,1
Delhi,2019-11-08,154.139,1
Delhi,2019-11-09,140.801,1
Delhi,2019-11-10,192.347,1
Delhi,2019-11-11,252.484,1
Delhi,2019-11-12,384.338,1
Delhi,2019-11-13,383.359,1
Delhi,2019-11-14,371.424,1
Delhi,2019-11-15,423.523,1
Delhi,2019-11-16,174.03,1
Delhi,2019-11-17,96.345,1
Delhi,2019-11-18,108.402,1
Delhi,2019-11-19,126.92,1
Delhi,2019-11-20,175.193,1
Delhi,2019-11-21,217.695,1
Delhi,2019-11-22,201.167,1
Delhi,2019-11-23,130.411,1
Delhi,2019-11-24,107.855,1
Delhi,2019-11-25,122.368,1
Delhi,2019-11-26,114.267,1
Delhi,2019-11-27,65.698,1
Delhi,2019-11-28,31.03,0
Delhi,2019-11-29,53.795,0
Delhi,2019-11-30,96.957,1
Delhi,2019-12-01,123.664,1
Delhi,2019-12-02,141.12,1
Delhi,2019-12-03,140.07,1
Delhi,2019-12-04,163.242,1
Delhi,2019-12-05,271.992,1
Delhi,2019-12-06,241.686,1
Delhi,2019-12-07,233.792,1
Delhi,2019-12-08,239.977,1
Delhi,2019-12-09,200.329,1
Delhi,2019-12-10,236.404,1
Delhi,2019-12-11,299.846,1
Delhi,2019-12-12,284.182,1
Delhi,2019-12-13,94.624,1
Delhi,2019-12-14,78.586,1
Delhi,2019-12-15,94.668,1
Delhi,2019-12-16,88.053,1
Delhi,2019-12-17,93.069,1
Delhi,2019-12-18,144.005,1
Delhi,2019-12-19,261.157,1
Delhi,2019-12-20,316.093,1
Delhi,2019-12-21,249.871,1
Delhi,2019-12-22,146.809,1
Delhi,2019-12-23,171.474,1
Delhi,2019-12-24,262.688,1
Delhi,2019-12-25,166.713,1
Delhi,2019-12-26,196.972,1
Delhi,2019-12-27,240.07,1
Delhi,2019-12-28,275.6,1
Delhi,2019-12-29,326.791,1
Delhi,2019-12-30,333.425,1
Delhi,2019-12-31,245.533,1
Delhi,2020-01-01,372.141,1
Delhi,2020-01-02,327.04,1
Delhi,2020-01-03,228.905,1
Delhi,2020-01-04,220.597,1
Delhi,2020-01-05,170.213,1
Delhi,2020-01-06,159.638,1
Delhi,2020-01-07,120.305,1
Delhi,2020-01-08,117.98,1
Delhi,2020-01-09,89.256,1
Delhi,2020-01-10,130.82,1
Delhi,2020-01-11,151.096,1
Delhi,2020-01-12,207.229,1
Delhi,2020-01-13,218.984,1
Delhi,2020-01-14,115.618,1
Delhi,2020-01-15,111.567,1
Delhi,2020-01-16,139.06,1
Delhi,2020-01-17,107.652,1
Delhi,2020-01-18,125.295,1
Delhi,2020-01-19,125.044,1
Delhi,2020-01-20,142.185,1
Delhi,2020-01-21,222.812,1
Delhi,2020-01-22,198.875,1
Delhi,2020-01-23,74.45,1
Delhi,2020-01-24,79.827,1
Delhi,2020-01-25,136.722,1
Delhi,2020-01-26,201.198,1
Delhi,2020-01-27,209.975,1
Delhi,2020-01-28,104.454,1
Delhi,2020-01-29,77.948,1
Delhi,2020-01-30,91.563,1
Delhi,2020-01-31,92.04,1
Delhi,2020-02-01,112.13,1
Delhi,2020-02-02,120.855,1
Delhi,2020-02-03,138.505,1
Delhi,2020-02-04,188.422,1
Delhi,2020-02-05,150.079,1
Delhi,2020-02-06,118.567,1
Delhi,2020-02-07,150.15,1
Delhi,2020-02-08,149.667,1
Delhi,2020-02-09,151.429,1
Delhi,2020-02-10,174.402,1
Delhi,2020-02-11,176.573,1
Delhi,2020-02-12,172.125,1
Delhi,2020-02-13,95.715,1
Delhi,2020-02-14,73.844,1
Delhi,2020-02-15,83.074,1
Delhi,2020-02-16,132.632,1
Delhi,2020-02-17,158.686,1
Delhi,2020-02-18,125.53,1
Delhi,2020-02-19,138.458,1
Delhi,2020-02-20,98.839,1
Delhi,2020-02-21,53.113,0
Delhi,2020-02-22,63.617,1
Delhi,2020-02-23,105.708,1
Delhi,2020-02-24,70.593,1
Delhi,2020-02-25,127.745,1
Delhi,2020-02-26,141.814,1
Delhi,2020-02-27,107.28,1
Delhi,2020-02-28,83.481,1
Delhi,2020-02-29,60.012,1
Delhi,2020-03-01,42.828,0
Delhi,2020-03-02,99.343,1
Delhi,2020-03-03,86.257,1
Delhi,2020-03-04,82.897,1
Delhi,2020-03-05,31.427,0
Delhi,2020-03-06,21.325,0
Delhi,2020-03-07,40.96,0
Delhi,2020-03-08,72.1,1
Delhi,2020-03-09,58.042,0
Delhi,2020-03-10,84.348,1
Delhi,2020-03-11,55.192,0
Delhi,2020-03-12,56.925,0
Delhi,2020-03-13,68.723,1
Delhi,2020-03-14,39.41,0
Delhi,2020-03-15,60.987,1
Delhi,2020-03-16,61.613,1
Delhi,2020-03-17,69.696,1
Delhi,2020-03-18,68.927,1
Delhi,2020-03-19,90.618,1
Delhi,2020-03-20,90.311,1
Delhi,2020-03-21,82.387,1
Delhi,2020-03-22,78.606,1
Delhi,2020-03-23,54.258,0
Delhi,2020-03-24,55.853,0
Delhi,2020-03-25,37.873,0
Delhi,2020-03-26,45.685,0
Delhi,2020-03-27,26.89,0
Delhi,2020-03-28,21.23,0
Delhi,2020-03-29,27.585,0
Delhi,2020-03-30,35.085,0
Delhi,2020-03-31,35.311,0
Delhi,2020-04-01,32.884,0
Delhi,2020-04-02,28.507,0
Delhi,2020-04-03,31.36,0
Delhi,2020-04-04,40.793,0
Delhi,2020-04-05,51.795,0
Delhi,2020-04-06,59.911,0
Delhi,2020-04-07,33.122,0
Delhi,2020-04-08,29.696,0
Delhi,2020-04-09,36.125,0
Delhi,2020-04-10,57.673,0
Delhi,2020-04-11,53.027,0
Delhi,2020-04-12,38.565,0
Delhi,2020-04-13,60.599,1
Delhi,2020-04-14,58.224,0
Delhi,2020-04-15,58.311,0
Delhi,2020-04-16,69.802,1
Delhi,2020-04-17,26.935,0
Delhi,2020-04-18,29.09,0
Delhi,2020-04-19,35.485,0
Delhi,2020-04-20,52.862,0
Delhi,2020-04-21,37.165,0
Delhi,2020-04-22,58.25,0
Delhi,2020-04-23,54.714,0
Delhi,2020-04-24,65.913,1
Delhi,2020-04-25,33.094,0
Delhi,2020-04-26,40.243,0
Delhi,2020-04-27,27.175,0
Delhi,2020-04-28,41.747,0
Delhi,2020-04-29,55.176,0
Delhi,2020-04-30,49.958,0
Delhi,2020-05-01,61.043,1
Delhi,2020-05-02,34.67,0
Delhi,2020-05-03,32.561,0
Delhi,2020-05-04,26.627,0
Delhi,2020-05-05,56.242,0
Delhi,2020-05-06,58.44,0
Delhi,2020-05-07,36.022,0
Delhi,2020-05-08,51.085,0
Delhi,2020-05-09,54.182,0
Delhi,2020-05-10,44.296,0
Delhi,2020-05-11,43.262,0
Delhi,2020-05-12,43.192,0
Delhi,2020-05-13,68.8,1
Delhi,2020-05-14,56.172,0
Delhi,2020-05-15,47.442,0
Delhi,2020-05-16,81.865,1
Delhi,2020-05-17,98.627,1
Delhi,2020-05-18,101.015,1
Delhi,2020-05-19,106.625,1
Delhi,2020-05-20,67.797,1
Delhi,2020-05-21,55.92,0
Delhi,2020-05-22,94.369,1
Delhi,2020-05-23,74.924,1
Delhi,2020-05-24,55.371,0
Delhi,2020-05-25,61.465,1
Delhi,2020-05-26,55.379,0
Delhi,2020-05-27,43.218,0
Delhi,2020-05-28,39.069,0
Delhi,2020-05-29,24.617,0
Delhi,2020-05-30,23.089,0
Delhi,2020-05-31,21.509,0
Delhi,2020-06-01,41.053,0
Delhi,2020-06-02,45.903,0
Delhi,2020-06-03,50.623,0
Delhi,2020-06-04,68.239,1
Delhi,2020-06-05,42.431,0
Delhi,2020-06-06,35.138,0
Delhi,2020-06-07,39.987,0
Delhi,2020-06-08,46.905,0
Delhi,2020-06-09,64.77,1
Delhi,2020-06-10,58.9,0
Delhi,2020-06-11,54.694,0
Delhi,2020-06-12,64.001,1
Delhi,2020-06-13,52.365,0
Delhi,2020-06-14,71.078,1
Delhi,2020-06-15,48.69,0
Delhi,2020-06-16,39.872,0
Delhi,2020-06-17,34.35,0
Delhi,2020-06-18,36.843,0
Delhi,2020-06-19,57.601,0
Delhi,2020-06-20,35.956,0
Delhi,2020-06-21,39.701,0
Delhi,2020-06-22,39.473,0
Delhi,2020-06-23,29.021,0
Delhi,2020-06-24,30.912,0
Delhi,2020-06-25,38.372,0
Delhi,2020-06-26,50.01,0
Delhi,2020-06-27,39.805,0
Delhi,2020-06-28,59.523,0
Delhi,2020-06-29,44.862,0
Delhi,2020-06-30,39.8,0
Hyderabad,2015-03-31,47.029,0
Hyderabad,2015-04-06,95.897,1
Hyderabad,2015-04-08,38.667,0
Hyderabad,2015-04-09,33.875,0
Hyderabad,2015-04-10,30.875,0
Hyderabad,2015-04-11,42.875,0
Hyderabad,2015-04-13,56.391,0
Hyderabad,2015-04-14,158.323,1
Hyderabad,2015-04-15,44.792,0
Hyderabad,2015-04-16,30.208,0
Hyderabad,2015-04-17,39.042,0
Hyderabad,2015-04-18,76.0,1
Hyderabad,2015-04-19,54.25,0
Hyderabad,2015-04-20,41.375,0
Hyderabad,2015-04-21,75.083,1
Hyderabad,2015-04-22,39.708,0
Hyderabad,2015-04-23,87.542,1
Hyderabad,2015-04-24,39.375,0
Hyderabad,2015-04-25,35.611,0
Hyderabad,2015-04-27,40.783,0
Hyderabad,2015-04-28,46.625,0
Hyderabad,2015-04-29,94.292,1
Hyderabad,2015-04-30,53.792,0
Hyderabad,2015-05-01,89.625,1
Hyderabad,2015-05-02,49.375,0
Hyderabad,2015-05-03,38.958,0
Hyderabad,2015-05-04,45.0,0
Hyderabad,2015-05-05,42.625,0
Hyderabad,2015-05-06,43.292,0
Hyderabad,2015-05-07,40.125,0
Hyderabad,2015-05-08,56.875,0
Hyderabad,2015-05-09,62.375,1
Hyderabad,2015-05-10,54.083,0
Hyderabad,2015-05-11,67.083,1
Hyderabad,2015-05-12,40.875,0
Hyderabad,2015-05-13,83.208,1
Hyderabad,2015-05-14,40.583,0
Hyderabad,2015-05-15,36.5,0
Hyderabad,2015-05-16,41.667,0
Hyderabad,2015-05-17,32.75,0
Hyderabad,2015-05-18,42.958,0
Hyderabad,2015-05-19,60.792,1
Hyderabad,2015-05-20,53.667,0
Hyderabad,2015-05-21,68.958,1
Hyderabad,2015-05-22,66.375,1
Hyderabad,2015-05-23,43.292,0
Hyderabad,2015-05-24,44.792,0
Hyderabad,2015-05-25,41.208,0
Hyderabad,2015-05-26,54.125,0
Hyderabad,2015-05-27,60.5,1
Hyderabad,2015-05-28,45.375,0
Hyderabad,2015-05-29,49.542,0
Hyderabad,2015-05-30,48.125,0
Hyderabad,2015-05-31,53.417,0
Hyderabad,2015-06-01,237.792,1
Hyderabad,2015-06-02,558.128,1
Hyderabad,2015-06-03,49.542,0
Hyderabad,2015-06-04,50.583,0
Hyderabad,2015-06-05,43.625,0
Hyderabad,2015-06-06,83.875,1
Hyderabad,2015-06-07,43.125,0
Hyderabad,2015-06-08,30.708,0
Hyderabad,2015-06-09,25.792,0
Hyderabad,2015-06-10,25.583,0
Hyderabad,2015-06-11,26.0,0
Hyderabad,2015-06-12,24.875,0
Hyderabad,2015-06-13,29.333,0
Hyderabad,2015-06-14,91.441,1
Hyderabad,2015-06-15,25.073,0
Hyderabad,2015-06-16,31.0,0
Hyderabad,2015-06-17,26.375,0
Hyderabad,2015-06-18,23.833,0
Hyderabad,2015-06-19,26.917,0
Hyderabad,2015-06-20,26.823,0
Hyderabad,2015-06-21,23.667,0
Hyderabad,2015-06-22,66.781,1
Hyderabad,2015-06-23,14.75,0
Hyderabad,2015-06-24,467.667,1
Hyderabad,2015-06-25,22.75,0
Hyderabad,2015-06-26,33.292,0
Hyderabad,2015-06-27,39.625,0
Hyderabad,2015-06-28,35.875,0
Hyderabad,2015-06-29,45.875,0
Hyderabad,2015-06-30,35.542,0
Hyderabad,2015-07-01,26.292,0
Hyderabad,2015-07-02,29.667,0
Hyderabad,2015-07-03,37.0,0
Hyderabad,2015-07-04,34.917,0
Hyderabad,2015-07-05,29.542,0
Hyderabad,2015-07-06,27.417,0
Hyderabad,2015-07-07,31.375,0
Hyderabad,2015-07-08,26.5,0
Hyderabad,2015-07-09,24.417,0
Hyderabad,2015-07-10,24.965,0
Hyderabad,2015-07-11,24.708,0
Hyderabad,2015-07-12,32.542,0
Hyderabad,2015-07-13,32.458,0
Hyderabad,2015-07-14,36.076,0
Hyderabad,2015-07-15,30.781,0
Hyderabad,2015-07-16,31.945,0
Hyderabad,2015-07-17,23.75,0
Hyderabad,2015-07-18,23.042,0
Hyderabad,2015-07-19,24.167,0
Hyderabad,2015-07-20,25.125,0
Hyderabad,2015-07-21,25.767,0
Hyderabad,2015-07-22,24.777,0
Hyderabad,2015-07-23,22.917,0
Hyderabad,2015-07-24,20.521,0
Hyderabad,2015-07-25,20.583,0
Hyderabad,2015-07-26,24.083,0
Hyderabad,2015-07-27,22.608,0
Hyderabad,2015-07-28,24.458,0
Hyderabad,2015-07-29,28.167,0
Hyderabad,2015-07-30,19.833,0
Hyderabad,2015-07-31,19.333,0
Hyderabad,2015-08-01,21.458,0
Hyderabad,2015-08-02,28.958,0
Hyderabad,2015-08-03,23.042,0
Hyderabad,2015-08-04,26.333,0
Hyderabad,2015-08-05,21.559,0
Hyderabad,2015-08-06,24.75,0
Hyderabad,2015-08-07,24.82,0
Hyderabad,2015-08-08,25.792,0
Hyderabad,2015-08-09,25.792,0
Hyderabad,2015-08-10,24.958,0
Hyderabad,2015-08-11,22.0,0
Hyderabad,2015-08-12,17.792,0
Hyderabad,2015-08-13,26.184,0
Hyderabad,2015-08-14,28.333,0
Hyderabad,2015-08-15,29.958,0
Hyderabad,2015-08-16,30.667,0
Hyderabad,2015-08-17,30.792,0
Hyderabad,2015-08-18,34.233,0
Hyderabad,2015-08-19,75.875,1
Hyderabad,2015-08-20,107.976,1
Hyderabad,2015-08-21,299.246,1
Hyderabad,2015-08-22,108.695,1
Hyderabad,2015-08-23,51.0,0
Hyderabad,2015-08-24,64.934,1
Hyderabad,2015-08-25,68.924,1
Hyderabad,2015-08-26,32.604,0
Hyderabad,2015-08-27,96.771,1
Hyderabad,2015-08-28,102.472,1
Hyderabad,2015-08-29,31.125,0
Hyderabad,2015-08-30,30.125,0
Hyderabad,2015-08-31,38.896,0
Hyderabad,2015-09-01,53.653,0
Hyderabad,2015-09-02,90.288,1
Hyderabad,2015-09-03,96.482,1
Hyderabad,2015-09-04,161.719,1
Hyderabad,2015-09-05,114.41,1
Hyderabad,2015-09-06,59.422,0
Hyderabad,2015-09-07,48.827,0
Hyderabad,2015-09-08,91.825,1
Hyderabad,2015-09-09,35.56,0
Hyderabad,2015-09-10,45.639,0
Hyderabad,2015-09-11,60.877,1
Hyderabad,2015-09-12,65.605,1
Hyderabad,2015-09-13,60.019,1
Hyderabad,2015-09-14,73.208,1
Hyderabad,2015-09-15,83.867,1
Hyderabad,2015-09-16,56.533,0
Hyderabad,2015-09-17,33.027,0
Hyderabad,2015-09-18,37.083,0
Hyderabad,2015-09-19,94.919,1
Hyderabad,2015-09-20,105.122,1
Hyderabad,2015-09-21,81.348,1
Hyderabad,2015-09-22,85.521,1
Hyderabad,2015-09-23,110.767,1
Hyderabad,2015-09-24,44.792,0
Hyderabad,2015-09-25,63.993,1
Hyderabad,2015-09-26,107.352,1
Hyderabad,2015-09-27,64.927,1
Hyderabad,2015-09-28,78.896,1
Hyderabad,2015-09-29,69.875,1
Hyderabad,2015-09-30,158.153,1
Hyderabad,2015-10-01,120.752,1
Hyderabad,2015-10-02,29.661,0
Hyderabad,2015-10-03,36.557,0
Hyderabad,2015-10-04,42.693,0
Hyderabad,2015-10-05,75.041,1
Hyderabad,2015-10-06,136.451,1
Hyderabad,2015-10-07,150.925,1
Hyderabad,2015-10-08,116.24,1
Hyderabad,2015-10-09,137.284,1
Hyderabad,2015-10-10,69.241,1
Hyderabad,2015-10-11,45.978,0
Hyderabad,2015-10-12,106.658,1
Hyderabad,2015-10-13,58.047,0
Hyderabad,2015-10-14,124.143,1
Hyderabad,2015-10-15,192.405,1
Hyderabad,2015-10-16,118.663,1
Hyderabad,2015-10-17,155.837,1
Hyderabad,2015-10-18,59.599,0
Hyderabad,2015-10-19,65.353,1
Hyderabad,2015-10-20,116.348,1
Hyderabad,2015-10-21,84.183,1
Hyderabad,2015-10-22,86.983,1
Hyderabad,2015-10-23,73.338,1
Hyderabad,2015-10-24,133.597,1
Hyderabad,2015-10-25,103.01,1
Hyderabad,2015-10-26,95.217,1
Hyderabad,2015-10-27,122.142,1
Hyderabad,2015-10-28,81.182,1
Hyderabad,2015-10-29,252.473,1
Hyderabad,2015-10-30,516.202,1
Hyderabad,2015-10-31,270.206,1
Hyderabad,2015-11-01,31.562,0
Hyderabad,2015-11-02,54.912,0
Hyderabad,2015-11-03,56.927,0
Hyderabad,2015-11-04,40.667,0
Hyderabad,2015-11-05,50.03,0
Hyderabad,2015-11-06,89.59,1
Hyderabad,2015-11-07,86.868,1
Hyderabad,2015-11-08,51.208,0
Hyderabad,2015-11-09,53.865,0
Hyderabad,2015-11-10,67.455,1
Hyderabad,2015-11-11,85.479,1
Hyderabad,2015-11-12,88.139,1
Hyderabad,2015-11-13,72.766,1
Hyderabad,2015-11-14,61.817,1
Hyderabad,2015-11-15,70.511,1
Hyderabad,2015-11-16,69.016,1
Hyderabad,2015-11-17,44.266,0
Hyderabad,2015-11-18,46.308,0
Hyderabad,2015-11-19,37.757,0
Hyderabad,2015-11-20,30.444,0
Hyderabad,2015-11-21,38.88,0
Hyderabad,2015-11-22,70.963,1
Hyderabad,2015-11-23,46.039,0
Hyderabad,2015-11-24,40.585,0
Hyderabad,2015-11-25,69.374,1
Hyderabad,2015-11-26,91.063,1
Hyderabad,2015-11-27,83.125,1
Hyderabad,2015-11-28,81.219,1
Hyderabad,2015-11-29,67.13,1
Hyderabad,2015-11-30,45.491,0
Hyderabad,2015-12-01,38.242,0
Hyderabad,2015-12-02,29.525,0
Hyderabad,2015-12-03,45.969,0
Hyderabad,2015-12-04,57.224,0
Hyderabad,2015-12-05,61.113,1
Hyderabad,2015-12-06,61.375,1
Hyderabad,2015-12-07,79.251,1
Hyderabad,2015-12-08,72.745,1
Hyderabad,2015-12-09,60.202,1
Hyderabad,2015-12-10,49.532,0
Hyderabad,2015-12-11,24.848,0
Hyderabad,2015-12-12,42.918,0
Hyderabad,2015-12-13,57.339,0
Hyderabad,2015-12-14,30.527,0
Hyderabad,2015-12-15,30.541,0
Hyderabad,2015-12-16,33.678,0
Hyderabad,2015-12-17,33.475,0
Hyderabad,2015-12-18,36.172,0
Hyderabad,2015-12-19,38.312,0
Hyderabad,2015-12-20,45.865,0
Hyderabad,2015-12-21,30.243,0
Hyderabad,2015-12-22,59.235,0
Hyderabad,2015-12-23,38.407,0
Hyderabad,2015-12-24,60.863,1
Hyderabad,2015-12-25,74.083,1
Hyderabad,2015-12-26,79.895,1
Hyderabad,2015-12-27,79.519,1
Hyderabad,2015-12-28,65.906,1
Hyderabad,2015-12-29,68.429,1
Hyderabad,2015-12-30,83.758,1
Hyderabad,2015-12-31,177.625,1
Hyderabad,2016-01-01,232.828,1
Hyderabad,2016-01-02,71.437,1
Hyderabad,2016-01-03,66.923,1
Hyderabad,2016-01-04,134.608,1
Hyderabad,2016-01-05,80.833,1
Hyderabad,2016-01-06,109.824,1
Hyderabad,2016-01-07,66.193,1
Hyderabad,2016-01-08,69.266,1
Hyderabad,2016-01-09,97.197,1
Hyderabad,2016-01-10,72.089,1
Hyderabad,2016-01-11,71.438,1
Hyderabad,2016-01-12,129.668,1
Hyderabad,2016-01-13,103.442,1
Hyderabad,2016-01-14,60.76,1
Hyderabad,2016-01-15,56.006,0
Hyderabad,2016-01-16,58.573,0
Hyderabad,2016-01-17,54.119,0
Hyderabad,2016-01-18,43.053,0
Hyderabad,2016-01-19,50.381,0
Hyderabad,2016-01-20,75.115,1
Hyderabad,2016-01-21,62.651,1
Hyderabad,2016-01-22,51.141,0
Hyderabad,2016-01-23,66.16,1
Hyderabad,2016-01-24,73.912,1
Hyderabad,2016-01-25,69.018,1
Hyderabad,2016-01-28,66.76,1
Hyderabad,2016-01-29,60.792,1
Hyderabad,2016-01-30,61.302,1
Hyderabad,2016-01-31,77.802,1
Hyderabad,2016-02-01,67.167,1
Hyderabad,2016-02-02,57.573,0
Hyderabad,2016-02-03,57.813,0
Hyderabad,2016-02-04,103.265,1
Hyderabad,2016-02-05,68.561,1
Hyderabad,2016-02-06,61.698,1
Hyderabad,2016-02-07,61.735,1
Hyderabad,2016-02-08,69.724,1
Hyderabad,2016-02-09,72.386,1
Hyderabad,2016-02-10,61.995,1
Hyderabad,2016-02-11,66.948,1
Hyderabad,2016-02-12,61.412,1
Hyderabad,2016-02-13,62.771,1
Hyderabad,2016-02-14,58.292,0
Hyderabad,2016-02-15,56.268,0
Hyderabad,2016-02-16,37.034,0
Hyderabad,2016-02-17,47.56,0
Hyderabad,2016-02-18,45.016,0
Hyderabad,2016-02-19,44.946,0
Hyderabad,2016-02-20,173.369,1
Hyderabad,2016-02-21,525.091,1
Hyderabad,2016-02-22,353.583,1
Hyderabad,2016-02-23,65.947,1
Hyderabad,2016-02-24,50.219,0
Hyderabad,2016-02-25,53.474,0
Hyderabad,2016-02-26,48.651,0
Hyderabad,2016-02-27,29.416,0
Hyderabad,2016-02-28,36.271,0
Hyderabad,2016-02-29,33.011,0
Hyderabad,2016-03-01,38.912,0
Hyderabad,2016-03-02,48.335,0
Hyderabad,2016-03-03,50.063,0
Hyderabad,2016-03-04,63.287,1
Hyderabad,2016-03-05,65.765,1
Hyderabad,2016-03-06,43.359,0
Hyderabad,2016-03-07,38.932,0
Hyderabad,2016-03-08,41.442,0
Hyderabad,2016-03-09,50.812,0
Hyderabad,2016-03-10,60.662,1
Hyderabad,2016-03-11,63.926,1
Hyderabad,2016-03-12,63.411,1
Hyderabad,2016-03-13,57.958,0
Hyderabad,2016-03-14,63.412,1
Hyderabad,2016-03-15,48.22,0
Hyderabad,2016-03-16,49.287,0
Hyderabad,2016-03-17,45.802,0
Hyderabad,2016-03-18,54.406,0
Hyderabad,2016-03-19,52.531,0
Hyderabad,2016-03-20,65.125,1
Hyderabad,2016-03-21,53.906,0
Hyderabad,2016-03-22,56.865,0
Hyderabad,2016-03-23,77.402,1
Hyderabad,2016-03-24,73.603,1
Hyderabad,2016-03-25,73.895,1
Hyderabad,2016-03-26,61.088,1
Hyderabad,2016-03-27,69.369,1
Hyderabad,2016-03-28,64.255,1
Hyderabad,2016-03-29,58.282,0
Hyderabad,2016-03-30,55.965,0
Hyderabad,2016-03-31,43.058,0
Hyderabad,2016-04-01,56.643,0
Hyderabad,2016-04-02,54.594,0
Hyderabad,2016-04-03,70.797,1
Hyderabad,2016-04-04,53.755,0
Hyderabad,2016-04-05,53.658,0
Hyderabad,2016-04-06,50.075,0
Hyderabad,2016-04-07,42.224,0
Hyderabad,2016-04-08,31.458,0
Hyderabad,2016-04-09,31.875,0
Hyderabad,2016-04-10,28.042,0
Hyderabad,2016-04-11,46.797,0
Hyderabad,2016-04-12,48.987,0
Hyderabad,2016-04-13,55.96,0
Hyderabad,2016-04-14,66.472,1
Hyderabad,2016-04-15,54.584,0
Hyderabad,2016-04-16,70.916,1
Hyderabad,2016-04-17,63.682,1
Hyderabad,2016-04-18,51.682,0
Hyderabad,2016-04-19,37.656,0
Hyderabad,2016-04-20,44.996,0
Hyderabad,2016-04-21,48.646,0
Hyderabad,2016-04-22,41.667,0
Hyderabad,2016-04-23,26.0,0
Hyderabad,2016-04-26,56.515,0
Hyderabad,2016-04-27,52.964,0
Hyderabad,2016-04-28,44.298,0
Hyderabad,2016-04-29,40.099,0
Hyderabad,2016-04-30,33.334,0
Hyderabad,2016-05-01,46.078,0
Hyderabad,2016-05-02,37.276,0
Hyderabad,2016-05-03,40.266,0
Hyderabad,2016-05-04,30.104,0
Hyderabad,2016-05-05,29.22,0
Hyderabad,2016-05-06,52.679,0
Hyderabad,2016-05-07,89.48,1
Hyderabad,2016-05-08,40.12,0
Hyderabad,2016-05-09,50.76,0
Hyderabad,2016-05-10,29.541,0
Hyderabad,2016-05-11,60.703,1
Hyderabad,2016-05-12,51.09,0
Hyderabad,2016-05-13,45.667,0
Hyderabad,2016-05-14,46.242,0
Hyderabad,2016-05-15,31.016,0
Hyderabad,2016-05-16,28.391,0
Hyderabad,2016-05-17,23.032,0
Hyderabad,2016-05-18,29.65,0
Hyderabad,2016-05-19,34.567,0
Hyderabad,2016-05-20,29.56,0
Hyderabad,2016-05-21,32.822,0
Hyderabad,2016-05-22,34.447,0
Hyderabad,2016-05-23,30.505,0
Hyderabad,2016-05-24,31.951,0
Hyderabad,2016-05-25,48.619,0
Hyderabad,2016-05-26,42.247,0
Hyderabad,2016-05-27,26.635,0
Hyderabad,2016-05-28,25.433,0
Hyderabad,2016-05-29,26.036,0
Hyderabad,2016-05-30,29.5,0
Hyderabad,2016-05-31,31.875,0
Hyderabad,2016-06-01,39.875,0
Hyderabad,2016-06-03,39.587,0
Hyderabad,2016-06-04,29.207,0
Hyderabad,2016-06-05,36.128,0
Hyderabad,2016-06-06,37.403,0
Hyderabad,2016-06-07,39.147,0
Hyderabad,2016-06-08,35.646,0
Hyderabad,2016-06-09,34.025,0
Hyderabad,2016-06-10,31.34,0
Hyderabad,2016-06-12,27.255,0
Hyderabad,2016-06-13,63.067,1
Hyderabad,2016-06-14,27.86,0
Hyderabad,2016-06-15,368.637,1
Hyderabad,2016-06-16,571.016,1
Hyderabad,2016-06-17,41.166,0
Hyderabad,2016-06-19,34.074,0
Hyderabad,2016-06-20,29.255,0
Hyderabad,2016-06-21,33.965,0
Hyderabad,2016-06-22,24.555,0
Hyderabad,2016-06-23,22.377,0
Hyderabad,2016-06-24,18.005,0
Hyderabad,2016-06-25,21.54,0
Hyderabad,2016-06-26,24.502,0
Hyderabad,2016-06-27,20.938,0
Hyderabad,2016-06-28,66.038,1
Hyderabad,2016-06-29,20.501,0
Hyderabad,2016-06-30,19.667,0
Hyderabad,2016-07-01,22.286,0
Hyderabad,2016-07-02,34.0,0
Hyderabad,2016-07-03,34.0,0
Hyderabad,2016-07-04,170.342,1
Hyderabad,2016-07-05,21.747,0
Hyderabad,2016-07-07,30.924,0
Hyderabad,2016-07-08,26.24,0
Hyderabad,2016-07-09,22.795,0
Hyderabad,2016-07-10,62.026,1
Hyderabad,2016-07-11,363.541,1
Hyderabad,2016-07-12,175.11,1
Hyderabad,2016-07-13,9.924,0
Hyderabad,2016-07-14,16.89,0
Hyderabad,2016-07-15,20.575,0
Hyderabad,2016-07-16,19.965,0
Hyderabad,2016-07-17,23.265,0
Hyderabad,2016-07-20,10.598,0
Hyderabad,2016-07-21,13.096,0
Hyderabad,2016-07-22,49.967,0
Hyderabad,2016-07-24,14.545,0
Hyderabad,2016-07-25,12.732,0
Hyderabad,2016-07-26,15.943,0
Hyderabad,2016-07-27,52.589,0
Hyderabad,2016-07-28,20.596,0
Hyderabad,2016-07-29,17.286,0
Hyderabad,2016-07-30,36.373,0
Hyderabad,2016-07-31,10.64,0
Hyderabad,2016-08-01,10.237,0
Hyderabad,2016-08-02,6.011,0
Hyderabad,2016-08-03,4.833,0
Hyderabad,2016-08-04,6.411,0
Hyderabad,2016-08-06,7.293,0
Hyderabad,2016-08-07,6.377,0
Hyderabad,2016-08-08,9.666,0
Hyderabad,2016-08-09,8.86,0
Hyderabad,2016-08-10,9.408,0
Hyderabad,2016-08-11,7.815,0
Hyderabad,2016-09-02,5.906,0
Hyderabad,2016-09-03,10.398,0
Hyderabad,2016-09-05,16.239,0
Hyderabad,2016-09-06,26.344,0
Hyderabad,2016-09-07,37.146,0
Hyderabad,2016-09-10,37.094,0
Hyderabad,2016-09-11,24.594,0
Hyderabad,2016-09-12,30.49,0
Hyderabad,2016-09-13,23.198,0
Hyderabad,2016-09-14,23.25,0
Hyderabad,2016-09-15,15.792,0
Hyderabad,2016-09-20,9.927,0
Hyderabad,2016-09-21,17.823,0
Hyderabad,2016-09-22,13.083,0
Hyderabad,2016-09-25,22.26,0
Hyderabad,2016-09-26,26.583,0
Hyderabad,2016-09-27,34.24,0
Hyderabad,2016-09-28,43.594,0
Hyderabad,2016-09-29,40.125,0
Hyderabad,2016-09-30,37.875,0
Hyderabad,2016-10-01,15.979,0
Hyderabad,2016-10-02,13.869,0
Hyderabad,2016-10-03,12.496,0
Hyderabad,2016-10-04,11.979,0
Hyderabad,2016-10-05,9.833,0
Hyderabad,2016-10-06,15.292,0
Hyderabad,2016-10-07,15.448,0
Hyderabad,2016-10-08,16.417,0
Hyderabad,2016-10-13,50.521,0
Hyderabad,2016-10-14,44.479,0
Hyderabad,2016-10-15,47.302,0
Hyderabad,2016-10-16,56.833,0
Hyderabad,2016-10-17,54.948,0
Hyderabad,2016-10-18,58.323,0
Hyderabad,2016-10-19,58.854,0
Hyderabad,2016-10-20,61.531,1
Hyderabad,2016-10-21,59.042,0
Hyderabad,2016-10-22,54.478,0
Hyderabad,2016-10-25,64.177,1
Hyderabad,2016-10-26,61.115,1
Hyderabad,2016-10-27,64.354,1
Hyderabad,2016-10-28,62.156,1
Hyderabad,2016-10-29,73.115,1
Hyderabad,2016-10-30,63.604,1
Hyderabad,2016-10-31,60.885,1
Hyderabad,2016-11-01,73.448,1
Hyderabad,2016-11-02,65.036,1
Hyderabad,2016-11-03,61.75,1
Hyderabad,2016-11-04,65.104,1
Hyderabad,2016-11-05,67.229,1
Hyderabad,2016-11-06,65.76,1
Hyderabad,2016-11-07,66.646,1
Hyderabad,2016-11-08,60.51,1
Hyderabad,2016-11-09,65.333,1
Hyderabad,2016-11-10,71.552,1
Hyderabad,2016-11-11,62.24,1
Hyderabad,2016-11-12,61.833,1
Hyderabad,2016-11-13,60.958,1
Hyderabad,2016-11-14,61.458,1
Hyderabad,2016-11-15,67.563,1
Hyderabad,2016-11-16,59.729,0
Hyderabad,2016-11-17,63.354,1
Hyderabad,2016-11-18,61.708,1
Hyderabad,2016-11-19,61.802,1
Hyderabad,2016-11-20,61.0,1
Hyderabad,2016-11-21,55.76,0
Hyderabad,2016-11-22,51.833,0
Hyderabad,2016-11-23,59.271,0
Hyderabad,2016-11-24,64.375,1
Hyderabad,2016-11-25,63.406,1
Hyderabad,2016-11-26,52.958,0
Hyderabad,2016-11-27,59.948,0
Hyderabad,2016-11-28,63.917,1
Hyderabad,2016-11-29,55.396,0
Hyderabad,2016-11-30,58.979,0
Hyderabad,2016-12-01,58.635,0
Hyderabad,2016-12-03,55.302,0
Hyderabad,2016-12-04,59.438,0
Hyderabad,2016-12-05,66.0,1
Hyderabad,2016-12-06,65.974,1
Hyderabad,2016-12-07,58.354,0
Hyderabad,2016-12-08,60.307,1
Hyderabad,2016-12-09,63.729,1
Hyderabad,2016-12-10,61.833,1
Hyderabad,2016-12-11,61.792,1
Hyderabad,2016-12-12,48.708,0
Hyderabad,2016-12-13,54.031,0
Hyderabad,2016-12-14,45.766,0
Hyderabad,2016-12-15,61.51,1
Hyderabad,2016-12-17,56.646,0
Hyderabad,2016-12-18,54.74,0
Hyderabad,2016-12-19,61.365,1
Hyderabad,2016-12-20,60.031,1
Hyderabad,2016-12-21,54.24,0
Hyderabad,2016-12-22,58.125,0
Hyderabad,2016-12-23,60.198,1
Hyderabad,2016-12-24,60.281,1
Hyderabad,2016-12-25,61.283,1
Hyderabad,2016-12-27,54.323,0
Hyderabad,2016-12-28,62.667,1
Hyderabad,2016-12-29,60.052,1
Hyderabad,2016-12-30,61.49,1
Hyderabad,2016-12-31,60.594,1
Hyderabad,2017-01-01,61.25,1
Hyderabad,2017-01-02,47.208,0
Hyderabad,2017-01-03,65.448,1
Hyderabad,2017-01-04,110.604,1
Hyderabad,2017-01-05,96.208,1
Hyderabad,2017-01-06,75.885,1
Hyderabad,2017-01-07,63.833,1
Hyderabad,2017-01-08,62.344,1
Hyderabad,2017-01-09,51.667,0
Hyderabad,2017-01-10,64.083,1
Hyderabad,2017-01-11,82.344,1
Hyderabad,2017-01-12,115.469,1
Hyderabad,2017-01-13,108.406,1
Hyderabad,2017-01-14,73.75,1
Hyderabad,2017-01-15,81.719,1
Hyderabad,2017-01-16,80.271,1
Hyderabad,2017-01-17,64.135,1
Hyderabad,2017-01-18,54.563,0
Hyderabad,2017-01-19,67.094,1
Hyderabad,2017-01-20,76.51,1
Hyderabad,2017-01-21,69.51,1
Hyderabad,2017-01-22,60.615,1
Hyderabad,2017-01-23,83.792,1
Hyderabad,2017-01-24,71.49,1
Hyderabad,2017-01-25,76.938,1
Hyderabad,2017-01-26,64.208,1
Hyderabad,2017-01-27,56.135,0
Hyderabad,2017-01-28,72.094,1
Hyderabad,2017-01-29,85.729,1
Hyderabad,2017-01-30,54.656,0
Hyderabad,2017-01-31,54.979,0
Hyderabad,2017-02-01,44.396,0
Hyderabad,2017-02-02,52.365,0
Hyderabad,2017-02-03,58.813,0
Hyderabad,2017-02-04,68.292,1
Hyderabad,2017-02-05,56.729,0
Hyderabad,2017-02-07,102.344,1
Hyderabad,2017-02-08,79.458,1
Hyderabad,2017-02-09,70.302,1
Hyderabad,2017-02-10,64.972,1
Hyderabad,2017-02-14,62.323,1
Hyderabad,2017-02-15,66.097,1
Hyderabad,2017-02-16,85.121,1
Hyderabad,2017-02-17,82.76,1
Hyderabad,2017-02-18,75.458,1
Hyderabad,2017-02-19,63.584,1
Hyderabad,2017-02-20,57.614,0
Hyderabad,2017-02-21,53.338,0
Hyderabad,2017-02-22,65.52,1
Hyderabad,2017-02-23,72.004,1
Hyderabad,2017-02-24,68.678,1
Hyderabad,2017-02-25,80.735,1
Hyderabad,2017-02-26,64.093,1
Hyderabad,2017-02-27,55.13,0
Hyderabad,2017-02-28,69.058,1
Hyderabad,2017-03-01,63.303,1
Hyderabad,2017-03-02,57.86,0
Hyderabad,2017-03-03,28.948,0
Hyderabad,2017-03-04,32.733,0
Hyderabad,2017-03-05,31.062,0
Hyderabad,2017-03-06,42.157,0
Hyderabad,2017-03-07,35.619,0
Hyderabad,2017-03-08,45.603,0
Hyderabad,2017-03-09,77.142,1
Hyderabad,2017-03-10,30.973,0
Hyderabad,2017-03-11,30.328,0
Hyderabad,2017-03-12,43.798,0
Hyderabad,2017-03-13,63.698,1
Hyderabad,2017-03-14,50.635,0
Hyderabad,2017-03-15,21.27,0
Hyderabad,2017-03-16,27.439,0
Hyderabad,2017-03-17,54.729,0
Hyderabad,2017-03-18,67.572,1
Hyderabad,2017-03-19,63.104,1
Hyderabad,2017-03-20,52.036,0
Hyderabad,2017-03-21,61.327,1
Hyderabad,2017-03-22,60.922,1
Hyderabad,2017-03-23,60.333,1
Hyderabad,2017-03-24,54.588,0
Hyderabad,2017-03-25,60.547,1
Hyderabad,2017-03-26,62.447,1
Hyderabad,2017-03-27,57.61,0
Hyderabad,2017-03-28,51.417,0
Hyderabad,2017-03-29,49.278,0
Hyderabad,2017-03-30,47.015,0
Hyderabad,2017-03-31,45.772,0
Hyderabad,2017-04-01,44.147,0
Hyderabad,2017-04-02,51.9,0
Hyderabad,2017-04-03,50.371,0
Hyderabad,2017-04-04,43.521,0
Hyderabad,2017-04-05,47.152,0
Hyderabad,2017-04-06,44.334,0
Hyderabad,2017-04-07,48.682,0
Hyderabad,2017-04-08,68.343,1
Hyderabad,2017-04-09,77.563,1
Hyderabad,2017-04-10,71.188,1
Hyderabad,2017-04-11,83.579,1
Hyderabad,2017-04-13,60.829,1
Hyderabad,2017-04-14,60.916,1
Hyderabad,2017-04-15,57.682,0
Hyderabad,2017-04-16,56.307,0
Hyderabad,2017-04-17,68.968,1
Hyderabad,2017-04-18,70.994,1
Hyderabad,2017-04-19,57.042,0
Hyderabad,2017-04-20,49.73,0
Hyderabad,2017-04-21,45.499,0
Hyderabad,2017-04-22,53.506,0
Hyderabad,2017-04-23,58.296,0
Hyderabad,2017-04-24,57.255,0
Hyderabad,2017-04-25,55.63,0
Hyderabad,2017-04-26,58.511,0
Hyderabad,2017-04-27,63.365,1
Hyderabad,2017-04-28,37.64,0
Hyderabad,2017-04-29,27.391,0
Hyderabad,2017-04-30,24.729,0
Hyderabad,2017-05-01,24.543,0
Hyderabad,2017-05-02,29.339,0
Hyderabad,2017-05-03,37.314,0
Hyderabad,2017-05-04,43.239,0
Hyderabad,2017-05-05,40.485,0
Hyderabad,2017-05-06,38.115,0
Hyderabad,2017-05-07,29.396,0
Hyderabad,2017-05-08,27.807,0
Hyderabad,2017-05-09,32.949,0
Hyderabad,2017-05-10,31.543,0
Hyderabad,2017-05-11,30.218,0
Hyderabad,2017-05-12,34.801,0
Hyderabad,2017-05-13,36.411,0
Hyderabad,2017-05-14,40.677,0
Hyderabad,2017-05-15,35.14,0
Hyderabad,2017-05-16,37.129,0
Hyderabad,2017-05-17,37.235,0
Hyderabad,2017-05-18,48.209,0
Hyderabad,2017-05-19,45.734,0
Hyderabad,2017-05-20,41.906,0
Hyderabad,2017-05-21,35.782,0
Hyderabad,2017-05-22,38.131,0
Hyderabad,2017-05-23,49.563,0
Hyderabad,2017-05-24,56.286,0
Hyderabad,2017-05-25,39.093,0
Hyderabad,2017-05-26,43.73,0
Hyderabad,2017-05-27,26.989,0
Hyderabad,2017-05-28,26.35,0
Hyderabad,2017-05-29,19.016,0
Hyderabad,2017-05-30,17.307,0
Hyderabad,2017-05-31,11.355,0
Hyderabad,2017-06-01,10.042,0
Hyderabad,2017-06-02,13.75,0
Hyderabad,2017-06-03,13.777,0
Hyderabad,2017-06-04,14.36,0
Hyderabad,2017-06-05,16.11,0
Hyderabad,2017-06-06,17.77,0
Hyderabad,2017-06-07,12.302,0
Hyderabad,2017-06-08,11.782,0
Hyderabad,2017-06-09,17.052,0
Hyderabad,2017-06-10,7.621,0
Hyderabad,2017-06-11,7.85,0
Hyderabad,2017-06-12,4.937,0
Hyderabad,2017-06-13,6.652,0
Hyderabad,2017-06-14,19.646,0
Hyderabad,2017-06-15,13.538,0
Hyderabad,2017-06-16,9.71,0
Hyderabad,2017-06-17,13.074,0
Hyderabad,2017-06-18,12.877,0
Hyderabad,2017-06-19,7.392,0
Hyderabad,2017-06-20,7.383,0
Hyderabad,2017-06-21,8.663,0
Hyderabad,2017-06-22,11.396,0
Hyderabad,2017-06-23,11.481,0
Hyderabad,2017-06-24,10.852,0
Hyderabad,2017-06-25,11.806,0
Hyderabad,2017-06-26,11.791,0
Hyderabad,2017-06-27,11.824,0
Hyderabad,2017-06-28,8.838,0
Hyderabad,2017-06-29,10.38,0
Hyderabad,2017-06-30,13.083,0
Hyderabad,2017-07-01,10.976,0
Hyderabad,2017-07-02,9.753,0
Hyderabad,2017-07-03,11.804,0
Hyderabad,2017-07-04,15.531,0
Hyderabad,2017-07-05,10.396,0
Hyderabad,2017-07-06,14.663,0
Hyderabad,2017-07-07,14.77,0
Hyderabad,2017-07-08,18.189,0
Hyderabad,2017-07-09,18.098,0
Hyderabad,2017-07-10,14.995,0
Hyderabad,2017-07-11,19.31,0
Hyderabad,2017-07-12,14.288,0
Hyderabad,2017-07-13,14.493,0
Hyderabad,2017-07-14,13.898,0
Hyderabad,2017-07-15,16.527,0
Hyderabad,2017-07-16,10.24,0
Hyderabad,2017-07-17,10.778,0
Hyderabad,2017-07-18,8.483,0
Hyderabad,2017-07-19,5.718,0
Hyderabad,2017-07-20,6.536,0
Hyderabad,2017-07-21,10.83,0
Hyderabad,2017-07-22,13.372,0
Hyderabad,2017-07-23,15.972,0
Hyderabad,2017-07-24,15.62,0
Hyderabad,2017-07-25,14.042,0
Hyderabad,2017-07-26,16.545,0
Hyderabad,2017-07-27,14.431,0
Hyderabad,2017-07-28,12.618,0
Hyderabad,2017-07-29,15.281,0
Hyderabad,2017-07-30,17.497,0
Hyderabad,2017-07-31,17.423,0
Hyderabad,2017-08-01,16.854,0
Hyderabad,2017-08-02,16.782,0
Hyderabad,2017-08-03,11.785,0
Hyderabad,2017-08-04,13.355,0
Hyderabad,2017-08-05,20.339,0
Hyderabad,2017-08-06,23.035,0
Hyderabad,2017-08-07,26.224,0
Hyderabad,2017-08-08,24.867,0
Hyderabad,2017-08-09,20.468,0
Hyderabad,2017-08-10,14.912,0
Hyderabad,2017-08-11,17.76,0
Hyderabad,2017-08-12,15.102,0
Hyderabad,2017-08-13,17.083,0
Hyderabad,2017-08-14,20.36,0
Hyderabad,2017-08-15,16.399,0
Hyderabad,2017-08-16,20.125,0
Hyderabad,2017-08-17,21.771,0
Hyderabad,2017-08-18,26.598,0
Hyderabad,2017-08-19,17.354,0
Hyderabad,2017-08-20,7.418,0
Hyderabad,2017-08-21,10.89,0
Hyderabad,2017-08-22,12.559,0
Hyderabad,2017-08-23,15.414,0
Hyderabad,2017-08-24,23.633,0
Hyderabad,2017-08-25,13.526,0
Hyderabad,2017-08-26,11.584,0
Hyderabad,2017-08-27,13.102,0
Hyderabad,2017-08-28,8.257,0
Hyderabad,2017-08-29,6.573,0
Hyderabad,2017-08-30,12.255,0
Hyderabad,2017-08-31,14.633,0
Hyderabad,2017-09-01,19.916,0
Hyderabad,2017-09-02,24.422,0
Hyderabad,2017-09-03,12.96,0
Hyderabad,2017-09-04,17.263,0
Hyderabad,2017-09-05,19.861,0
Hyderabad,2017-09-06,29.318,0
Hyderabad,2017-09-07,40.819,0
Hyderabad,2017-09-08,32.632,0
Hyderabad,2017-09-09,32.875,0
Hyderabad,2017-09-10,18.583,0
Hyderabad,2017-09-11,12.335,0
Hyderabad,2017-09-12,10.326,0
Hyderabad,2017-09-13,17.292,0
Hyderabad,2017-09-14,10.438,0
Hyderabad,2017-09-15,12.644,0
Hyderabad,2017-09-16,10.27,0
Hyderabad,2017-09-18,9.168,0
Hyderabad,2017-09-19,10.283,0
Hyderabad,2017-09-20,9.759,0
Hyderabad,2017-09-21,14.884,0
Hyderabad,2017-09-22,20.5,0
Hyderabad,2017-09-23,29.615,0
Hyderabad,2017-09-24,42.005,0
Hyderabad,2017-09-25,39.677,0
Hyderabad,2017-09-26,45.688,0
Hyderabad,2017-09-27,50.357,0
Hyderabad,2017-09-28,45.501,0
Hyderabad,2017-09-29,41.566,0
Hyderabad,2017-09-30,41.262,0
Hyderabad,2017-10-01,31.078,0
Hyderabad,2017-10-02,25.243,0
Hyderabad,2017-10-03,24.162,0
Hyderabad,2017-10-04,49.747,0
Hyderabad,2017-10-05,55.877,0
Hyderabad,2017-10-06,28.48,0
Hyderabad,2017-10-07,22.605,0
Hyderabad,2017-10-08,32.075,0
Hyderabad,2017-10-09,25.786,0
Hyderabad,2017-10-10,28.037,0
Hyderabad,2017-10-11,27.378,0
Hyderabad,2017-10-12,41.74,0
Hyderabad,2017-10-13,20.485,0
Hyderabad,2017-10-14,33.323,0
Hyderabad,2017-10-17,72.177,1
Hyderabad,2017-10-18,69.531,1
Hyderabad,2017-10-19,75.46,1
Hyderabad,2017-10-20,78.693,1
Hyderabad,2017-10-21,67.175,1
Hyderabad,2017-10-22,65.385,1
Hyderabad,2017-10-23,53.778,0
Hyderabad,2017-10-29,70.458,1
Hyderabad,2017-10-31,63.376,1
Hyderabad,2017-11-01,68.212,1
Hyderabad,2017-11-02,69.727,1
Hyderabad,2017-11-03,66.51,1
Hyderabad,2017-11-04,49.622,0
Hyderabad,2017-11-05,32.454,0
Hyderabad,2017-11-06,29.331,0
Hyderabad,2017-11-07,34.956,0
Hyderabad,2017-11-08,38.837,0
Hyderabad,2017-11-09,39.569,0
Hyderabad,2017-11-10,44.444,0
Hyderabad,2017-11-11,61.844,1
Hyderabad,2017-11-12,57.58,0
Hyderabad,2017-11-13,55.359,0
Hyderabad,2017-11-14,58.409,0
Hyderabad,2017-11-15,51.083,0
Hyderabad,2017-11-16,41.313,0
Hyderabad,2017-11-17,37.72,0
Hyderabad,2017-11-18,66.815,1
Hyderabad,2017-11-19,36.535,0
Hyderabad,2017-11-20,43.639,0
Hyderabad,2017-11-21,44.65,0
Hyderabad,2017-11-22,40.484,0
Hyderabad,2017-11-23,96.833,1
Hyderabad,2017-11-24,69.502,1
Hyderabad,2017-11-25,70.908,1
Hyderabad,2017-11-26,84.078,1
Hyderabad,2017-11-27,73.245,1
Hyderabad,2017-11-28,91.385,1
Hyderabad,2017-11-29,66.493,1
Hyderabad,2017-11-30,64.722,1
Hyderabad,2017-12-01,70.029,1
Hyderabad,2017-12-02,69.437,1
Hyderabad,2017-12-03,70.831,1
Hyderabad,2017-12-04,70.471,1
Hyderabad,2017-12-05,58.069,0
Hyderabad,2017-12-06,51.808,0
Hyderabad,2017-12-07,69.332,1
Hyderabad,2017-12-08,74.79,1
Hyderabad,2017-12-09,67.698,1
Hyderabad,2017-12-10,48.987,0
Hyderabad,2017-12-11,55.702,0
Hyderabad,2017-12-12,66.777,1
Hyderabad,2017-12-13,69.33,1
Hyderabad,2017-12-14,66.117,1
Hyderabad,2017-12-15,68.484,1
Hyderabad,2017-12-16,68.874,1
Hyderabad,2017-12-17,71.376,1
Hyderabad,2017-12-18,73.327,1
Hyderabad,2017-12-19,59.35,0
Hyderabad,2017-12-20,88.141,1
Hyderabad,2017-12-21,74.935,1
Hyderabad,2017-12-22,130.231,1
Hyderabad,2017-12-23,82.05,1
Hyderabad,2017-12-24,79.188,1
Hyderabad,2017-12-25,76.468,1
Hyderabad,2017-12-26,76.082,1
Hyderabad,2017-12-27,63.18,1
Hyderabad,2017-12-28,68.65,1
Hyderabad,2017-12-29,112.347,1
Hyderabad,2017-12-30,65.09,1
Hyderabad,2017-12-31,68.45,1
Hyderabad,2018-01-01,57.702,0
Hyderabad,2018-01-02,68.547,1
Hyderabad,2018-01-03,77.77,1
Hyderabad,2018-01-04,79.178,1
Hyderabad,2018-01-05,76.328,1
Hyderabad,2018-01-06,73.147,1
Hyderabad,2018-01-07,72.412,1
Hyderabad,2018-01-08,72.657,1
Hyderabad,2018-01-09,77.652,1
Hyderabad,2018-01-10,74.084,1
Hyderabad,2018-01-11,76.187,1
Hyderabad,2018-01-12,74.762,1
Hyderabad,2018-01-13,70.478,1
Hyderabad,2018-01-14,72.377,1
Hyderabad,2018-01-15,70.975,1
Hyderabad,2018-01-16,65.1,1
Hyderabad,2018-01-17,64.198,1
Hyderabad,2018-01-18,65.862,1
Hyderabad,2018-01-19,61.105,1
Hyderabad,2018-01-20,64.176,1
Hyderabad,2018-01-21,68.517,1
Hyderabad,2018-01-22,72.012,1
Hyderabad,2018-01-23,60.403,1
Hyderabad,2018-01-24,67.068,1
Hyderabad,2018-01-25,68.804,1
Hyderabad,2018-01-26,66.839,1
Hyderabad,2018-01-27,69.431,1
Hyderabad,2018-01-28,68.844,1
Hyderabad,2018-01-29,67.687,1
Hyderabad,2018-01-30,59.46,0
Hyderabad,2018-01-31,53.452,0
Hyderabad,2018-02-01,50.879,0
Hyderabad,2018-02-02,47.459,0
Hyderabad,2018-02-03,43.48,0
Hyderabad,2018-02-04,39.14,0
Hyderabad,2018-02-05,41.788,0
Hyderabad,2018-02-06,48.857,0
Hyderabad,2018-02-07,56.762,0
Hyderabad,2018-02-08,46.18,0
Hyderabad,2018-02-09,50.053,0
Hyderabad,2018-02-10,52.283,0
Hyderabad,2018-02-11,50.552,0
Hyderabad,2018-02-12,54.342,0
Hyderabad,2018-02-13,46.385,0
Hyderabad,2018-02-14,50.517,0
Hyderabad,2018-02-15,52.881,0
Hyderabad,2018-02-16,51.843,0
Hyderabad,2018-02-17,49.861,0
Hyderabad,2018-02-18,55.867,0
Hyderabad,2018-02-19,46.221,0
Hyderabad,2018-02-20,47.638,0
Hyderabad,2018-02-21,54.762,0
Hyderabad,2018-02-22,57.845,0
Hyderabad,2018-02-23,56.994,0
Hyderabad,2018-02-24,43.573,0
Hyderabad,2018-02-25,43.373,0
Hyderabad,2018-02-26,56.873,0
Hyderabad,2018-02-27,57.661,0
Hyderabad,2018-02-28,62.25,1
Hyderabad,2018-03-01,54.837,0
Hyderabad,2018-03-02,52.722,0
Hyderabad,2018-03-03,51.588,0
Hyderabad,2018-03-04,54.718,0
Hyderabad,2018-03-05,47.443,0
Hyderabad,2018-03-06,47.968,0
Hyderabad,2018-03-07,50.785,0
Hyderabad,2018-03-08,53.806,0
Hyderabad,2018-03-09,57.275,0
Hyderabad,2018-03-10,66.37,1
Hyderabad,2018-03-11,53.021,0
Hyderabad,2018-03-12,38.871,0
Hyderabad,2018-03-13,39.686,0
Hyderabad,2018-03-14,47.342,0
Hyderabad,2018-03-15,47.875,0
Hyderabad,2018-03-16,60.247,1
Hyderabad,2018-03-17,51.0,0
Hyderabad,2018-03-18,41.381,0
Hyderabad,2018-03-19,48.066,0
Hyderabad,2018-03-20,54.744,0
Hyderabad,2018-03-21,57.867,0
Hyderabad,2018-03-22,57.07,0
Hyderabad,2018-03-23,56.643,0
Hyderabad,2018-03-24,59.912,0
Hyderabad,2018-03-25,71.402,1
Hyderabad,2018-03-26,61.473,1
Hyderabad,2018-03-27,59.526,0
Hyderabad,2018-03-28,53.111,0
Hyderabad,2018-03-29,62.27,1
Hyderabad,2018-03-30,54.618,0
Hyderabad,2018-03-31,50.148,0
Hyderabad,2018-04-01,43.052,0
Hyderabad,2018-04-02,37.908,0
Hyderabad,2018-04-03,51.35,0
Hyderabad,2018-04-04,44.935,0
Hyderabad,2018-04-05,41.512,0
Hyderabad,2018-04-06,46.872,0
Hyderabad,2018-04-07,35.902,0
Hyderabad,2018-04-08,30.273,0
Hyderabad,2018-04-09,40.257,0
Hyderabad,2018-04-10,35.541,0
Hyderabad,2018-04-11,27.626,0
Hyderabad,2018-04-12,31.577,0
Hyderabad,2018-04-13,25.242,0
Hyderabad,2018-04-14,23.055,0
Hyderabad,2018-04-15,29.705,0
Hyderabad,2018-04-16,45.863,0
Hyderabad,2018-04-17,34.286,0
Hyderabad,2018-04-18,37.187,0
Hyderabad,2018-04-19,43.52,0
Hyderabad,2018-04-20,42.382,0
Hyderabad,2018-04-21,49.136,0
Hyderabad,2018-04-22,42.966,0
Hyderabad,2018-04-23,33.116,0
Hyderabad,2018-04-24,33.09,0
Hyderabad,2018-04-25,35.61,0
Hyderabad,2018-04-26,38.11,0
Hyderabad,2018-04-27,39.781,0
Hyderabad,2018-04-28,39.852,0
Hyderabad,2018-04-29,43.442,0
Hyderabad,2018-04-30,44.84,0
Hyderabad,2018-05-01,43.83,0
Hyderabad,2018-05-02,36.076,0
Hyderabad,2018-05-03,31.394,0
Hyderabad,2018-05-04,19.585,0
Hyderabad,2018-05-05,28.812,0
Hyderabad,2018-05-06,31.908,0
Hyderabad,2018-05-07,33.678,0
Hyderabad,2018-05-08,43.046,0
Hyderabad,2018-05-09,44.316,0
Hyderabad,2018-05-10,33.829,0
Hyderabad,2018-05-11,32.758,0
Hyderabad,2018-05-12,33.048,0
Hyderabad,2018-05-13,31.851,0
Hyderabad,2018-05-14,29.858,0
Hyderabad,2018-05-15,24.487,0
Hyderabad,2018-05-16,41.894,0
Hyderabad,2018-05-17,43.473,0
Hyderabad,2018-05-18,37.311,0
Hyderabad,2018-05-19,47.418,0
Hyderabad,2018-05-20,38.586,0
Hyderabad,2018-05-21,48.328,0
Hyderabad,2018-05-22,42.681,0
Hyderabad,2018-05-23,47.504,0
Hyderabad,2018-05-24,36.413,0
Hyderabad,2018-05-25,42.168,0
Hyderabad,2018-05-26,23.647,0
Hyderabad,2018-05-27,26.11,0
Hyderabad,2018-05-28,31.17,0
Hyderabad,2018-05-29,34.684,0
Hyderabad,2018-05-30,31.7,0
Hyderabad,2018-05-31,32.568,0
Hyderabad,2018-06-01,37.258,0
Hyderabad,2018-06-02,36.702,0
Hyderabad,2018-06-03,34.847,0
Hyderabad,2018-06-04,30.953,0
Hyderabad,2018-06-05,31.508,0
Hyderabad,2018-06-06,31.332,0
Hyderabad,2018-06-07,19.682,0
Hyderabad,2018-06-08,19.426,0
Hyderabad,2018-06-09,20.028,0
Hyderabad,2018-06-10,16.491,0
Hyderabad,2018-06-11,22.306,0
Hyderabad,2018-06-12,29.925,0
Hyderabad,2018-06-13,30.849,0
Hyderabad,2018-06-14,34.444,0
Hyderabad,2018-06-15,27.83,0
Hyderabad,2018-06-16,22.9,0
Hyderabad,2018-06-17,21.992,0
Hyderabad,2018-06-18,17.198,0
Hyderabad,2018-06-19,14.611,0
Hyderabad,2018-06-20,15.271,0
Hyderabad,2018-06-21,10.312,0
Hyderabad,2018-06-22,20.329,0
Hyderabad,2018-06-23,20.066,0
Hyderabad,2018-06-24,16.988,0
Hyderabad,2018-06-25,16.305,0
Hyderabad,2018-06-26,16.233,0
Hyderabad,2018-06-27,17.642,0
Hyderabad,2018-06-28,18.933,0
Hyderabad,2018-06-29,18.183,0
Hyderabad,2018-06-30,20.849,0
Hyderabad,2018-07-01,16.908,0
Hyderabad,2018-07-02,16.482,0
Hyderabad,2018-07-03,16.282,0
Hyderabad,2018-07-04,15.967,0
Hyderabad,2018-07-05,13.222,0
Hyderabad,2018-07-06,20.049,0
Hyderabad,2018-07-07,22.74,0
Hyderabad,2018-07-08,19.921,0
Hyderabad,2018-07-09,16.627,0
Hyderabad,2018-07-10,19.702,0
Hyderabad,2018-07-11,19.046,0
Hyderabad,2018-07-12,11.931,0
Hyderabad,2018-07-13,13.207,0
Hyderabad,2018-07-14,17.975,0
Hyderabad,2018-07-15,16.118,0
Hyderabad,2018-07-16,11.039,0
Hyderabad,2018-07-17,12.137,0
Hyderabad,2018-07-18,14.13,0
Hyderabad,2018-07-19,14.392,0
Hyderabad,2018-07-20,12.578,0
Hyderabad,2018-07-21,19.613,0
Hyderabad,2018-07-22,19.54,0
Hyderabad,2018-07-23,17.687,0
Hyderabad,2018-07-24,15.64,0
Hyderabad,2018-07-25,17.881,0
Hyderabad,2018-07-26,14.406,0
Hyderabad,2018-07-27,14.519,0
Hyderabad,2018-07-28,18.229,0
Hyderabad,2018-07-29,26.088,0
Hyderabad,2018-07-30,26.021,0
Hyderabad,2018-07-31,19.21,0
Hyderabad,2018-08-01,21.883,0
Hyderabad,2018-08-02,25.773,0
Hyderabad,2018-08-03,30.796,0
Hyderabad,2018-08-04,23.432,0
Hyderabad,2018-08-05,20.195,0
Hyderabad,2018-08-06,26.908,0
Hyderabad,2018-08-07,18.922,0
Hyderabad,2018-08-08,16.172,0
Hyderabad,2018-08-09,18.074,0
Hyderabad,2018-08-10,17.093,0
Hyderabad,2018-08-11,16.385,0
Hyderabad,2018-08-12,11.977,0
Hyderabad,2018-08-13,11.658,0
Hyderabad,2018-08-14,16.967,0
Hyderabad,2018-08-15,22.11,0
Hyderabad,2018-08-16,7.78,0
Hyderabad,2018-08-17,18.562,0
Hyderabad,2018-08-18,15.296,0
Hyderabad,2018-08-19,15.282,0
Hyderabad,2018-08-20,13.193,0
Hyderabad,2018-08-21,10.076,0
Hyderabad,2018-08-22,10.326,0
Hyderabad,2018-08-23,12.51,0
Hyderabad,2018-08-24,14.36,0
Hyderabad,2018-08-25,15.339,0
Hyderabad,2018-08-26,14.612,0
Hyderabad,2018-08-27,15.308,0
Hyderabad,2018-08-28,16.515,0
Hyderabad,2018-08-29,20.978,0
Hyderabad,2018-08-30,24.663,0
Hyderabad,2018-08-31,22.428,0
Hyderabad,2018-09-01,23.165,0
Hyderabad,2018-09-02,18.512,0
Hyderabad,2018-09-03,15.84,0
Hyderabad,2018-09-04,20.355,0
Hyderabad,2018-09-05,27.055,0
Hyderabad,2018-09-06,25.36,0
Hyderabad,2018-09-07,25.417,0
Hyderabad,2018-09-08,21.606,0
Hyderabad,2018-09-09,34.854,0
Hyderabad,2018-09-10,38.353,0
Hyderabad,2018-09-11,33.853,0
Hyderabad,2018-09-12,35.06,0
Hyderabad,2018-09-13,41.828,0
Hyderabad,2018-09-14,42.239,0
Hyderabad,2018-09-15,43.686,0
Hyderabad,2018-09-16,48.982,0
Hyderabad,2018-09-17,35.581,0
Hyderabad,2018-09-18,39.685,0
Hyderabad,2018-09-19,38.602,0
Hyderabad,2018-09-20,40.881,0
Hyderabad,2018-09-21,37.909,0
Hyderabad,2018-09-22,27.289,0
Hyderabad,2018-09-23,32.255,0
Hyderabad,2018-09-24,34.94,0
Hyderabad,2018-09-25,41.462,0
Hyderabad,2018-09-26,53.678,0
Hyderabad,2018-09-27,43.087,0
Hyderabad,2018-09-28,45.919,0
Hyderabad,2018-09-29,55.392,0
Hyderabad,2018-09-30,67.685,1
Hyderabad,2018-10-01,63.165,1
Hyderabad,2018-10-02,37.805,0
Hyderabad,2018-10-03,36.497,0
Hyderabad,2018-10-04,39.629,0
Hyderabad,2018-10-05,39.8,0
Hyderabad,2018-10-06,56.363,0
Hyderabad,2018-10-07,65.905,1
Hyderabad,2018-10-08,64.444,1
Hyderabad,2018-10-09,60.071,1
Hyderabad,2018-10-10,56.498,0
Hyderabad,2018-10-11,52.63,0
Hyderabad,2018-10-12,54.394,0
Hyderabad,2018-10-13,58.562,0
Hyderabad,2018-10-14,54.354,0
Hyderabad,2018-10-15,58.238,0
Hyderabad,2018-10-16,53.264,0
Hyderabad,2018-10-17,41.035,0
Hyderabad,2018-10-18,40.349,0
Hyderabad,2018-10-19,43.986,0
Hyderabad,2018-10-20,58.444,0
Hyderabad,2018-10-21,61.336,1
Hyderabad,2018-10-22,66.818,1
Hyderabad,2018-10-23,67.12,1
Hyderabad,2018-10-24,67.516,1
Hyderabad,2018-10-25,60.718,1
Hyderabad,2018-10-26,48.678,0
Hyderabad,2018-10-27,57.439,0
Hyderabad,2018-10-28,56.512,0
Hyderabad,2018-10-29,56.018,0
Hyderabad,2018-10-30,57.323,0
Hyderabad,2018-10-31,56.98,0
Hyderabad,2018-11-01,50.867,0
Hyderabad,2018-11-02,34.067,0
Hyderabad,2018-11-03,25.96,0
Hyderabad,2018-11-04,24.882,0
Hyderabad,2018-11-05,32.796,0
Hyderabad,2018-11-06,44.655,0
Hyderabad,2018-11-07,54.628,0
Hyderabad,2018-11-08,59.824,0
Hyderabad,2018-11-09,64.362,1
Hyderabad,2018-11-10,69.496,1
Hyderabad,2018-11-11,61.15,1
Hyderabad,2018-11-12,62.677,1
Hyderabad,2018-11-13,66.077,1
Hyderabad,2018-11-14,67.283,1
Hyderabad,2018-11-15,58.404,0
Hyderabad,2018-11-16,46.199,0
Hyderabad,2018-11-17,23.09,0
Hyderabad,2018-11-18,19.055,0
Hyderabad,2018-11-19,26.041,0
Hyderabad,2018-11-20,52.122,0
Hyderabad,2018-11-21,63.08,1
Hyderabad,2018-11-22,66.005,1
Hyderabad,2018-11-23,71.969,1
Hyderabad,2018-11-24,72.982,1
Hyderabad,2018-11-25,69.278,1
Hyderabad,2018-11-26,63.015,1
Hyderabad,2018-11-27,69.914,1
Hyderabad,2018-11-28,73.48,1
Hyderabad,2018-11-29,72.26,1
Hyderabad,2018-11-30,67.694,1
Hyderabad,2018-12-01,69.94,1
Hyderabad,2018-12-02,71.172,1
Hyderabad,2018-12-03,74.618,1
Hyderabad,2018-12-04,77.722,1
Hyderabad,2018-12-05,67.301,1
Hyderabad,2018-12-06,62.872,1
Hyderabad,2018-12-07,61.662,1
Hyderabad,2018-12-08,76.143,1
Hyderabad,2018-12-09,78.356,1
Hyderabad,2018-12-10,77.935,1
Hyderabad,2018-12-11,76.221,1
Hyderabad,2018-12-12,74.778,1
Hyderabad,2018-12-13,74.194,1
Hyderabad,2018-12-14,74.475,1
Hyderabad,2018-12-15,75.147,1
Hyderabad,2018-12-16,76.15,1
Hyderabad,2018-12-17,59.607,0
Hyderabad,2018-12-18,22.355,0
Hyderabad,2018-12-19,32.767,0
Hyderabad,2018-12-20,44.723,0
Hyderabad,2018-12-21,55.104,0
Hyderabad,2018-12-22,72.664,1
Hyderabad,2018-12-23,78.014,1
Hyderabad,2018-12-24,76.808,1
Hyderabad,2018-12-25,73.177,1
Hyderabad,2018-12-26,67.914,1
Hyderabad,2018-12-27,68.058,1
Hyderabad,2018-12-28,64.099,1
Hyderabad,2018-12-29,68.76,1
Hyderabad,2018-12-30,71.705,1
Hyderabad,2018-12-31,65.24,1
Hyderabad,2019-01-01,66.791,1
Hyderabad,2019-01-02,71.554,1
Hyderabad,2019-01-03,69.705,1
Hyderabad,2019-01-04,75.247,1
Hyderabad,2019-01-05,73.031,1
Hyderabad,2019-01-06,77.709,1
Hyderabad,2019-01-07,76.502,1
Hyderabad,2019-01-08,73.782,1
Hyderabad,2019-01-09,74.698,1
Hyderabad,2019-01-10,75.434,1
Hyderabad,2019-01-11,75.771,1
Hyderabad,2019-01-12,78.621,1
Hyderabad,2019-01-13,72.035,1
Hyderabad,2019-01-14,74.37,1
Hyderabad,2019-01-15,75.133,1
Hyderabad,2019-01-16,75.552,1
Hyderabad,2019-01-17,73.515,1
Hyderabad,2019-01-18,75.339,1
Hyderabad,2019-01-19,78.119,1
Hyderabad,2019-01-20,70.001,1
Hyderabad,2019-01-21,66.397,1
Hyderabad,2019-01-22,47.288,0
Hyderabad,2019-01-23,60.932,1
Hyderabad,2019-01-24,59.22,0
Hyderabad,2019-01-25,36.507,0
Hyderabad,2019-01-26,36.205,0
Hyderabad,2019-01-27,51.293,0
Hyderabad,2019-01-28,71.625,1
Hyderabad,2019-01-29,64.419,1
Hyderabad,2019-01-30,55.597,0
Hyderabad,2019-01-31,63.804,1
Hyderabad,2019-02-01,66.444,1
Hyderabad,2019-02-02,62.222,1
Hyderabad,2019-02-03,60.263,1
Hyderabad,2019-02-04,63.748,1
Hyderabad,2019-02-05,63.264,1
Hyderabad,2019-02-06,68.065,1
Hyderabad,2019-02-07,58.46,0
Hyderabad,2019-02-08,58.238,0
Hyderabad,2019-02-09,55.669,0
Hyderabad,2019-02-10,58.823,0
Hyderabad,2019-02-11,58.643,0
Hyderabad,2019-02-12,64.138,1
Hyderabad,2019-02-13,64.942,1
Hyderabad,2019-02-14,62.788,1
Hyderabad,2019-02-15,38.838,0
Hyderabad,2019-02-16,48.343,0
Hyderabad,2019-02-17,45.119,0
Hyderabad,2019-02-18,65.135,1
Hyderabad,2019-02-19,55.795,0
Hyderabad,2019-02-20,35.074,0
Hyderabad,2019-02-21,39.325,0
Hyderabad,2019-02-22,44.634,0
Hyderabad,2019-02-23,57.129,0
Hyderabad,2019-02-24,46.643,0
Hyderabad,2019-02-25,49.407,0
Hyderabad,2019-02-26,54.835,0
Hyderabad,2019-02-27,57.061,0
Hyderabad,2019-02-28,50.34,0
Hyderabad,2019-03-01,55.594,0
Hyderabad,2019-03-02,33.054,0
Hyderabad,2019-03-03,35.267,0
Hyderabad,2019-03-04,40.966,0
Hyderabad,2019-03-05,59.268,0
Hyderabad,2019-03-06,62.495,1
Hyderabad,2019-03-07,66.796,1
Hyderabad,2019-03-08,66.336,1
Hyderabad,2019-03-09,49.676,0
Hyderabad,2019-03-10,45.198,0
Hyderabad,2019-03-11,36.587,0
Hyderabad,2019-03-12,40.838,0
Hyderabad,2019-03-13,41.227,0
Hyderabad,2019-03-14,41.633,0
Hyderabad,2019-03-15,48.938,0
Hyderabad,2019-03-16,39.062,0
Hyderabad,2019-03-17,37.727,0
Hyderabad,2019-03-18,39.821,0
Hyderabad,2019-03-19,30.772,0
Hyderabad,2019-03-20,41.631,0
Hyderabad,2019-03-21,41.063,0
Hyderabad,2019-03-22,36.348,0
Hyderabad,2019-03-23,43.356,0
Hyderabad,2019-03-24,50.522,0
Hyderabad,2019-03-25,50.065,0
Hyderabad,2019-03-26,51.498,0
Hyderabad,2019-03-27,48.509,0
Hyderabad,2019-03-28,55.203,0
Hyderabad,2019-03-29,59.803,0
Hyderabad,2019-03-30,59.206,0
Hyderabad,2019-03-31,48.485,0
Hyderabad,2019-04-01,37.801,0
Hyderabad,2019-04-02,43.822,0
Hyderabad,2019-04-03,45.6,0
Hyderabad,2019-04-04,39.013,0
Hyderabad,2019-04-05,31.275,0
Hyderabad,2019-04-06,37.692,0
Hyderabad,2019-04-07,33.48,0
Hyderabad,2019-04-08,33.077,0
Hyderabad,2019-04-09,40.625,0
Hyderabad,2019-04-10,42.145,0
Hyderabad,2019-04-11,31.446,0
Hyderabad,2019-04-12,36.35,0
Hyderabad,2019-04-13,32.691,0
Hyderabad,2019-04-14,41.003,0
Hyderabad,2019-04-15,37.571,0
Hyderabad,2019-04-16,39.469,0
Hyderabad,2019-04-17,33.258,0
Hyderabad,2019-04-18,43.066,0
Hyderabad,2019-04-19,30.736,0
Hyderabad,2019-04-20,25.515,0
Hyderabad,2019-04-21,24.773,0
Hyderabad,2019-04-22,27.503,0
Hyderabad,2019-04-23,34.653,0
Hyderabad,2019-04-24,29.868,0
Hyderabad,2019-04-25,36.159,0
Hyderabad,2019-04-26,43.87,0
Hyderabad,2019-04-27,51.917,0
Hyderabad,2019-04-28,41.817,0
Hyderabad,2019-04-29,39.665,0
Hyderabad,2019-04-30,38.871,0
Hyderabad,2019-05-01,36.426,0
Hyderabad,2019-05-02,38.41,0
Hyderabad,2019-05-03,36.048,0
Hyderabad,2019-05-04,32.119,0
Hyderabad,2019-05-05,36.527,0
Hyderabad,2019-05-06,43.676,0
Hyderabad,2019-05-07,52.951,0
Hyderabad,2019-05-08,47.234,0
Hyderabad,2019-05-09,46.817,0
Hyderabad,2019-05-10,46.39,0
Hyderabad,2019-05-11,48.287,0
Hyderabad,2019-05-12,37.245,0
Hyderabad,2019-05-13,41.345,0
Hyderabad,2019-05-14,38.887,0
Hyderabad,2019-05-15,42.505,0
Hyderabad,2019-05-16,36.623,0
Hyderabad,2019-05-17,43.352,0
Hyderabad,2019-05-18,48.502,0
Hyderabad,2019-05-19,55.844,0
Hyderabad,2019-05-20,48.898,0
Hyderabad,2019-05-21,43.596,0
Hyderabad,2019-05-22,36.779,0
Hyderabad,2019-05-23,44.726,0
Hyderabad,2019-05-24,37.623,0
Hyderabad,2019-05-25,46.561,0
Hyderabad,2019-05-26,49.913,0
Hyderabad,2019-05-27,41.929,0
Hyderabad,2019-05-28,41.876,0
Hyderabad,2019-05-29,52.217,0
Hyderabad,2019-05-30,42.301,0
Hyderabad,2019-05-31,39.469,0
Hyderabad,2019-06-01,34.951,0
Hyderabad,2019-06-02,44.327,0
Hyderabad,2019-06-03,27.669,0
Hyderabad,2019-06-04,24.01,0
Hyderabad,2019-06-05,35.63,0
Hyderabad,2019-06-06,35.667,0
Hyderabad,2019-06-07,28.406,0
Hyderabad,2019-06-08,32.076,0
Hyderabad,2019-06-09,31.138,0
Hyderabad,2019-06-10,23.71,0
Hyderabad,2019-06-11,12.388,0
Hyderabad,2019-06-12,8.698,0
Hyderabad,2019-06-13,11.208,0
Hyderabad,2019-06-14,15.939,0
Hyderabad,2019-06-15,22.285,0
Hyderabad,2019-06-16,19.578,0
Hyderabad,2019-06-17,23.783,0
Hyderabad,2019-06-18,22.292,0
Hyderabad,2019-06-19,21.593,0
Hyderabad,2019-06-20,18.964,0
Hyderabad,2019-06-21,28.111,0
Hyderabad,2019-06-22,24.75,0
Hyderabad,2019-06-23,26.442,0
Hyderabad,2019-06-24,25.453,0
Hyderabad,2019-06-25,26.995,0
Hyderabad,2019-06-26,18.074,0
Hyderabad,2019-06-27,9.847,0
Hyderabad,2019-06-28,9.893,0
Hyderabad,2019-06-29,12.753,0
Hyderabad,2019-06-30,18.553,0
Hyderabad,2019-07-01,18.323,0
Hyderabad,2019-07-02,17.751,0
Hyderabad,2019-07-03,20.083,0
Hyderabad,2019-07-04,17.71,0
Hyderabad,2019-07-05,16.273,0
Hyderabad,2019-07-06,15.954,0
Hyderabad,2019-07-07,15.22,0
Hyderabad,2019-07-08,16.509,0
Hyderabad,2019-07-09,15.352,0
Hyderabad,2019-07-10,12.668,0
Hyderabad,2019-07-11,16.536,0
Hyderabad,2019-07-12,18.406,0
Hyderabad,2019-07-13,12.797,0
Hyderabad,2019-07-14,14.429,0
Hyderabad,2019-07-15,15.962,0
Hyderabad,2019-07-16,24.071,0
Hyderabad,2019-07-17,22.295,0
Hyderabad,2019-07-18,26.428,0
Hyderabad,2019-07-19,31.275,0
Hyderabad,2019-07-20,20.122,0
Hyderabad,2019-07-21,14.085,0
Hyderabad,2019-07-22,12.009,0
Hyderabad,2019-07-23,8.127,0
Hyderabad,2019-07-24,10.239,0
Hyderabad,2019-07-25,12.86,0
Hyderabad,2019-07-26,14.718,0
Hyderabad,2019-07-27,12.96,0
Hyderabad,2019-07-28,13.456,0
Hyderabad,2019-07-29,8.991,0
Hyderabad,2019-07-30,8.48,0
Hyderabad,2019-07-31,10.947,0
Hyderabad,2019-08-01,10.31,0
Hyderabad,2019-08-02,8.009,0
Hyderabad,2019-08-03,6.748,0
Hyderabad,2019-08-04,6.237,0
Hyderabad,2019-08-05,7.95,0
Hyderabad,2019-08-06,10.013,0
Hyderabad,2019-08-07,9.724,0
Hyderabad,2019-08-08,12.453,0
Hyderabad,2019-08-09,12.463,0
Hyderabad,2019-08-10,11.944,0
Hyderabad,2019-08-11,17.367,0
Hyderabad,2019-08-12,24.166,0
Hyderabad,2019-08-13,29.791,0
Hyderabad,2019-08-14,23.12,0
Hyderabad,2019-08-15,19.112,0
Hyderabad,2019-08-16,17.166,0
Hyderabad,2019-08-17,23.027,0
Hyderabad,2019-08-18,29.92,0
Hyderabad,2019-08-19,25.943,0
Hyderabad,2019-08-20,31.379,0
Hyderabad,2019-08-21,27.231,0
Hyderabad,2019-08-22,20.351,0
Hyderabad,2019-08-23,23.709,0
Hyderabad,2019-08-24,14.816,0
Hyderabad,2019-08-25,14.895,0
Hyderabad,2019-08-26,17.159,0
Hyderabad,2019-08-27,18.862,0
Hyderabad,2019-08-28,19.346,0
Hyderabad,2019-08-29,16.921,0
Hyderabad,2019-08-30,16.503,0
Hyderabad,2019-08-31,13.982,0
Hyderabad,2019-09-01,11.854,0
Hyderabad,2019-09-02,15.715,0
Hyderabad,2019-09-03,12.925,0
Hyderabad,2019-09-04,12.196,0
Hyderabad,2019-09-05,11.139,0
Hyderabad,2019-09-06,11.917,0
Hyderabad,2019-09-07,13.654,0
Hyderabad,2019-09-08,10.307,0
Hyderabad,2019-09-09,13.263,0
Hyderabad,2019-09-10,14.982,0
Hyderabad,2019-09-11,18.192,0
Hyderabad,2019-09-12,21.728,0
Hyderabad,2019-09-13,16.325,0
Hyderabad,2019-09-14,18.388,0
Hyderabad,2019-09-15,22.471,0
Hyderabad,2019-09-16,28.233,0
Hyderabad,2019-09-17,28.854,0
Hyderabad,2019-09-18,25.007,0
Hyderabad,2019-09-19,25.602,0
Hyderabad,2019-09-20,20.538,0
Hyderabad,2019-09-21,25.814,0
Hyderabad,2019-09-22,27.01,0
Hyderabad,2019-09-23,32.947,0
Hyderabad,2019-09-24,28.071,0
Hyderabad,2019-09-25,22.365,0
Hyderabad,2019-09-26,20.398,0
Hyderabad,2019-09-27,15.486,0
Hyderabad,2019-09-28,25.847,0
Hyderabad,2019-09-29,33.268,0
Hyderabad,2019-09-30,41.11,0
Hyderabad,2019-10-01,39.119,0
Hyderabad,2019-10-02,31.979,0
Hyderabad,2019-10-03,32.245,0
Hyderabad,2019-10-04,34.733,0
Hyderabad,2019-10-05,40.224,0
Hyderabad,2019-10-06,42.987,0
Hyderabad,2019-10-07,50.786,0
Hyderabad,2019-10-08,56.898,0
Hyderabad,2019-10-09,54.175,0
Hyderabad,2019-10-10,39.074,0
Hyderabad,2019-10-11,34.567,0
Hyderabad,2019-10-12,34.911,0
Hyderabad,2019-10-13,36.35,0
Hyderabad,2019-10-14,53.222,0
Hyderabad,2019-10-15,52.615,0
Hyderabad,2019-10-16,59.406,0
Hyderabad,2019-10-17,48.117,0
Hyderabad,2019-10-18,24.299,0
Hyderabad,2019-10-19,22.92,0
Hyderabad,2019-10-20,28.037,0
Hyderabad,2019-10-21,22.031,0
Hyderabad,2019-10-22,41.034,0
Hyderabad,2019-10-23,37.804,0
Hyderabad,2019-10-24,22.528,0
Hyderabad,2019-10-25,23.537,0
Hyderabad,2019-10-26,18.81,0
Hyderabad,2019-10-27,40.652,0
Hyderabad,2019-10-28,64.093,1
Hyderabad,2019-10-29,42.044,0
Hyderabad,2019-10-30,40.413,0
Hyderabad,2019-10-31,21.394,0
Hyderabad,2019-11-01,22.509,0
Hyderabad,2019-11-02,29.979,0
Hyderabad,2019-11-03,37.223,0
Hyderabad,2019-11-04,57.609,0
Hyderabad,2019-11-05,84.849,1
Hyderabad,2019-11-06,84.001,1
Hyderabad,2019-11-07,70.704,1
Hyderabad,2019-11-08,69.803,1
Hyderabad,2019-11-09,81.347,1
Hyderabad,2019-11-10,72.384,1
Hyderabad,2019-11-11,60.059,1
Hyderabad,2019-11-12,56.271,0
Hyderabad,2019-11-13,62.645,1
Hyderabad,2019-11-14,67.768,1
Hyderabad,2019-11-15,69.15,1
Hyderabad,2019-11-16,66.419,1
Hyderabad,2019-11-17,70.791,1
Hyderabad,2019-11-18,76.028,1
Hyderabad,2019-11-19,82.722,1
Hyderabad,2019-11-20,84.112,1
Hyderabad,2019-11-21,78.626,1
Hyderabad,2019-11-22,76.705,1
Hyderabad,2019-11-23,75.819,1
Hyderabad,2019-11-24,80.31,1
Hyderabad,2019-11-25,86.183,1
Hyderabad,2019-11-26,80.876,1
Hyderabad,2019-11-27,71.3,1
Hyderabad,2019-11-28,74.494,1
Hyderabad,2019-11-29,62.425,1
Hyderabad,2019-11-30,63.808,1
Hyderabad,2019-12-01,61.974,1
Hyderabad,2019-12-02,45.571,0
Hyderabad,2019-12-03,47.657,0
Hyderabad,2019-12-04,79.367,1
Hyderabad,2019-12-05,82.438,1
Hyderabad,2019-12-06,85.818,1
Hyderabad,2019-12-07,83.289,1
Hyderabad,2019-12-08,67.071,1
Hyderabad,2019-12-09,57.775,0
Hyderabad,2019-12-10,58.144,0
Hyderabad,2019-12-11,64.733,1
Hyderabad,2019-12-12,55.765,0
Hyderabad,2019-12-13,31.859,0
Hyderabad,2019-12-14,40.801,0
Hyderabad,2019-12-15,43.432,0
Hyderabad,2019-12-16,50.84,0
Hyderabad,2019-12-17,69.16,1
Hyderabad,2019-12-18,75.721,1
Hyderabad,2019-12-19,75.656,1
Hyderabad,2019-12-20,78.862,1
Hyderabad,2019-12-21,82.096,1
Hyderabad,2019-12-22,77.149,1
Hyderabad,2019-12-23,74.418,1
Hyderabad,2019-12-24,62.379,1
Hyderabad,2019-12-25,72.063,1
Hyderabad,2019-12-26,62.791,1
Hyderabad,2019-12-27,56.299,0
Hyderabad,2019-12-28,73.731,1
Hyderabad,2019-12-29,80.227,1
Hyderabad,2019-12-30,72.021,1
Hyderabad,2019-12-31,47.371,0
Hyderabad,2020-01-01,41.188,0
Hyderabad,2020-01-02,30.804,0
Hyderabad,2020-01-03,33.088,0
Hyderabad,2020-01-04,57.962,0
Hyderabad,2020-01-05,64.515,1
Hyderabad,2020-01-06,56.856,0
Hyderabad,2020-01-07,51.105,0
Hyderabad,2020-01-08,40.035,0
Hyderabad,2020-01-09,46.448,0
Hyderabad,2020-01-10,74.354,1
Hyderabad,2020-01-11,74.553,1
Hyderabad,2020-01-12,67.371,1
Hyderabad,2020-01-13,65.688,1
Hyderabad,2020-01-14,72.245,1
Hyderabad,2020-01-15,50.23,0
Hyderabad,2020-01-16,35.28,0
Hyderabad,2020-01-17,31.158,0
Hyderabad,2020-01-18,35.01,0
Hyderabad,2020-01-19,34.14,0
Hyderabad,2020-01-20,39.98,0
Hyderabad,2020-01-21,37.272,0
Hyderabad,2020-01-22,38.788,0
Hyderabad,2020-01-23,56.375,0
Hyderabad,2020-01-24,63.094,1
Hyderabad,2020-01-25,67.007,1
Hyderabad,2020-01-26,62.521,1
Hyderabad,2020-01-27,57.994,0
Hyderabad,2020-01-28,51.375,0
Hyderabad,2020-01-29,58.147,0
Hyderabad,2020-01-30,68.198,1
Hyderabad,2020-01-31,59.224,0
Hyderabad,2020-02-01,38.882,0
Hyderabad,2020-02-02,40.198,0
Hyderabad,2020-02-03,36.941,0
Hyderabad,2020-02-04,27.765,0
Hyderabad,2020-02-05,32.729,0
Hyderabad,2020-02-06,30.563,0
Hyderabad,2020-02-07,32.208,0
Hyderabad,2020-02-08,38.496,0
Hyderabad,2020-02-09,41.491,0
Hyderabad,2020-02-10,39.278,0
Hyderabad,2020-02-11,42.702,0
Hyderabad,2020-02-12,56.385,0
Hyderabad,2020-02-13,61.855,1
Hyderabad,2020-02-14,74.29,1
Hyderabad,2020-02-15,66.961,1
Hyderabad,2020-02-16,65.608,1
Hyderabad,2020-02-17,59.746,0
Hyderabad,2020-02-18,45.928,0
Hyderabad,2020-02-19,49.601,0
Hyderabad,2020-02-20,45.567,0
Hyderabad,2020-02-21,35.27,0
Hyderabad,2020-02-22,28.81,0
Hyderabad,2020-02-23,25.604,0
Hyderabad,2020-02-24,32.515,0
Hyderabad,2020-02-25,42.142,0
Hyderabad,2020-02-26,55.837,0
Hyderabad,2020-02-27,38.487,0
Hyderabad,2020-02-28,40.353,0
Hyderabad,2020-02-29,42.436,0
Hyderabad,2020-03-01,43.212,0
Hyderabad,2020-03-02,48.602,0
Hyderabad,2020-03-03,49.59,0
Hyderabad,2020-03-04,46.507,0
Hyderabad,2020-03-05,57.232,0
Hyderabad,2020-03-06,33.871,0
Hyderabad,2020-03-07,38.581,0
Hyderabad,2020-03-08,33.935,0
Hyderabad,2020-03-09,32.837,0
Hyderabad,2020-03-10,25.665,0
Hyderabad,2020-03-11,29.934,0
Hyderabad,2020-03-12,31.533,0
Hyderabad,2020-03-13,27.51,0
Hyderabad,2020-03-14,33.446,0
Hyderabad,2020-03-15,32.031,0
Hyderabad,2020-03-16,27.855,0
Hyderabad,2020-03-17,25.079,0
Hyderabad,2020-03-18,26.316,0
Hyderabad,2020-03-19,43.393,0
Hyderabad,2020-03-20,33.706,0
Hyderabad,2020-03-21,39.853,0
Hyderabad,2020-03-22,37.997,0
Hyderabad,2020-03-23,37.972,0
Hyderabad,2020-03-24,28.748,0
Hyderabad,2020-03-25,28.472,0
Hyderabad,2020-03-26,28.999,0
Hyderabad,2020-03-27,34.092,0
Hyderabad,2020-03-28,36.165,0
Hyderabad,2020-03-29,42.075,0
Hyderabad,2020-03-30,34.791,0
Hyderabad,2020-03-31,42.415,0
Hyderabad,2020-04-01,47.962,0
Hyderabad,2020-04-02,48.046,0
Hyderabad,2020-04-03,38.126,0
Hyderabad,2020-04-04,37.34,0
Hyderabad,2020-04-05,30.177,0
Hyderabad,2020-04-06,27.866,0
Hyderabad,2020-04-07,19.756,0
Hyderabad,2020-04-08,19.936,0
Hyderabad,2020-04-09,29.362,0
Hyderabad,2020-04-10,18.951,0
Hyderabad,2020-04-11,23.988,0
Hyderabad,2020-04-12,33.405,0
Hyderabad,2020-04-13,35.211,0
Hyderabad,2020-04-14,38.068,0
Hyderabad,2020-04-15,33.989,0
Hyderabad,2020-04-16,37.128,0
Hyderabad,2020-04-17,38.441,0
Hyderabad,2020-04-18,35.668,0
Hyderabad,2020-04-19,30.214,0
Hyderabad,2020-04-20,26.474,0
Hyderabad,2020-04-21,22.831,0
Hyderabad,2020-04-22,25.119,0
Hyderabad,2020-04-23,27.568,0
Hyderabad,2020-04-24,28.986,0
Hyderabad,2020-04-25,31.762,0
Hyderabad,2020-04-26,29.905,0
Hyderabad,2020-04-27,23.507,0
Hyderabad,2020-04-28,23.359,0
Hyderabad,2020-04-29,16.03,0
Hyderabad,2020-04-30,21.121,0
Hyderabad,2020-05-01,22.688,0
Hyderabad,2020-05-02,24.618,0
Hyderabad,2020-05-03,33.029,0
Hyderabad,2020-05-04,28.182,0
Hyderabad,2020-05-05,31.358,0
Hyderabad,2020-05-06,25.184,0
Hyderabad,2020-05-07,26.838,0
Hyderabad,2020-05-08,27.459,0
Hyderabad,2020-05-09,29.565,0
Hyderabad,2020-05-10,28.149,0
Hyderabad,2020-05-11,38.654,0
Hyderabad,2020-05-12,32.09,0
Hyderabad,2020-05-13,24.099,0
Hyderabad,2020-05-14,25.063,0
Hyderabad,2020-05-15,24.125,0
Hyderabad,2020-05-16,27.65,0
Hyderabad,2020-05-17,32.472,0
Hyderabad,2020-05-18,31.049,0
Hyderabad,2020-05-19,42.405,0
Hyderabad,2020-05-20,36.624,0
Hyderabad,2020-05-21,31.59,0
Hyderabad,2020-05-22,39.911,0
Hyderabad,2020-05-23,44.092,0
Hyderabad,2020-05-24,41.029,0
Hyderabad,2020-05-25,33.067,0
Hyderabad,2020-05-26,32.507,0
Hyderabad,2020-05-27,28.663,0
Hyderabad,2020-05-28,26.699,0
Hyderabad,2020-05-29,21.066,0
Hyderabad,2020-05-30,18.565,0
Hyderabad,2020-05-31,25.168,0
Hyderabad,2020-06-01,29.997,0
Hyderabad,2020-06-02,16.466,0
Hyderabad,2020-06-03,11.745,0
Hyderabad,2020-06-04,13.929,0
Hyderabad,2020-06-05,19.574,0
Hyderabad,2020-06-06,23.024,0
Hyderabad,2020-06-07,19.494,0
Hyderabad,2020-06-08,20.202,0
Hyderabad,2020-06-09,17.959,0
Hyderabad,2020-06-10,20.258,0
Hyderabad,2020-06-11,19.961,0
Hyderabad,2020-06-12,17.193,0
Hyderabad,2020-06-13,9.873,0
Hyderabad,2020-06-14,9.805,0
Hyderabad,2020-06-15,13.535,0
Hyderabad,2020-06-16,10.314,0
Hyderabad,2020-06-17,10.306,0
Hyderabad,2020-06-18,14.036,0
Hyderabad,2020-06-19,20.188,0
Hyderabad,2020-06-20,22.503,0
Hyderabad,2020-06-21,24.005,0
Hyderabad,2020-06-22,22.913,0
Hyderabad,2020-06-23,22.36,0
Hyderabad,2020-06-24,21.252,0
Hyderabad,2020-06-25,22.412,0
Hyderabad,2020-06-26,27.046,0
Hyderabad,2020-06-27,23.288,0
Hyderabad,2020-06-28,15.8,0
Hyderabad,2020-06-29,20.236,0
Hyderabad,2020-06-30,19.376,0
Kolkata,2018-04-11,29.527,0
Kolkata,2018-04-12,21.698,0
Kolkata,2018-04-13,23.088,0
Kolkata,2018-04-14,21.557,0
Kolkata,2018-04-15,30.278,0
Kolkata,2018-04-16,26.724,0
Kolkata,2018-06-16,47.548,0
Kolkata,2018-06-17,45.043,0
Kolkata,2018-06-18,50.101,0
Kolkata,2018-06-19,39.255,0
Kolkata,2018-06-20,24.218,0
Kolkata,2018-06-21,31.683,0
Kolkata,2018-06-22,24.376,0
Kolkata,2018-06-23,22.949,0
Kolkata,2018-06-24,24.61,0
Kolkata,2018-06-25,28.18,0
Kolkata,2018-06-26,30.501,0
Kolkata,2018-06-27,22.659,0
Kolkata,2018-06-28,25.593,0
Kolkata,2018-06-29,16.113,0
Kolkata,2018-06-30,28.702,0
Kolkata,2018-07-01,27.702,0
Kolkata,2018-07-02,29.262,0
Kolkata,2018-07-03,27.811,0
Kolkata,2018-07-04,33.609,0
Kolkata,2018-07-05,52.743,0
Kolkata,2018-07-06,40.263,0
Kolkata,2018-07-07,18.535,0
Kolkata,2018-07-08,9.843,0
Kolkata,2018-07-09,15.7,0
Kolkata,2018-07-10,18.808,0
Kolkata,2018-07-11,17.941,0
Kolkata,2018-07-12,18.377,0
Kolkata,2018-07-13,13.551,0
Kolkata,2018-07-14,12.255,0
Kolkata,2018-07-15,7.719,0
Kolkata,2018-07-16,7.642,0
Kolkata,2018-07-17,12.9,0
Kolkata,2018-07-18,14.351,0
Kolkata,2018-07-19,16.16,0
Kolkata,2018-07-20,17.752,0
Kolkata,2018-07-21,6.056,0
Kolkata,2018-07-22,6.679,0
Kolkata,2018-07-23,22.763,0
Kolkata,2018-07-24,23.917,0
Kolkata,2018-07-25,32.586,0
Kolkata,2018-07-26,23.627,0
Kolkata,2018-07-27,28.194,0
Kolkata,2018-07-28,40.402,0
Kolkata,2018-07-29,44.143,0
Kolkata,2018-07-30,33.255,0
Kolkata,2018-07-31,37.07,0
Kolkata,2018-08-01,31.013,0
Kolkata,2018-08-02,33.292,0
Kolkata,2018-08-03,41.844,0
Kolkata,2018-08-04,42.382,0
Kolkata,2018-08-05,33.39,0
Kolkata,2018-08-06,33.483,0
Kolkata,2018-08-07,15.576,0
Kolkata,2018-08-08,18.051,0
Kolkata,2018-08-09,17.702,0
Kolkata,2018-08-10,22.565,0
Kolkata,2018-08-11,19.169,0
Kolkata,2018-08-12,16.077,0
Kolkata,2018-08-13,15.027,0
Kolkata,2018-08-14,11.388,0
Kolkata,2018-08-15,6.929,0
Kolkata,2018-08-16,12.172,0
Kolkata,2018-08-17,16.128,0
Kolkata,2018-08-18,17.005,0
Kolkata,2018-08-19,27.157,0
Kolkata,2018-08-20,13.436,0
Kolkata,2018-08-21,8.155,0
Kolkata,2018-08-22,23.34,0
Kolkata,2018-08-23,30.552,0
Kolkata,2018-08-24,30.264,0
Kolkata,2018-08-25,20.943,0
Kolkata,2018-08-26,7.927,0
Kolkata,2018-08-27,7.046,0
Kolkata,2018-08-28,12.624,0
Kolkata,2018-08-29,14.529,0
Kolkata,2018-08-30,29.252,0
Kolkata,2018-08-31,33.6,0
Kolkata,2018-09-01,12.813,0
Kolkata,2018-09-02,17.658,0
Kolkata,2018-09-03,33.709,0
Kolkata,2018-09-04,49.028,0
Kolkata,2018-09-05,29.752,0
Kolkata,2018-09-06,11.173,0
Kolkata,2018-09-07,14.204,0
Kolkata,2018-09-08,20.142,0
Kolkata,2018-09-09,19.4,0
Kolkata,2018-09-10,29.06,0
Kolkata,2018-09-11,35.317,0
Kolkata,2018-09-12,46.226,0
Kolkata,2018-09-13,56.842,0
Kolkata,2018-09-14,55.871,0
Kolkata,2018-09-15,56.611,0
Kolkata,2018-09-16,61.519,1
Kolkata,2018-09-17,66.041,1
Kolkata,2018-09-18,61.134,1
Kolkata,2018-09-19,62.885,1
Kolkata,2018-09-20,19.062,0
Kolkata,2018-09-21,7.63,0
Kolkata,2018-09-22,15.652,0
Kolkata,2018-09-23,19.859,0
Kolkata,2018-09-24,21.667,0
Kolkata,2018-09-25,35.848,0
Kolkata,2018-09-26,46.438,0
Kolkata,2018-09-27,57.588,0
Kolkata,2018-09-28,63.567,1
Kolkata,2018-09-29,60.23,1
Kolkata,2018-09-30,66.415,1
Kolkata,2018-10-01,70.584,1
Kolkata,2018-10-02,62.531,1
Kolkata,2018-10-03,61.407,1
Kolkata,2018-10-04,79.58,1
Kolkata,2018-10-05,91.059,1
Kolkata,2018-10-06,99.646,1
Kolkata,2018-10-07,101.688,1
Kolkata,2018-10-08,102.418,1
Kolkata,2018-10-09,49.396,0
Kolkata,2018-10-10,9.55,0
Kolkata,2018-10-11,8.505,0
Kolkata,2018-10-12,17.348,0
Kolkata,2018-10-13,22.457,0
Kolkata,2018-10-14,34.8,0
Kolkata,2018-10-15,48.458,0
Kolkata,2018-10-16,59.258,0
Kolkata,2018-10-17,86.874,1
Kolkata,2018-10-18,79.181,1
Kolkata,2018-10-19,83.308,1
Kolkata,2018-10-20,100.265,1
Kolkata,2018-10-21,97.882,1
Kolkata,2018-10-22,100.16,1
Kolkata,2018-10-23,107.635,1
Kolkata,2018-10-24,100.854,1
Kolkata,2018-10-25,91.935,1
Kolkata,2018-10-26,123.377,1
Kolkata,2018-10-27,106.579,1
Kolkata,2018-10-28,83.475,1
Kolkata,2018-10-29,28.527,0
Kolkata,2018-10-30,17.268,0
Kolkata,2018-10-31,9.37,0
Kolkata,2018-11-01,23.177,0
Kolkata,2018-11-02,30.717,0
Kolkata,2018-11-03,41.747,0
Kolkata,2018-11-04,30.555,0
Kolkata,2018-11-05,32.081,0
Kolkata,2018-11-06,102.657,1
Kolkata,2018-11-07,233.102,1
Kolkata,2018-11-08,276.334,1
Kolkata,2018-11-09,183.882,1
Kolkata,2018-11-10,171.76,1
Kolkata,2018-11-11,132.369,1
Kolkata,2018-11-12,143.84,1
Kolkata,2018-11-13,183.64,1
Kolkata,2018-11-14,190.032,1
Kolkata,2018-11-15,172.801,1
Kolkata,2018-11-16,142.649,1
Kolkata,2018-11-17,131.495,1
Kolkata,2018-11-18,156.474,1
Kolkata,2018-11-19,130.822,1
Kolkata,2018-11-20,160.558,1
Kolkata,2018-11-21,154.974,1
Kolkata,2018-11-22,199.318,1
Kolkata,2018-11-23,187.212,1
Kolkata,2018-11-24,206.07,1
Kolkata,2018-11-25,243.932,1
Kolkata,2018-11-26,164.481,1
Kolkata,2018-11-27,99.56,1
Kolkata,2018-11-28,98.388,1
Kolkata,2018-11-29,105.525,1
Kolkata,2018-11-30,116.972,1
Kolkata,2018-12-01,153.411,1
Kolkata,2018-12-02,153.389,1
Kolkata,2018-12-03,168.374,1
Kolkata,2018-12-04,183.934,1
Kolkata,2018-12-05,239.875,1
Kolkata,2018-12-06,220.71,1
Kolkata,2018-12-07,267.928,1
Kolkata,2018-12-08,253.804,1
Kolkata,2018-12-09,227.129,1
Kolkata,2018-12-10,199.91,1
Kolkata,2018-12-11,211.394,1
Kolkata,2018-12-12,183.492,1
Kolkata,2018-12-13,130.862,1
Kolkata,2018-12-14,130.092,1
Kolkata,2018-12-15,133.608,1
Kolkata,2018-12-16,121.377,1
Kolkata,2018-12-17,116.946,1
Kolkata,2018-12-18,64.149,1
Kolkata,2018-12-19,74.224,1
Kolkata,2018-12-20,122.109,1
Kolkata,2018-12-21,204.44,1
Kolkata,2018-12-22,231.211,1
Kolkata,2018-12-23,204.649,1
Kolkata,2018-12-24,177.508,1
Kolkata,2018-12-25,209.44,1
Kolkata,2018-12-26,197.411,1
Kolkata,2018-12-27,258.545,1
Kolkata,2018-12-28,222.125,1
Kolkata,2018-12-29,237.115,1
Kolkata,2018-12-30,187.298,1
Kolkata,2018-12-31,177.212,1
Kolkata,2019-01-01,209.308,1
Kolkata,2019-01-02,172.389,1
Kolkata,2019-01-03,244.09,1
Kolkata,2019-01-04,264.845,1
Kolkata,2019-01-05,219.263,1
Kolkata,2019-01-06,159.432,1
Kolkata,2019-01-07,158.886,1
Kolkata,2019-01-08,175.468,1
Kolkata,2019-01-09,189.253,1
Kolkata,2019-01-10,227.081,1
Kolkata,2019-01-11,211.006,1
Kolkata,2019-01-12,264.752,1
Kolkata,2019-01-13,219.444,1
Kolkata,2019-01-14,282.895,1
Kolkata,2019-01-15,217.594,1
Kolkata,2019-01-16,157.297,1
Kolkata,2019-01-17,208.747,1
Kolkata,2019-01-18,230.947,1
Kolkata,2019-01-19,269.062,1
Kolkata,2019-01-20,252.42,1
Kolkata,2019-01-21,266.103,1
Kolkata,2019-01-22,304.741,1
Kolkata,2019-01-23,282.8,1
Kolkata,2019-01-24,214.445,1
Kolkata,2019-01-25,157.137,1
Kolkata,2019-01-26,126.078,1
Kolkata,2019-01-27,112.942,1
Kolkata,2019-01-28,112.491,1
Kolkata,2019-01-29,97.055,1
Kolkata,2019-01-30,103.58,1
Kolkata,2019-01-31,153.887,1
Kolkata,2019-02-01,163.65,1
Kolkata,2019-02-02,207.092,1
Kolkata,2019-02-03,183.643,1
Kolkata,2019-02-04,164.481,1
Kolkata,2019-02-05,169.858,1
Kolkata,2019-02-06,194.508,1
Kolkata,2019-02-07,180.673,1
Kolkata,2019-02-08,153.278,1
Kolkata,2019-02-09,113.112,1
Kolkata,2019-02-10,57.846,0
Kolkata,2019-02-11,90.046,1
Kolkata,2019-02-12,125.975,1
Kolkata,2019-02-13,130.909,1
Kolkata,2019-02-14,195.336,1
Kolkata,2019-02-15,206.83,1
Kolkata,2019-02-16,115.803,1
Kolkata,2019-02-17,96.52,1
Kolkata,2019-02-18,113.34,1
Kolkata,2019-02-19,152.163,1
Kolkata,2019-02-20,95.727,1
Kolkata,2019-02-21,157.093,1
Kolkata,2019-02-22,94.939,1
Kolkata,2019-02-23,106.788,1
Kolkata,2019-02-24,114.954,1
Kolkata,2019-02-25,81.448,1
Kolkata,2019-02-26,49.398,0
Kolkata,2019-02-27,28.955,0
Kolkata,2019-02-28,36.084,0
Kolkata,2019-03-01,60.77,1
Kolkata,2019-03-02,85.846,1
Kolkata,2019-03-03,114.862,1
Kolkata,2019-03-04,97.475,1
Kolkata,2019-03-05,56.438,0
Kolkata,2019-03-06,73.884,1
Kolkata,2019-03-07,89.055,1
Kolkata,2019-03-08,82.358,1
Kolkata,2019-03-09,85.523,1
Kolkata,2019-03-10,66.322,1
Kolkata,2019-03-11,64.167,1
Kolkata,2019-03-12,89.996,1
Kolkata,2019-03-13,68.866,1
Kolkata,2019-03-14,89.976,1
Kolkata,2019-03-15,88.463,1
Kolkata,2019-03-16,52.897,0
Kolkata,2019-03-17,75.403,1
Kolkata,2019-03-18,48.065,0
Kolkata,2019-03-19,60.477,1
Kolkata,2019-03-20,67.033,1
Kolkata,2019-03-21,60.105,1
Kolkata,2019-03-22,50.034,0
Kolkata,2019-03-23,67.631,1
Kolkata,2019-03-24,81.817,1
Kolkata,2019-03-25,100.224,1
Kolkata,2019-03-26,82.49,1
Kolkata,2019-03-27,62.356,1
Kolkata,2019-03-28,61.162,1
Kolkata,2019-03-29,53.718,0
Kolkata,2019-03-30,54.171,0
Kolkata,2019-03-31,50.231,0
Kolkata,2019-04-01,27.98,0
Kolkata,2019-04-02,47.532,0
Kolkata,2019-04-03,43.552,0
Kolkata,2019-04-04,41.467,0
Kolkata,2019-04-05,43.051,0
Kolkata,2019-04-06,41.819,0
Kolkata,2019-04-07,33.475,0
Kolkata,2019-04-08,34.901,0
Kolkata,2019-04-09,36.383,0
Kolkata,2019-04-10,30.364,0
Kolkata,2019-04-11,36.287,0
Kolkata,2019-04-12,34.965,0
Kolkata,2019-04-13,38.398,0
Kolkata,2019-04-14,37.684,0
Kolkata,2019-04-15,37.91,0
Kolkata,2019-04-16,52.467,0
Kolkata,2019-04-17,64.222,1
Kolkata,2019-04-18,76.596,1
Kolkata,2019-04-19,77.816,1
Kolkata,2019-04-20,55.143,0
Kolkata,2019-04-21,41.445,0
Kolkata,2019-04-22,47.491,0
Kolkata,2019-04-23,38.948,0
Kolkata,2019-04-24,36.62,0
Kolkata,2019-04-25,32.449,0
Kolkata,2019-04-26,40.707,0
Kolkata,2019-04-27,46.85,0
Kolkata,2019-04-28,37.933,0
Kolkata,2019-04-29,27.824,0
Kolkata,2019-04-30,24.325,0
Kolkata,2019-05-01,19.238,0
Kolkata,2019-05-02,17.81,0
Kolkata,2019-05-03,16.592,0
Kolkata,2019-05-04,22.34,0
Kolkata,2019-05-05,55.449,0
Kolkata,2019-05-06,55.402,0
Kolkata,2019-05-07,61.778,1
Kolkata,2019-05-08,67.405,1
Kolkata,2019-05-09,66.573,1
Kolkata,2019-05-10,65.47,1
Kolkata,2019-05-11,55.404,0
Kolkata,2019-05-12,53.61,0
Kolkata,2019-05-13,47.278,0
Kolkata,2019-05-14,37.397,0
Kolkata,2019-05-15,42.186,0
Kolkata,2019-05-16,44.948,0
Kolkata,2019-05-17,52.68,0
Kolkata,2019-05-18,50.035,0
Kolkata,2019-05-19,51.417,0
Kolkata,2019-05-20,43.741,0
Kolkata,2019-05-21,38.553,0
Kolkata,2019-05-22,40.306,0
Kolkata,2019-05-23,32.477,0
Kolkata,2019-05-24,33.175,0
Kolkata,2019-05-25,30.368,0
Kolkata,2019-05-26,36.762,0
Kolkata,2019-05-27,47.247,0
Kolkata,2019-05-28,43.535,0
Kolkata,2019-05-29,44.231,0
Kolkata,2019-05-30,37.549,0
Kolkata,2019-05-31,31.786,0
Kolkata,2019-06-01,36.253,0
Kolkata,2019-06-02,28.842,0
Kolkata,2019-06-03,31.324,0
Kolkata,2019-06-04,31.926,0
Kolkata,2019-06-05,27.663,0
Kolkata,2019-06-06,20.301,0
Kolkata,2019-06-07,19.044,0
Kolkata,2019-06-08,15.873,0
Kolkata,2019-06-09,31.076,0
Kolkata,2019-06-10,34.281,0
Kolkata,2019-06-11,31.036,0
Kolkata,2019-06-12,32.608,0
Kolkata,2019-06-13,43.518,0
Kolkata,2019-06-14,52.05,0
Kolkata,2019-06-15,37.142,0
Kolkata,2019-06-16,31.522,0
Kolkata,2019-06-17,50.577,0
Kolkata,2019-06-18,48.864,0
Kolkata,2019-06-19,50.993,0
Kolkata,2019-06-20,41.768,0
Kolkata,2019-06-21,19.239,0
Kolkata,2019-06-22,19.232,0
Kolkata,2019-06-23,17.542,0
Kolkata,2019-06-24,26.086,0
Kolkata,2019-06-25,21.929,0
Kolkata,2019-06-26,19.683,0
Kolkata,2019-06-27,22.857,0
Kolkata,2019-06-28,31.59,0
Kolkata,2019-06-29,44.033,0
Kolkata,2019-06-30,47.536,0
Kolkata,2019-07-01,23.158,0
Kolkata,2019-07-02,17.601,0
Kolkata,2019-07-03,20.476,0
Kolkata,2019-07-04,32.086,0
Kolkata,2019-07-05,27.602,0
Kolkata,2019-07-06,28.758,0
Kolkata,2019-07-07,19.646,0
Kolkata,2019-07-08,27.939,0
Kolkata,2019-07-09,26.938,0
Kolkata,2019-07-10,26.202,0
Kolkata,2019-07-11,28.698,0
Kolkata,2019-07-12,29.635,0
Kolkata,2019-07-13,35.302,0
Kolkata,2019-07-14,41.914,0
Kolkata,2019-07-15,45.479,0
Kolkata,2019-07-16,43.736,0
Kolkata,2019-07-17,57.597,0
Kolkata,2019-07-18,44.176,0
Kolkata,2019-07-19,15.02,0
Kolkata,2019-07-20,22.916,0
Kolkata,2019-07-21,25.98,0
Kolkata,2019-07-22,19.901,0
Kolkata,2019-07-23,16.058,0
Kolkata,2019-07-24,14.625,0
Kolkata,2019-07-25,36.897,0
Kolkata,2019-07-26,32.16,0
Kolkata,2019-07-27,25.093,0
Kolkata,2019-07-28,12.072,0
Kolkata,2019-07-29,10.118,0
Kolkata,2019-07-30,21.442,0
Kolkata,2019-07-31,23.401,0
Kolkata,2019-08-01,23.61,0
Kolkata,2019-08-02,17.932,0
Kolkata,2019-08-03,25.218,0
Kolkata,2019-08-04,39.374,0
Kolkata,2019-08-05,33.974,0
Kolkata,2019-08-06,25.884,0
Kolkata,2019-08-07,9.065,0
Kolkata,2019-08-08,11.364,0
Kolkata,2019-08-09,21.698,0
Kolkata,2019-08-10,32.784,0
Kolkata,2019-08-11,45.574,0
Kolkata,2019-08-12,29.858,0
Kolkata,2019-08-13,13.169,0
Kolkata,2019-08-14,29.602,0
Kolkata,2019-08-15,25.808,0
Kolkata,2019-08-16,27.987,0
Kolkata,2019-08-17,20.918,0
Kolkata,2019-08-18,18.302,0
Kolkata,2019-08-19,13.95,0
Kolkata,2019-08-20,27.413,0
Kolkata,2019-08-21,30.307,0
Kolkata,2019-08-22,31.914,0
Kolkata,2019-08-23,18.154,0
Kolkata,2019-08-24,18.413,0
Kolkata,2019-08-25,13.742,0
Kolkata,2019-08-26,12.825,0
Kolkata,2019-08-27,16.675,0
Kolkata,2019-08-28,24.71,0
Kolkata,2019-08-29,14.306,0
Kolkata,2019-08-30,18.829,0
Kolkata,2019-08-31,16.543,0
Kolkata,2019-09-01,26.159,0
Kolkata,2019-09-02,15.995,0
Kolkata,2019-09-03,10.645,0
Kolkata,2019-09-04,10.369,0
Kolkata,2019-09-05,10.019,0
Kolkata,2019-09-06,8.769,0
Kolkata,2019-09-07,11.063,0
Kolkata,2019-09-08,12.626,0
Kolkata,2019-09-09,18.894,0
Kolkata,2019-09-10,20.961,0
Kolkata,2019-09-11,15.061,0
Kolkata,2019-09-12,18.299,0
Kolkata,2019-09-13,13.732,0
Kolkata,2019-09-14,18.342,0
Kolkata,2019-09-15,22.117,0
Kolkata,2019-09-16,20.665,0
Kolkata,2019-09-17,19.195,0
Kolkata,2019-09-18,12.375,0
Kolkata,2019-09-19,9.88,0
Kolkata,2019-09-20,20.571,0
Kolkata,2019-09-21,26.918,0
Kolkata,2019-09-22,22.267,0
Kolkata,2019-09-23,13.458,0
Kolkata,2019-09-24,7.862,0
Kolkata,2019-09-25,11.708,0
Kolkata,2019-09-26,18.455,0
Kolkata,2019-09-27,19.268,0
Kolkata,2019-09-28,19.661,0
Kolkata,2019-09-29,14.965,0
Kolkata,2019-09-30,14.363,0
Kolkata,2019-10-01,32.508,0
Kolkata,2019-10-02,53.477,0
Kolkata,2019-10-03,38.11,0
Kolkata,2019-10-04,32.155,0
Kolkata,2019-10-05,36.385,0
Kolkata,2019-10-06,41.4,0
Kolkata,2019-10-07,33.216,0
Kolkata,2019-10-08,25.155,0
Kolkata,2019-10-09,11.609,0
Kolkata,2019-10-10,14.75,0
Kolkata,2019-10-11,37.233,0
Kolkata,2019-10-12,50.348,0
Kolkata,2019-10-13,69.611,1
Kolkata,2019-10-14,69.895,1
Kolkata,2019-10-15,64.09,1
Kolkata,2019-10-16,56.621,0
Kolkata,2019-10-17,50.03,0
Kolkata,2019-10-18,62.88,1
Kolkata,2019-10-19,61.121,1
Kolkata,2019-10-20,62.995,1
Kolkata,2019-10-21,87.181,1
Kolkata,2019-10-22,68.665,1
Kolkata,2019-10-23,83.627,1
Kolkata,2019-10-24,34.466,0
Kolkata,2019-10-25,17.386,0
Kolkata,2019-10-26,33.331,0
Kolkata,2019-10-27,97.83,1
Kolkata,2019-10-28,129.593,1
Kolkata,2019-10-29,120.121,1
Kolkata,2019-10-30,102.543,1
Kolkata,2019-10-31,106.31,1
Kolkata,2019-11-01,101.587,1
Kolkata,2019-11-02,75.18,1
Kolkata,2019-11-03,67.159,1
Kolkata,2019-11-04,71.908,1
Kolkata,2019-11-05,118.344,1
Kolkata,2019-11-06,141.213,1
Kolkata,2019-11-07,88.067,1
Kolkata,2019-11-08,50.553,0
Kolkata,2019-11-09,11.921,0
Kolkata,2019-11-10,19.396,0
Kolkata,2019-11-11,31.735,0
Kolkata,2019-11-12,83.3,1
Kolkata,2019-11-13,93.945,1
Kolkata,2019-11-14,78.475,1
Kolkata,2019-11-15,73.734,1
Kolkata,2019-11-16,86.918,1
Kolkata,2019-11-17,91.888,1
Kolkata,2019-11-18,106.342,1
Kolkata,2019-11-19,94.08,1
Kolkata,2019-11-20,93.965,1
Kolkata,2019-11-21,90.03,1
Kolkata,2019-11-22,89.426,1
Kolkata,2019-11-23,110.703,1
Kolkata,2019-11-24,132.427,1
Kolkata,2019-11-25,117.234,1
Kolkata,2019-11-26,117.32,1
Kolkata,2019-11-27,114.916,1
Kolkata,2019-11-28,74.28,1
Kolkata,2019-11-29,83.262,1
Kolkata,2019-11-30,107.678,1
Kolkata,2019-12-01,92.93,1
Kolkata,2019-12-02,82.722,1
Kolkata,2019-12-03,95.061,1
Kolkata,2019-12-04,101.365,1
Kolkata,2019-12-05,85.686,1
Kolkata,2019-12-06,71.725,1
Kolkata,2019-12-07,68.229,1
Kolkata,2019-12-08,76.404,1
Kolkata,2019-12-09,61.416,1
Kolkata,2019-12-10,57.401,0
Kolkata,2019-12-11,74.255,1
Kolkata,2019-12-12,67.184,1
Kolkata,2019-12-13,101.927,1
Kolkata,2019-12-14,121.477,1
Kolkata,2019-12-15,96.638,1
Kolkata,2019-12-16,60.88,1
Kolkata,2019-12-17,65.045,1
Kolkata,2019-12-18,69.507,1
Kolkata,2019-12-19,68.657,1
Kolkata,2019-12-20,83.061,1
Kolkata,2019-12-21,121.136,1
Kolkata,2019-12-22,109.382,1
Kolkata,2019-12-23,120.655,1
Kolkata,2019-12-24,123.923,1
Kolkata,2019-12-25,104.645,1
Kolkata,2019-12-26,107.723,1
Kolkata,2019-12-27,79.438,1
Kolkata,2019-12-28,118.6,1
Kolkata,2019-12-29,95.052,1
Kolkata,2019-12-30,114.009,1
Kolkata,2019-12-31,128.668,1
Kolkata,2020-01-01,128.618,1
Kolkata,2020-01-02,114.729,1
Kolkata,2020-01-03,54.29,0
Kolkata,2020-01-04,47.11,0
Kolkata,2020-01-05,91.776,1
Kolkata,2020-01-06,94.413,1
Kolkata,2020-01-07,101.145,1
Kolkata,2020-01-08,107.825,1
Kolkata,2020-01-09,84.879,1
Kolkata,2020-01-10,84.492,1
Kolkata,2020-01-11,78.535,1
Kolkata,2020-01-12,83.171,1
Kolkata,2020-01-13,89.033,1
Kolkata,2020-01-14,146.7,1
Kolkata,2020-01-15,176.49,1
Kolkata,2020-01-16,145.88,1
Kolkata,2020-01-17,111.02,1
Kolkata,2020-01-18,82.65,1
Kolkata,2020-01-19,83.41,1
Kolkata,2020-01-20,62.352,1
Kolkata,2020-01-21,75.025,1
Kolkata,2020-01-22,102.788,1
Kolkata,2020-01-23,118.097,1
Kolkata,2020-01-24,84.273,1
Kolkata,2020-01-25,62.498,1
Kolkata,2020-01-26,106.387,1
Kolkata,2020-01-27,107.796,1
Kolkata,2020-01-28,115.41,1
Kolkata,2020-01-29,51.864,0
Kolkata,2020-01-30,56.91,0
Kolkata,2020-01-31,73.091,1
Kolkata,2020-02-01,61.114,1
Kolkata,2020-02-02,67.007,1
Kolkata,2020-02-03,66.415,1
Kolkata,2020-02-04,79.235,1
Kolkata,2020-02-05,101.355,1
Kolkata,2020-02-06,78.36,1
Kolkata,2020-02-07,80.669,1
Kolkata,2020-02-08,110.109,1
Kolkata,2020-02-09,89.172,1
Kolkata,2020-02-10,80.912,1
Kolkata,2020-02-11,106.368,1
Kolkata,2020-02-12,101.109,1
Kolkata,2020-02-13,99.028,1
Kolkata,2020-02-14,106.873,1
Kolkata,2020-02-15,71.255,1
Kolkata,2020-02-16,100.15,1
Kolkata,2020-02-17,101.373,1
Kolkata,2020-02-18,92.523,1
Kolkata,2020-02-19,84.059,1
Kolkata,2020-02-20,58.631,0
Kolkata,2020-02-21,81.153,1
Kolkata,2020-02-22,107.238,1
Kolkata,2020-02-23,94.775,1
Kolkata,2020-02-24,106.365,1
Kolkata,2020-02-25,82.035,1
Kolkata,2020-02-26,40.942,0
Kolkata,2020-02-27,44.998,0
Kolkata,2020-02-28,73.231,1
Kolkata,2020-02-29,73.675,1
Kolkata,2020-03-01,92.079,1
Kolkata,2020-03-02,97.445,1
Kolkata,2020-03-03,82.476,1
Kolkata,2020-03-04,50.134,0
Kolkata,2020-03-05,34.264,0
Kolkata,2020-03-06,36.101,0
Kolkata,2020-03-07,32.807,0
Kolkata,2020-03-08,37.961,0
Kolkata,2020-03-09,57.008,0
Kolkata,2020-03-10,65.585,1
Kolkata,2020-03-11,56.775,0
Kolkata,2020-03-12,57.541,0
Kolkata,2020-03-13,57.197,0
Kolkata,2020-03-14,52.17,0
Kolkata,2020-03-15,23.341,0
Kolkata,2020-03-16,56.054,0
Kolkata,2020-03-17,61.935,1
Kolkata,2020-03-18,77.164,1
Kolkata,2020-03-19,86.382,1
Kolkata,2020-03-20,42.086,0
Kolkata,2020-03-21,47.221,0
Kolkata,2020-03-22,16.18,0
Kolkata,2020-03-23,29.309,0
Kolkata,2020-03-24,33.213,0
Kolkata,2020-03-25,53.008,0
Kolkata,2020-03-26,37.02,0
Kolkata,2020-03-27,48.102,0
Kolkata,2020-03-28,46.569,0
Kolkata,2020-03-29,40.851,0
Kolkata,2020-03-30,43.557,0
Kolkata,2020-03-31,44.674,0
Kolkata,2020-04-01,50.192,0
Kolkata,2020-04-02,42.512,0
Kolkata,2020-04-03,43.08,0
Kolkata,2020-04-04,60.853,1
Kolkata,2020-04-05,47.775,0
Kolkata,2020-04-06,38.783,0
Kolkata,2020-04-07,39.33,0
Kolkata,2020-04-08,23.449,0
Kolkata,2020-04-09,20.258,0
Kolkata,2020-04-10,19.11,0
Kolkata,2020-04-11,18.031,0
Kolkata,2020-04-12,23.565,0
Kolkata,2020-04-13,24.498,0
Kolkata,2020-04-14,26.65,0
Kolkata,2020-04-15,24.334,0
Kolkata,2020-04-16,30.147,0
Kolkata,2020-04-17,21.85,0
Kolkata,2020-04-18,18.366,0
Kolkata,2020-04-19,13.35,0
Kolkata,2020-04-20,14.569,0
Kolkata,2020-04-21,11.81,0
Kolkata,2020-04-22,16.183,0
Kolkata,2020-04-23,13.484,0
Kolkata,2020-04-24,10.494,0
Kolkata,2020-04-25,15.299,0
Kolkata,2020-04-26,15.742,0
Kolkata,2020-04-27,10.666,0
Kolkata,2020-04-28,7.713,0
Kolkata,2020-04-29,16.66,0
Kolkata,2020-04-30,13.882,0
Kolkata,2020-05-01,10.459,0
Kolkata,2020-05-02,16.805,0
Kolkata,2020-05-03,18.036,0
Kolkata,2020-05-04,22.146,0
Kolkata,2020-05-05,17.488,0
Kolkata,2020-05-06,12.657,0
Kolkata,2020-05-07,16.773,0
Kolkata,2020-05-08,16.158,0
Kolkata,2020-05-09,21.762,0
Kolkata,2020-05-10,19.298,0
Kolkata,2020-05-11,19.213,0
Kolkata,2020-05-12,29.085,0
Kolkata,2020-05-13,24.234,0
Kolkata,2020-05-14,16.608,0
Kolkata,2020-05-15,12.3,0
Kolkata,2020-05-16,11.235,0
Kolkata,2020-05-17,10.609,0
Kolkata,2020-05-18,12.928,0
Kolkata,2020-05-19,8.323,0
Kolkata,2020-05-20,10.299,0
Kolkata,2020-05-21,7.301,0
Kolkata,2020-05-22,17.401,0
Kolkata,2020-05-23,21.78,0
Kolkata,2020-05-24,18.886,0
Kolkata,2020-05-25,16.544,0
Kolkata,2020-05-26,15.144,0
Kolkata,2020-05-27,13.807,0
Kolkata,2020-05-28,15.07,0
Kolkata,2020-05-29,17.5,0
Kolkata,2020-05-30,15.02,0
Kolkata,2020-05-31,14.294,0
Kolkata,2020-06-01,12.648,0
Kolkata,2020-06-02,12.758,0
Kolkata,2020-06-03,14.584,0
Kolkata,2020-06-04,16.0,0
Kolkata,2020-06-05,11.247,0
Kolkata,2020-06-06,16.848,0
Kolkata,2020-06-07,24.224,0
Kolkata,2020-06-08,23.126,0
Kolkata,2020-06-09,19.632,0
Kolkata,2020-06-10,14.385,0
Kolkata,2020-06-11,6.992,0
Kolkata,2020-06-12,8.704,0
Kolkata,2020-06-13,8.957,0
Kolkata,2020-06-14,9.931,0
Kolkata,2020-06-15,11.991,0
Kolkata,2020-06-16,9.903,0
Kolkata,2020-06-17,14.571,0
Kolkata,2020-06-18,15.184,0
Kolkata,2020-06-19,18.499,0
Kolkata,2020-06-20,11.107,0
Kolkata,2020-06-21,9.304,0
Kolkata,2020-06-22,13.703,0
Kolkata,2020-06-23,15.9,0
Kolkata,2020-06-24,16.985,0
Kolkata,2020-06-25,15.525,0
Kolkata,2020-06-26,9.585,0
Kolkata,2020-06-27,7.894,0
Kolkata,2020-06-28,10.576,0
Kolkata,2020-06-29,14.532,0
Kolkata,2020-06-30,13.999,0
Lucknow,2015-03-21,518.105,1
Lucknow,2015-03-22,685.411,1
Lucknow,2015-03-24,62.129,1
Lucknow,2015-03-25,49.996,0
Lucknow,2015-03-26,55.307,0
Lucknow,2015-03-27,60.99,1
Lucknow,2015-03-28,58.688,0
Lucknow,2015-03-29,56.071,0
Lucknow,2015-03-30,53.066,0
Lucknow,2015-03-31,40.514,0
Lucknow,2015-04-01,60.061,1
Lucknow,2015-04-02,59.779,0
Lucknow,2015-04-03,75.52,1
Lucknow,2015-04-04,41.708,0
Lucknow,2015-04-05,50.506,0
Lucknow,2015-04-06,37.739,0
Lucknow,2015-04-07,49.056,0
Lucknow,2015-04-08,36.353,0
Lucknow,2015-04-09,37.088,0
Lucknow,2015-04-10,48.372,0
Lucknow,2015-04-11,63.862,1
Lucknow,2015-04-12,54.17,0
Lucknow,2015-04-13,44.538,0
Lucknow,2015-04-14,45.941,0
Lucknow,2015-04-15,44.866,0
Lucknow,2015-04-16,47.119,0
Lucknow,2015-04-19,43.696,0
Lucknow,2015-04-20,36.718,0
Lucknow,2015-04-21,42.938,0
Lucknow,2015-04-22,32.865,0
Lucknow,2015-04-23,50.097,0
Lucknow,2015-04-24,44.39,0
Lucknow,2015-04-25,39.979,0
Lucknow,2015-04-26,44.831,0
Lucknow,2015-04-28,42.063,0
Lucknow,2015-04-29,34.933,0
Lucknow,2015-04-30,45.848,0
Lucknow,2015-05-01,105.39,1
Lucknow,2015-05-02,49.208,0
Lucknow,2015-05-03,42.744,0
Lucknow,2015-05-04,44.411,0
Lucknow,2015-05-05,33.519,0
Lucknow,2015-05-06,29.955,0
Lucknow,2015-05-07,29.69,0
Lucknow,2015-05-08,28.556,0
Lucknow,2015-05-09,28.45,0
Lucknow,2015-05-10,32.076,0
Lucknow,2015-05-11,36.263,0
Lucknow,2015-05-12,29.073,0
Lucknow,2015-05-13,32.939,0
Lucknow,2015-05-14,33.397,0
Lucknow,2015-05-15,28.851,0
Lucknow,2015-05-16,36.882,0
Lucknow,2015-05-17,36.008,0
Lucknow,2015-05-18,34.551,0
Lucknow,2015-05-19,34.762,0
Lucknow,2015-05-20,32.508,0
Lucknow,2015-05-21,42.982,0
Lucknow,2015-05-22,34.599,0
Lucknow,2015-05-23,46.621,0
Lucknow,2015-05-24,39.738,0
Lucknow,2015-05-25,45.857,0
Lucknow,2015-05-26,39.789,0
Lucknow,2015-05-27,39.785,0
Lucknow,2015-05-28,40.785,0
Lucknow,2015-05-29,56.007,0
Lucknow,2015-05-30,41.143,0
Lucknow,2015-05-31,25.563,0
Lucknow,2015-06-01,23.104,0
Lucknow,2015-06-02,44.993,0
Lucknow,2015-06-03,71.925,1
Lucknow,2015-06-04,61.849,1
Lucknow,2015-06-05,77.485,1
Lucknow,2015-06-06,76.796,1
Lucknow,2015-06-07,70.639,1
Lucknow,2015-06-08,78.149,1
Lucknow,2015-06-09,53.524,0
Lucknow,2015-06-10,49.721,0
Lucknow,2015-06-12,47.715,0
Lucknow,2015-06-13,56.492,0
Lucknow,2015-06-14,41.465,0
Lucknow,2015-06-15,118.357,1
Lucknow,2015-06-16,237.161,1
Lucknow,2015-06-17,28.851,0
Lucknow,2015-06-18,34.613,0
Lucknow,2015-06-19,37.295,0
Lucknow,2015-06-21,38.129,0
Lucknow,2015-06-22,64.334,1
Lucknow,2015-06-23,86.781,1
Lucknow,2015-06-24,35.563,0
Lucknow,2015-06-25,37.822,0
Lucknow,2015-06-26,35.19,0
Lucknow,2015-06-27,19.15,0
Lucknow,2015-06-28,18.09,0
Lucknow,2015-06-29,17.857,0
Lucknow,2015-06-30,17.814,0
Lucknow,2015-07-01,19.686,0
Lucknow,2015-07-02,23.324,0
Lucknow,2015-07-03,18.642,0
Lucknow,2015-07-04,19.771,0
Lucknow,2015-07-05,21.851,0
Lucknow,2015-07-06,27.823,0
Lucknow,2015-07-07,18.849,0
Lucknow,2015-07-08,18.473,0
Lucknow,2015-07-09,20.982,0
Lucknow,2015-07-10,21.596,0
Lucknow,2015-07-11,29.596,0
Lucknow,2015-07-14,37.852,0
Lucknow,2015-07-15,34.856,0
Lucknow,2015-07-16,24.418,0
Lucknow,2015-07-17,23.991,0
Lucknow,2015-07-18,24.5,0
Lucknow,2015-07-19,25.453,0
Lucknow,2015-07-20,25.441,0
Lucknow,2015-07-21,24.02,0
Lucknow,2015-07-22,30.198,0
Lucknow,2015-07-23,62.189,1
Lucknow,2015-07-24,52.395,0
Lucknow,2015-07-25,49.343,0
Lucknow,2015-07-26,35.498,0
Lucknow,2015-07-27,44.012,0
Lucknow,2015-07-28,51.088,0
Lucknow,2015-07-29,43.466,0
Lucknow,2015-07-30,41.276,0
Lucknow,2015-07-31,48.46,0
Lucknow,2015-08-01,48.575,0
Lucknow,2015-08-02,48.999,0
Lucknow,2015-08-03,43.576,0
Lucknow,2015-08-04,51.666,0
Lucknow,2015-08-05,46.355,0
Lucknow,2015-08-06,55.454,0
Lucknow,2015-08-07,43.295,0
Lucknow,2015-08-08,44.985,0
Lucknow,2015-08-09,68.062,1
Lucknow,2015-08-10,63.082,1
Lucknow,2015-08-11,50.398,0
Lucknow,2015-08-12,34.606,0
Lucknow,2015-08-13,57.707,0
Lucknow,2015-08-14,30.81,0
Lucknow,2015-08-15,32.365,0
Lucknow,2015-08-16,32.23,0
Lucknow,2015-08-17,31.717,0
Lucknow,2015-08-18,31.977,0
Lucknow,2015-08-19,33.01,0
Lucknow,2015-08-20,34.333,0
Lucknow,2015-08-22,40.929,0
Lucknow,2015-08-23,43.902,0
Lucknow,2015-08-24,56.572,0
Lucknow,2015-08-25,46.615,0
Lucknow,2015-08-26,45.435,0
Lucknow,2015-08-27,40.473,0
Lucknow,2015-08-28,44.577,0
Lucknow,2015-08-29,42.75,0
Lucknow,2015-08-30,46.2,0
Lucknow,2015-08-31,45.166,0
Lucknow,2015-09-01,46.755,0
Lucknow,2015-09-02,47.642,0
Lucknow,2015-09-03,52.429,0
Lucknow,2015-09-04,57.1,0
Lucknow,2015-09-05,51.362,0
Lucknow,2015-09-06,62.46,1
Lucknow,2015-09-07,57.195,0
Lucknow,2015-09-08,66.987,1
Lucknow,2015-09-09,66.883,1
Lucknow,2015-09-10,62.731,1
Lucknow,2015-09-11,65.64,1
Lucknow,2015-09-12,72.147,1
Lucknow,2015-09-13,68.23,1
Lucknow,2015-09-14,66.153,1
Lucknow,2015-09-15,71.73,1
Lucknow,2015-09-16,64.245,1
Lucknow,2015-09-17,66.172,1
Lucknow,2015-09-18,64.638,1
Lucknow,2015-09-19,70.563,1
Lucknow,2015-09-20,74.68,1
Lucknow,2015-09-21,28.824,0
Lucknow,2015-09-22,28.263,0
Lucknow,2015-09-23,39.66,0
Lucknow,2015-09-24,48.535,0
Lucknow,2015-09-25,49.651,0
Lucknow,2015-09-26,42.27,0
Lucknow,2015-09-27,49.92,0
Lucknow,2015-09-28,72.837,1
Lucknow,2015-09-29,51.419,0
Lucknow,2015-09-30,47.212,0
Lucknow,2015-10-01,47.779,0
Lucknow,2015-10-02,54.131,0
Lucknow,2015-10-03,60.881,1
Lucknow,2015-10-04,65.59,1
Lucknow,2015-10-05,59.335,0
Lucknow,2015-10-06,34.678,0
Lucknow,2015-10-07,53.63,0
Lucknow,2015-10-08,68.672,1
Lucknow,2015-10-09,57.755,0
Lucknow,2015-10-10,44.584,0
Lucknow,2015-10-11,28.453,0
Lucknow,2015-10-12,70.745,1
Lucknow,2015-10-13,72.432,1
Lucknow,2015-10-14,73.518,1
Lucknow,2015-10-15,82.391,1
Lucknow,2015-10-16,95.472,1
Lucknow,2015-10-17,112.564,1
Lucknow,2015-10-19,133.94,1
Lucknow,2015-10-20,188.694,1
Lucknow,2015-10-21,185.782,1
Lucknow,2015-10-22,166.098,1
Lucknow,2015-10-23,120.865,1
Lucknow,2015-10-24,155.092,1
Lucknow,2015-10-25,162.6,1
Lucknow,2015-10-26,190.674,1
Lucknow,2015-10-27,192.371,1
Lucknow,2015-10-28,156.6,1
Lucknow,2015-10-29,123.288,1
Lucknow,2015-10-30,123.438,1
Lucknow,2015-10-31,140.751,1
Lucknow,2015-11-01,154.015,1
Lucknow,2015-11-02,162.513,1
Lucknow,2015-11-03,147.897,1
Lucknow,2015-11-04,205.621,1
Lucknow,2015-11-05,187.6,1
Lucknow,2015-11-06,127.495,1
Lucknow,2015-11-07,192.697,1
Lucknow,2015-11-08,186.903,1
Lucknow,2015-11-09,143.472,1
Lucknow,2015-11-10,247.106,1
Lucknow,2015-11-11,325.72,1
Lucknow,2015-11-12,344.93,1
Lucknow,2015-11-13,333.825,1
Lucknow,2015-11-14,384.403,1
Lucknow,2015-11-15,306.591,1
Lucknow,2015-11-16,258.697,1
Lucknow,2015-11-17,226.734,1
Lucknow,2015-11-18,217.75,1
Lucknow,2015-11-19,264.183,1
Lucknow,2015-11-20,305.638,1
Lucknow,2015-11-21,268.775,1
Lucknow,2015-11-22,302.855,1
Lucknow,2015-11-23,281.45,1
Lucknow,2015-11-24,287.546,1
Lucknow,2015-11-25,243.678,1
Lucknow,2015-11-26,234.544,1
Lucknow,2015-11-27,320.881,1
Lucknow,2015-11-28,327.449,1
Lucknow,2015-11-29,226.177,1
Lucknow,2015-11-30,246.367,1
Lucknow,2015-12-01,213.962,1
Lucknow,2015-12-02,60.541,1
Lucknow,2015-12-03,196.552,1
Lucknow,2015-12-04,245.141,1
Lucknow,2015-12-05,358.43,1
Lucknow,2015-12-06,371.893,1
Lucknow,2015-12-07,506.04,1
Lucknow,2015-12-08,473.666,1
Lucknow,2015-12-09,385.128,1
Lucknow,2015-12-10,384.132,1
Lucknow,2015-12-11,240.853,1
Lucknow,2015-12-12,343.825,1
Lucknow,2015-12-13,245.707,1
Lucknow,2015-12-14,269.974,1
Lucknow,2015-12-15,206.354,1
Lucknow,2015-12-16,207.433,1
Lucknow,2015-12-17,173.075,1
Lucknow,2015-12-18,171.81,1
Lucknow,2015-12-19,130.019,1
Lucknow,2015-12-20,216.598,1
Lucknow,2015-12-21,209.499,1
Lucknow,2015-12-22,263.232,1
Lucknow,2015-12-23,277.968,1
Lucknow,2015-12-24,176.885,1
Lucknow,2015-12-26,143.012,1
Lucknow,2015-12-27,145.112,1
Lucknow,2015-12-28,157.537,1
Lucknow,2015-12-29,152.872,1
Lucknow,2015-12-30,162.39,1
Lucknow,2015-12-31,207.99,1
Lucknow,2016-01-01,203.433,1
Lucknow,2016-01-02,188.046,1
Lucknow,2016-01-03,135.817,1
Lucknow,2016-01-04,137.979,1
Lucknow,2016-01-05,137.015,1
Lucknow,2016-01-06,173.327,1
Lucknow,2016-01-07,149.682,1
Lucknow,2016-01-08,155.566,1
Lucknow,2016-01-09,119.029,1
Lucknow,2016-01-10,120.448,1
Lucknow,2016-01-11,192.61,1
Lucknow,2016-01-12,237.836,1
Lucknow,2016-01-13,250.726,1
Lucknow,2016-01-14,250.673,1
Lucknow,2016-01-15,169.86,1
Lucknow,2016-01-16,174.763,1
Lucknow,2016-01-17,168.213,1
Lucknow,2016-01-18,232.462,1
Lucknow,2016-01-19,273.854,1
Lucknow,2016-01-20,139.704,1
Lucknow,2016-01-21,166.384,1
Lucknow,2016-01-22,255.631,1
Lucknow,2016-01-23,253.713,1
Lucknow,2016-01-24,241.897,1
Lucknow,2016-01-25,238.805,1
Lucknow,2016-01-26,248.758,1
Lucknow,2016-01-27,212.944,1
Lucknow,2016-01-29,259.109,1
Lucknow,2016-01-30,277.657,1
Lucknow,2016-01-31,210.938,1
Lucknow,2016-02-01,151.383,1
Lucknow,2016-02-03,130.878,1
Lucknow,2016-02-04,115.548,1
Lucknow,2016-02-05,178.055,1
Lucknow,2016-02-06,253.19,1
Lucknow,2016-02-07,255.808,1
Lucknow,2016-02-08,290.471,1
Lucknow,2016-02-09,206.495,1
Lucknow,2016-02-10,206.946,1
Lucknow,2016-02-11,209.99,1
Lucknow,2016-02-12,168.233,1
Lucknow,2016-02-13,147.077,1
Lucknow,2016-02-14,162.704,1
Lucknow,2016-02-15,171.76,1
Lucknow,2016-02-16,186.0,1
Lucknow,2016-02-18,112.332,1
Lucknow,2016-02-19,105.525,1
Lucknow,2016-02-20,109.396,1
Lucknow,2016-02-21,86.472,1
Lucknow,2016-02-22,72.619,1
Lucknow,2016-02-23,94.93,1
Lucknow,2016-02-24,147.593,1
Lucknow,2016-02-25,151.154,1
Lucknow,2016-02-26,161.138,1
Lucknow,2016-02-27,152.137,1
Lucknow,2016-02-28,155.597,1
Lucknow,2016-03-01,132.241,1
Lucknow,2016-03-03,180.272,1
Lucknow,2016-03-04,164.726,1
Lucknow,2016-03-05,182.816,1
Lucknow,2016-03-06,122.082,1
Lucknow,2016-03-07,141.319,1
Lucknow,2016-03-08,79.227,1
Lucknow,2016-03-09,106.538,1
Lucknow,2016-03-10,87.265,1
Lucknow,2016-03-11,110.242,1
Lucknow,2016-03-12,85.742,1
Lucknow,2016-03-13,59.849,0
Lucknow,2016-03-14,58.328,0
Lucknow,2016-03-15,79.82,1
Lucknow,2016-03-16,76.062,1
Lucknow,2016-03-17,67.434,1
Lucknow,2016-03-18,65.139,1
Lucknow,2016-03-19,89.052,1
Lucknow,2016-03-20,86.685,1
Lucknow,2016-03-21,91.672,1
Lucknow,2016-03-22,79.278,1
Lucknow,2016-03-23,84.62,1
Lucknow,2016-03-24,97.745,1
Lucknow,2016-03-25,73.088,1
Lucknow,2016-03-26,85.557,1
Lucknow,2016-03-27,64.822,1
Lucknow,2016-03-28,75.888,1
Lucknow,2016-03-29,67.0,1
Lucknow,2016-03-30,76.985,1
Lucknow,2016-03-31,72.235,1
Lucknow,2016-04-01,83.705,1
Lucknow,2016-04-02,79.486,1
Lucknow,2016-04-03,75.747,1
Lucknow,2016-04-04,99.672,1
Lucknow,2016-04-05,117.042,1
Lucknow,2016-04-06,99.186,1
Lucknow,2016-04-07,82.811,1
Lucknow,2016-04-08,101.325,1
Lucknow,2016-04-09,103.587,1
Lucknow,2016-04-10,111.197,1
Lucknow,2016-04-11,119.161,1
Lucknow,2016-04-12,112.531,1
Lucknow,2016-04-13,110.042,1
Lucknow,2016-04-14,119.509,1
Lucknow,2016-04-15,109.972,1
Lucknow,2016-04-16,139.581,1
Lucknow,2016-04-17,145.959,1
Lucknow,2016-04-18,138.169,1
Lucknow,2016-04-19,105.973,1
Lucknow,2016-04-20,90.358,1
Lucknow,2016-04-21,86.788,1
Lucknow,2016-04-22,98.823,1
Lucknow,2016-04-23,108.685,1
Lucknow,2016-04-24,73.518,1
Lucknow,2016-04-25,78.866,1
Lucknow,2016-04-26,99.922,1
Lucknow,2016-04-27,86.405,1
Lucknow,2016-04-28,98.31,1
Lucknow,2016-04-29,95.003,1
Lucknow,2016-04-30,126.963,1
Lucknow,2016-05-01,101.386,1
Lucknow,2016-05-02,99.738,1
Lucknow,2016-05-03,94.697,1
Lucknow,2016-05-04,86.62,1
Lucknow,2016-05-05,70.066,1
Lucknow,2016-05-06,77.906,1
Lucknow,2016-05-07,102.444,1
Lucknow,2016-05-08,82.362,1
Lucknow,2016-05-27,118.845,1
Lucknow,2016-05-28,163.593,1
Lucknow,2016-05-29,46.746,0
Lucknow,2016-05-30,55.202,0
Lucknow,2016-05-31,77.288,1
Lucknow,2016-06-01,142.924,1
Lucknow,2016-06-02,142.273,1
Lucknow,2016-06-05,45.283,0
Lucknow,2016-06-06,121.081,1
Lucknow,2016-06-10,56.172,0
Lucknow,2016-06-11,70.137,1
Lucknow,2016-06-12,94.7,1
Lucknow,2016-06-13,64.003,1
Lucknow,2016-06-14,84.018,1
Lucknow,2016-06-15,62.831,1
Lucknow,2016-06-16,58.63,0
Lucknow,2016-06-17,63.49,1
Lucknow,2016-06-18,94.361,1
Lucknow,2016-06-19,246.563,1
Lucknow,2016-06-20,59.342,0
Lucknow,2016-06-21,139.719,1
Lucknow,2016-06-22,34.3,0
Lucknow,2016-06-23,36.981,0
Lucknow,2016-06-24,25.904,0
Lucknow,2016-06-28,180.932,1
Lucknow,2016-06-29,45.453,0
Lucknow,2016-06-30,89.004,1
Lucknow,2016-07-01,53.64,0
Lucknow,2016-07-02,49.409,0
Lucknow,2016-07-03,69.189,1
Lucknow,2016-07-05,46.595,0
Lucknow,2016-07-06,76.9,1
Lucknow,2016-07-07,61.415,1
Lucknow,2016-07-08,71.743,1
Lucknow,2016-07-09,54.505,0
Lucknow,2016-07-10,66.783,1
Lucknow,2016-07-11,71.218,1
Lucknow,2016-07-12,88.489,1
Lucknow,2016-07-13,76.727,1
Lucknow,2016-07-14,82.948,1
Lucknow,2016-07-15,67.305,1
Lucknow,2016-07-16,80.774,1
Lucknow,2016-07-17,54.242,0
Lucknow,2016-07-18,28.602,0
Lucknow,2016-07-19,30.724,0
Lucknow,2016-07-20,35.346,0
Lucknow,2016-07-25,36.673,0
Lucknow,2016-07-28,16.975,0
Lucknow,2016-07-29,36.234,0
Lucknow,2016-07-30,17.703,0
Lucknow,2016-08-02,99.973,1
Lucknow,2016-08-03,19.604,0
Lucknow,2016-08-04,22.836,0
Lucknow,2016-08-05,38.889,0
Lucknow,2016-08-12,42.064,0
Lucknow,2016-08-13,37.796,0
Lucknow,2016-08-14,44.966,0
Lucknow,2016-08-15,30.919,0
Lucknow,2016-08-16,105.77,1
Lucknow,2016-08-17,16.793,0
Lucknow,2016-08-18,16.3,0
Lucknow,2016-08-19,18.262,0
Lucknow,2016-08-20,21.685,0
Lucknow,2016-08-21,21.638,0
Lucknow,2016-08-22,22.46,0
Lucknow,2016-08-23,20.589,0
Lucknow,2016-08-24,29.375,0
Lucknow,2016-08-25,60.747,1
Lucknow,2016-08-26,43.914,0
Lucknow,2016-08-27,32.564,0
Lucknow,2016-08-28,40.905,0
Lucknow,2016-08-29,59.702,0
Lucknow,2016-08-30,46.779,0
Lucknow,2016-08-31,22.249,0
Lucknow,2016-09-01,30.057,0
Lucknow,2016-09-02,39.09,0
Lucknow,2016-09-03,52.59,0
Lucknow,2016-09-04,41.437,0
Lucknow,2016-09-05,35.938,0
Lucknow,2016-09-06,38.708,0
Lucknow,2016-09-07,45.475,0
Lucknow,2016-09-08,63.592,1
Lucknow,2016-09-09,67.747,1
Lucknow,2016-09-10,54.841,0
Lucknow,2016-09-11,50.958,0
Lucknow,2016-09-12,51.271,0
Lucknow,2016-09-13,28.891,0
Lucknow,2016-09-14,21.044,0
Lucknow,2016-09-15,25.223,0
Lucknow,2016-09-16,45.143,0
Lucknow,2016-09-17,23.791,0
Lucknow,2016-09-18,36.246,0
Lucknow,2016-09-19,55.185,0
Lucknow,2016-09-20,236.322,1
Lucknow,2016-09-21,36.621,0
Lucknow,2016-09-22,17.389,0
Lucknow,2016-09-23,28.399,0
Lucknow,2016-09-24,17.35,0
Lucknow,2016-09-25,11.386,0
Lucknow,2016-09-26,16.438,0
Lucknow,2016-09-27,29.349,0
Lucknow,2016-09-28,36.115,0
Lucknow,2016-09-29,26.855,0
Lucknow,2016-09-30,37.277,0
Lucknow,2016-10-01,60.082,1
Lucknow,2016-10-02,59.633,0
Lucknow,2016-10-03,55.528,0
Lucknow,2016-10-04,54.685,0
Lucknow,2016-10-05,63.435,1
Lucknow,2016-10-06,32.21,0
Lucknow,2016-10-07,60.849,1
Lucknow,2016-10-08,81.429,1
Lucknow,2016-10-09,47.151,0
Lucknow,2016-10-10,89.924,1
Lucknow,2016-10-11,111.368,1
Lucknow,2016-10-12,125.863,1
Lucknow,2016-10-13,108.064,1
Lucknow,2016-10-14,113.769,1
Lucknow,2016-10-15,141.572,1
Lucknow,2016-10-16,172.845,1
Lucknow,2016-10-17,175.183,1
Lucknow,2016-10-18,147.37,1
Lucknow,2016-10-19,134.614,1
Lucknow,2016-10-20,142.646,1
Lucknow,2016-10-21,126.141,1
Lucknow,2016-10-22,85.037,1
Lucknow,2016-10-23,123.78,1
Lucknow,2016-10-24,141.155,1
Lucknow,2016-10-25,130.701,1
Lucknow,2016-10-26,120.817,1
Lucknow,2016-10-27,139.803,1
Lucknow,2016-10-28,141.155,1
Lucknow,2016-10-29,189.774,1
Lucknow,2016-10-30,238.171,1
Lucknow,2016-10-31,431.691,1
Lucknow,2016-11-01,243.778,1
Lucknow,2016-11-02,153.126,1
Lucknow,2016-11-03,152.949,1
Lucknow,2016-11-04,139.461,1
Lucknow,2016-11-05,159.865,1
Lucknow,2016-11-06,411.234,1
Lucknow,2016-11-07,495.655,1
Lucknow,2016-11-08,499.056,1
Lucknow,2016-11-09,345.544,1
Lucknow,2016-11-10,290.262,1
Lucknow,2016-11-11,305.4,1
Lucknow,2016-11-12,214.406,1
Lucknow,2016-11-13,133.903,1
Lucknow,2016-11-14,116.665,1
Lucknow,2016-11-15,128.787,1
Lucknow,2016-11-16,149.734,1
Lucknow,2016-11-17,206.375,1
Lucknow,2016-11-18,251.32,1
Lucknow,2016-11-19,328.184,1
Lucknow,2016-11-20,314.457,1
Lucknow,2016-11-21,244.33,1
Lucknow,2016-11-22,179.821,1
Lucknow,2016-11-23,152.494,1
Lucknow,2016-11-24,193.955,1
Lucknow,2016-11-25,183.507,1
Lucknow,2016-11-26,188.378,1
Lucknow,2016-11-27,232.639,1
Lucknow,2016-11-28,181.247,1
Lucknow,2016-11-29,309.525,1
Lucknow,2016-11-30,221.572,1
Lucknow,2016-12-01,238.986,1
Lucknow,2016-12-02,213.295,1
Lucknow,2016-12-03,192.839,1
Lucknow,2016-12-04,171.01,1
Lucknow,2016-12-05,171.804,1
Lucknow,2016-12-06,231.07,1
Lucknow,2016-12-07,145.094,1
Lucknow,2016-12-08,147.565,1
Lucknow,2016-12-09,180.593,1
Lucknow,2016-12-10,345.979,1
Lucknow,2016-12-11,235.849,1
Lucknow,2016-12-12,236.241,1
Lucknow,2016-12-13,237.806,1
Lucknow,2016-12-14,271.834,1
Lucknow,2016-12-15,188.207,1
Lucknow,2016-12-16,256.696,1
Lucknow,2016-12-17,273.905,1
Lucknow,2016-12-18,274.783,1
Lucknow,2016-12-19,221.754,1
Lucknow,2016-12-20,212.408,1
Lucknow,2016-12-21,203.625,1
Lucknow,2016-12-22,373.479,1
Lucknow,2016-12-23,266.725,1
Lucknow,2016-12-24,276.903,1
Lucknow,2016-12-25,329.55,1
Lucknow,2016-12-26,294.089,1
Lucknow,2016-12-27,208.201,1
Lucknow,2016-12-28,292.526,1
Lucknow,2016-12-29,225.892,1
Lucknow,2016-12-30,184.145,1
Lucknow,2016-12-31,171.268,1
Lucknow,2017-01-01,158.839,1
Lucknow,2017-01-02,183.844,1
Lucknow,2017-01-03,159.286,1
Lucknow,2017-01-04,154.3,1
Lucknow,2017-01-05,197.954,1
Lucknow,2017-01-06,189.359,1
Lucknow,2017-01-07,181.88,1
Lucknow,2017-01-08,215.855,1
Lucknow,2017-01-09,171.946,1
Lucknow,2017-01-10,115.702,1
Lucknow,2017-01-11,109.718,1
Lucknow,2017-01-12,145.409,1
Lucknow,2017-01-13,222.279,1
Lucknow,2017-01-14,256.582,1
Lucknow,2017-01-15,272.006,1
Lucknow,2017-01-16,336.068,1
Lucknow,2017-01-17,240.421,1
Lucknow,2017-01-18,222.17,1
Lucknow,2017-01-19,245.588,1
Lucknow,2017-01-20,132.55,1
Lucknow,2017-01-21,143.196,1
Lucknow,2017-01-22,211.77,1
Lucknow,2017-01-23,153.325,1
Lucknow,2017-01-24,158.457,1
Lucknow,2017-01-25,222.641,1
Lucknow,2017-01-26,198.865,1
Lucknow,2017-01-27,70.655,1
Lucknow,2017-01-28,61.961,1
Lucknow,2017-01-29,81.644,1
Lucknow,2017-01-30,116.037,1
Lucknow,2017-01-31,179.596,1
Lucknow,2017-02-01,175.527,1
Lucknow,2017-02-02,207.972,1
Lucknow,2017-02-03,172.731,1
Lucknow,2017-02-04,161.516,1
Lucknow,2017-02-05,89.367,1
Lucknow,2017-02-06,108.073,1
Lucknow,2017-02-07,88.794,1
Lucknow,2017-02-08,95.975,1
Lucknow,2017-02-09,118.395,1
Lucknow,2017-02-10,112.25,1
Lucknow,2017-02-11,153.45,1
Lucknow,2017-02-12,202.859,1
Lucknow,2017-02-13,175.305,1
Lucknow,2017-02-14,145.023,1
Lucknow,2017-02-15,154.222,1
Lucknow,2017-02-16,197.388,1
Lucknow,2017-02-17,237.51,1
Lucknow,2017-02-18,226.671,1
Lucknow,2017-02-19,184.288,1
Lucknow,2017-02-20,115.031,1
Lucknow,2017-02-21,143.067,1
Lucknow,2017-02-22,102.517,1
Lucknow,2017-02-23,93.393,1
Lucknow,2017-02-24,81.247,1
Lucknow,2017-02-25,88.873,1
Lucknow,2017-02-26,94.809,1
Lucknow,2017-02-27,96.219,1
Lucknow,2017-02-28,116.956,1
Lucknow,2017-03-01,148.255,1
Lucknow,2017-03-02,147.228,1
Lucknow,2017-03-03,96.805,1
Lucknow,2017-03-04,89.155,1
Lucknow,2017-03-05,89.036,1
Lucknow,2017-03-06,84.152,1
Lucknow,2017-03-07,108.316,1
Lucknow,2017-03-08,163.189,1
Lucknow,2017-03-09,140.387,1
Lucknow,2017-03-10,51.282,0
Lucknow,2017-03-11,58.331,0
Lucknow,2017-03-12,48.322,0
Lucknow,2017-03-13,79.115,1
Lucknow,2017-03-14,75.427,1
Lucknow,2017-03-15,75.274,1
Lucknow,2017-03-16,92.961,1
Lucknow,2017-03-17,105.21,1
Lucknow,2017-03-18,79.463,1
Lucknow,2017-03-19,113.285,1
Lucknow,2017-03-20,106.882,1
Lucknow,2017-03-21,110.312,1
Lucknow,2017-03-22,142.68,1
Lucknow,2017-03-23,172.133,1
Lucknow,2017-03-24,187.455,1
Lucknow,2017-03-25,117.795,1
Lucknow,2017-03-26,97.761,1
Lucknow,2017-03-27,122.296,1
Lucknow,2017-03-28,168.845,1
Lucknow,2017-03-29,160.95,1
Lucknow,2017-03-30,120.823,1
Lucknow,2017-03-31,133.843,1
Lucknow,2017-04-01,128.318,1
Lucknow,2017-04-02,92.478,1
Lucknow,2017-04-03,88.723,1
Lucknow,2017-04-04,103.434,1
Lucknow,2017-04-05,81.511,1
Lucknow,2017-04-06,82.941,1
Lucknow,2017-04-07,107.185,1
Lucknow,2017-04-08,119.461,1
Lucknow,2017-04-09,102.599,1
Lucknow,2017-04-10,77.597,1
Lucknow,2017-04-11,70.963,1
Lucknow,2017-04-12,93.576,1
Lucknow,2017-04-13,123.914,1
Lucknow,2017-04-14,80.272,1
Lucknow,2017-04-15,72.424,1
Lucknow,2017-04-16,72.638,1
Lucknow,2017-04-17,87.253,1
Lucknow,2017-04-18,122.86,1
Lucknow,2017-04-19,151.825,1
Lucknow,2017-04-20,130.524,1
Lucknow,2017-04-21,79.886,1
Lucknow,2017-04-22,112.191,1
Lucknow,2017-04-23,122.7,1
Lucknow,2017-04-24,122.532,1
Lucknow,2017-04-25,143.971,1
Lucknow,2017-04-26,130.818,1
Lucknow,2017-04-27,119.931,1
Lucknow,2017-04-28,100.241,1
Lucknow,2017-04-29,124.067,1
Lucknow,2017-05-01,95.307,1
Lucknow,2017-05-02,113.809,1
Lucknow,2017-05-03,138.462,1
Lucknow,2017-05-05,140.855,1
Lucknow,2017-05-06,208.554,1
Lucknow,2017-05-07,292.559,1
Lucknow,2017-05-08,140.008,1
Lucknow,2017-05-10,56.409,0
Lucknow,2017-05-11,71.618,1
Lucknow,2017-05-12,98.627,1
Lucknow,2017-05-13,99.408,1
Lucknow,2017-05-14,117.212,1
Lucknow,2017-05-15,137.792,1
Lucknow,2017-05-16,157.172,1
Lucknow,2017-05-17,79.805,1
Lucknow,2017-05-18,102.131,1
Lucknow,2017-05-19,144.607,1
Lucknow,2017-05-20,122.475,1
Lucknow,2017-05-21,139.192,1
Lucknow,2017-05-22,163.593,1
Lucknow,2017-05-23,125.662,1
Lucknow,2017-05-24,152.462,1
Lucknow,2017-05-25,151.47,1
Lucknow,2017-05-26,131.7,1
Lucknow,2017-05-27,65.395,1
Lucknow,2017-05-28,57.72,0
Lucknow,2017-05-29,60.925,1
Lucknow,2017-05-30,39.997,0
Lucknow,2017-05-31,39.739,0
Lucknow,2017-06-01,85.847,1
Lucknow,2017-06-02,76.114,1
Lucknow,2017-06-03,115.523,1
Lucknow,2017-06-04,150.568,1
Lucknow,2017-06-05,147.382,1
Lucknow,2017-06-06,54.144,0
Lucknow,2017-06-07,45.044,0
Lucknow,2017-06-08,74.543,1
Lucknow,2017-06-09,70.03,1
Lucknow,2017-06-10,99.833,1
Lucknow,2017-06-11,95.044,1
Lucknow,2017-06-12,111.817,1
Lucknow,2017-06-17,402.474,1
Lucknow,2017-06-18,53.997,0
Lucknow,2017-06-19,71.668,1
Lucknow,2017-06-20,55.415,0
Lucknow,2017-06-21,67.89,1
Lucknow,2017-06-22,51.282,0
Lucknow,2017-06-23,66.93,1
Lucknow,2017-06-24,72.075,1
Lucknow,2017-06-25,54.582,0
Lucknow,2017-06-26,39.017,0
Lucknow,2017-06-27,38.852,0
Lucknow,2017-06-28,44.499,0
Lucknow,2017-06-29,47.069,0
Lucknow,2017-06-30,39.206,0
Lucknow,2017-07-01,38.156,0
Lucknow,2017-07-02,34.75,0
Lucknow,2017-07-03,28.981,0
Lucknow,2017-07-04,28.198,0
Lucknow,2017-07-05,30.738,0
Lucknow,2017-07-06,24.478,0
Lucknow,2017-07-07,29.461,0
Lucknow,2017-07-08,25.21,0
Lucknow,2017-07-09,18.399,0
Lucknow,2017-07-10,30.197,0
Lucknow,2017-07-11,16.021,0
Lucknow,2017-07-12,21.532,0
Lucknow,2017-07-13,28.372,0
Lucknow,2017-07-14,55.441,0
Lucknow,2017-07-15,57.066,0
Lucknow,2017-07-16,47.238,0
Lucknow,2017-07-17,40.785,0
Lucknow,2017-07-18,46.124,0
Lucknow,2017-07-19,41.46,0
Lucknow,2017-07-20,41.475,0
Lucknow,2017-07-21,56.667,0
Lucknow,2017-07-22,47.168,0
Lucknow,2017-07-23,47.464,0
Lucknow,2017-07-24,45.111,0
Lucknow,2017-07-25,37.135,0
Lucknow,2017-07-26,46.495,0
Lucknow,2017-07-27,47.358,0
Lucknow,2017-07-28,49.582,0
Lucknow,2017-07-29,38.489,0
Lucknow,2017-07-30,40.433,0
Lucknow,2017-07-31,28.379,0
Lucknow,2017-08-01,32.385,0
Lucknow,2017-08-02,37.848,0
Lucknow,2017-08-03,42.883,0
Lucknow,2017-08-04,57.186,0
Lucknow,2017-08-05,66.277,1
Lucknow,2017-08-06,35.619,0
Lucknow,2017-08-07,46.267,0
Lucknow,2017-08-08,26.245,0
Lucknow,2017-08-09,42.178,0
Lucknow,2017-08-10,88.736,1
Lucknow,2017-08-11,39.711,0
Lucknow,2017-08-12,38.974,0
Lucknow,2017-08-13,46.391,0
Lucknow,2017-08-14,119.078,1
Lucknow,2017-08-15,50.788,0
Lucknow,2017-08-16,67.231,1
Lucknow,2017-08-17,76.761,1
Lucknow,2017-08-18,39.008,0
Lucknow,2017-08-19,44.231,0
Lucknow,2017-08-20,43.27,0
Lucknow,2017-08-22,43.985,0
Lucknow,2017-08-23,43.331,0
Lucknow,2017-08-24,49.505,0
Lucknow,2017-08-25,34.815,0
Lucknow,2017-08-26,36.602,0
Lucknow,2017-08-27,21.592,0
Lucknow,2017-08-28,10.458,0
Lucknow,2017-08-29,22.215,0
Lucknow,2017-08-30,33.11,0
Lucknow,2017-08-31,31.442,0
Lucknow,2017-09-01,20.759,0
Lucknow,2017-09-02,21.692,0
Lucknow,2017-09-03,25.723,0
Lucknow,2017-09-04,32.273,0
Lucknow,2017-09-05,41.308,0
Lucknow,2017-09-06,47.984,0
Lucknow,2017-09-07,48.661,0
Lucknow,2017-09-08,57.458,0
Lucknow,2017-09-09,59.674,0
Lucknow,2017-09-10,72.599,1
Lucknow,2017-09-11,86.004,1
Lucknow,2017-09-12,74.712,1
Lucknow,2017-09-13,81.768,1
Lucknow,2017-09-14,76.575,1
Lucknow,2017-09-15,53.514,0
Lucknow,2017-09-16,43.464,0
Lucknow,2017-09-17,44.812,0
Lucknow,2017-09-18,40.76,0
Lucknow,2017-09-19,22.149,0
Lucknow,2017-09-20,41.19,0
Lucknow,2017-09-21,21.082,0
Lucknow,2017-09-22,23.004,0
Lucknow,2017-09-23,30.868,0
Lucknow,2017-09-24,40.251,0
Lucknow,2017-09-25,33.765,0
Lucknow,2017-09-26,68.454,1
Lucknow,2017-09-27,80.188,1
Lucknow,2017-09-28,75.01,1
Lucknow,2017-09-29,65.983,1
Lucknow,2017-09-30,77.334,1
Lucknow,2017-10-01,61.555,1
Lucknow,2017-10-02,68.78,1
Lucknow,2017-10-03,58.803,0
Lucknow,2017-10-04,42.048,0
Lucknow,2017-10-05,59.018,0
Lucknow,2017-10-06,60.542,1
Lucknow,2017-10-07,83.043,1
Lucknow,2017-10-08,82.358,1
Lucknow,2017-10-09,81.077,1
Lucknow,2017-10-10,100.699,1
Lucknow,2017-10-11,73.41,1
Lucknow,2017-10-12,95.022,1
Lucknow,2017-10-13,140.407,1
Lucknow,2017-10-14,138.314,1
Lucknow,2017-10-15,128.705,1
Lucknow,2017-10-16,169.376,1
Lucknow,2017-10-17,176.384,1
Lucknow,2017-10-18,194.31,1
Lucknow,2017-10-19,173.496,1
Lucknow,2017-10-20,172.871,1
Lucknow,2017-10-21,130.418,1
Lucknow,2017-10-22,229.033,1
Lucknow,2017-10-23,196.909,1
Lucknow,2017-10-24,199.312,1
Lucknow,2017-10-25,209.089,1
Lucknow,2017-10-26,204.123,1
Lucknow,2017-10-27,161.979,1
Lucknow,2017-10-28,171.39,1
Lucknow,2017-10-29,184.465,1
Lucknow,2017-10-30,155.103,1
Lucknow,2017-10-31,136.841,1
Lucknow,2017-11-01,151.156,1
Lucknow,2017-11-02,172.335,1
Lucknow,2017-11-03,195.753,1
Lucknow,2017-11-04,198.64,1
Lucknow,2017-11-05,195.988,1
Lucknow,2017-11-06,200.804,1
Lucknow,2017-11-07,230.942,1
Lucknow,2017-11-08,334.905,1
Lucknow,2017-11-09,387.84,1
Lucknow,2017-11-10,378.394,1
Lucknow,2017-11-11,258.154,1
Lucknow,2017-11-12,239.633,1
Lucknow,2017-11-13,446.679,1
Lucknow,2017-11-14,425.313,1
Lucknow,2017-11-15,237.114,1
Lucknow,2017-11-16,191.155,1
Lucknow,2017-11-17,181.715,1
Lucknow,2017-11-18,190.16,1
Lucknow,2017-11-19,192.634,1
Lucknow,2017-11-20,139.286,1
Lucknow,2017-11-21,171.742,1
Lucknow,2017-11-22,187.089,1
Lucknow,2017-11-23,167.769,1
Lucknow,2017-11-24,171.751,1
Lucknow,2017-11-25,194.667,1
Lucknow,2017-11-26,181.655,1
Lucknow,2017-11-27,230.282,1
Lucknow,2017-11-28,178.032,1
Lucknow,2017-11-29,236.788,1
Lucknow,2017-11-30,274.253,1
Lucknow,2017-12-01,286.146,1
Lucknow,2017-12-02,220.648,1
Lucknow,2017-12-03,226.912,1
Lucknow,2017-12-04,210.109,1
Lucknow,2017-12-05,194.41,1
Lucknow,2017-12-06,237.165,1
Lucknow,2017-12-07,119.24,1
Lucknow,2017-12-08,119.572,1
Lucknow,2017-12-09,178.065,1
Lucknow,2017-12-10,235.17,1
Lucknow,2017-12-11,164.747,1
Lucknow,2017-12-12,193.96,1
Lucknow,2017-12-13,173.023,1
Lucknow,2017-12-14,169.942,1
Lucknow,2017-12-15,155.692,1
Lucknow,2017-12-16,130.225,1
Lucknow,2017-12-17,150.307,1
Lucknow,2017-12-18,206.446,1
Lucknow,2017-12-19,347.728,1
Lucknow,2017-12-20,432.997,1
Lucknow,2017-12-21,288.475,1
Lucknow,2017-12-22,207.158,1
Lucknow,2017-12-23,158.886,1
Lucknow,2017-12-24,218.33,1
Lucknow,2017-12-25,233.41,1
Lucknow,2017-12-26,227.176,1
Lucknow,2017-12-27,290.795,1
Lucknow,2017-12-28,369.353,1
Lucknow,2017-12-29,243.938,1
Lucknow,2017-12-30,196.62,1
Lucknow,2017-12-31,235.153,1
Lucknow,2018-01-01,170.51,1
Lucknow,2018-01-02,199.888,1
Lucknow,2018-01-03,239.009,1
Lucknow,2018-01-04,250.356,1
Lucknow,2018-01-05,241.25,1
Lucknow,2018-01-06,192.991,1
Lucknow,2018-01-07,252.978,1
Lucknow,2018-01-08,300.456,1
Lucknow,2018-01-09,245.757,1
Lucknow,2018-01-10,235.735,1
Lucknow,2018-01-11,260.929,1
Lucknow,2018-01-12,301.744,1
Lucknow,2018-01-13,284.768,1
Lucknow,2018-01-14,231.894,1
Lucknow,2018-01-15,238.684,1
Lucknow,2018-01-16,198.897,1
Lucknow,2018-01-17,211.585,1
Lucknow,2018-01-18,210.072,1
Lucknow,2018-01-19,290.407,1
Lucknow,2018-01-20,183.727,1
Lucknow,2018-01-21,197.861,1
Lucknow,2018-01-22,242.988,1
Lucknow,2018-01-23,275.527,1
Lucknow,2018-01-24,162.78,1
Lucknow,2018-01-25,157.0,1
Lucknow,2018-01-26,178.631,1
Lucknow,2018-01-27,179.671,1
Lucknow,2018-01-28,202.519,1
Lucknow,2018-01-29,201.041,1
Lucknow,2018-01-30,155.056,1
Lucknow,2018-01-31,151.746,1
Lucknow,2018-02-01,162.833,1
Lucknow,2018-02-02,164.955,1
Lucknow,2018-02-03,235.215,1
Lucknow,2018-02-04,163.842,1
Lucknow,2018-02-05,158.45,1
Lucknow,2018-02-06,161.373,1
Lucknow,2018-02-07,125.72,1
Lucknow,2018-02-08,169.058,1
Lucknow,2018-02-09,137.157,1
Lucknow,2018-02-10,123.174,1
Lucknow,2018-02-11,125.923,1
Lucknow,2018-02-12,124.694,1
Lucknow,2018-02-13,115.874,1
Lucknow,2018-02-14,120.756,1
Lucknow,2018-02-15,148.438,1
Lucknow,2018-02-16,225.934,1
Lucknow,2018-02-17,226.874,1
Lucknow,2018-02-18,194.03,1
Lucknow,2018-02-19,199.582,1
Lucknow,2018-02-20,143.777,1
Lucknow,2018-02-21,228.657,1
Lucknow,2018-02-22,233.242,1
Lucknow,2018-02-23,228.205,1
Lucknow,2018-02-24,198.746,1
Lucknow,2018-02-25,183.901,1
Lucknow,2018-02-26,101.967,1
Lucknow,2018-02-27,76.708,1
Lucknow,2018-02-28,107.985,1
Lucknow,2018-03-01,114.944,1
Lucknow,2018-03-02,111.57,1
Lucknow,2018-03-03,94.862,1
Lucknow,2018-03-04,96.119,1
Lucknow,2018-03-05,91.042,1
Lucknow,2018-03-06,141.457,1
Lucknow,2018-03-07,133.804,1
Lucknow,2018-03-08,170.763,1
Lucknow,2018-03-09,140.806,1
Lucknow,2018-03-10,118.158,1
Lucknow,2018-03-11,133.029,1
Lucknow,2018-03-12,133.07,1
Lucknow,2018-03-13,102.134,1
Lucknow,2018-03-14,166.43,1
Lucknow,2018-03-15,137.035,1
Lucknow,2018-03-16,115.27,1
Lucknow,2018-03-17,84.819,1
Lucknow,2018-03-18,77.353,1
Lucknow,2018-03-19,97.049,1
Lucknow,2018-03-20,96.723,1
Lucknow,2018-03-21,115.036,1
Lucknow,2018-03-22,112.453,1
Lucknow,2018-03-23,101.79,1
Lucknow,2018-03-24,88.041,1
Lucknow,2018-03-25,93.261,1
Lucknow,2018-03-26,72.45,1
Lucknow,2018-03-27,75.583,1
Lucknow,2018-03-28,106.907,1
Lucknow,2018-03-29,130.558,1
Lucknow,2018-03-30,143.541,1
Lucknow,2018-03-31,54.496,0
Lucknow,2018-04-01,70.503,1
Lucknow,2018-04-02,100.47,1
Lucknow,2018-04-03,158.723,1
Lucknow,2018-04-04,163.424,1
Lucknow,2018-04-05,83.452,1
Lucknow,2018-04-06,74.209,1
Lucknow,2018-04-07,61.525,1
Lucknow,2018-04-08,58.966,0
Lucknow,2018-04-09,80.367,1
Lucknow,2018-04-10,60.774,1
Lucknow,2018-04-11,66.256,1
Lucknow,2018-04-12,36.818,0
Lucknow,2018-04-13,54.59,0
Lucknow,2018-04-14,58.678,0
Lucknow,2018-04-15,67.077,1
Lucknow,2018-04-16,85.988,1
Lucknow,2018-04-17,120.715,1
Lucknow,2018-04-18,87.723,1
Lucknow,2018-04-19,75.312,1
Lucknow,2018-04-20,116.85,1
Lucknow,2018-04-21,76.516,1
Lucknow,2018-04-22,91.208,1
Lucknow,2018-04-23,64.984,1
Lucknow,2018-04-24,82.469,1
Lucknow,2018-04-25,127.392,1
Lucknow,2018-04-26,135.487,1
Lucknow,2018-04-27,90.869,1
Lucknow,2018-04-28,79.187,1
Lucknow,2018-04-29,92.339,1
Lucknow,2018-04-30,64.038,1
Lucknow,2018-05-01,46.007,0
Lucknow,2018-05-02,74.0,1
Lucknow,2018-05-03,55.94,0
Lucknow,2018-05-04,45.382,0
Lucknow,2018-05-05,82.475,1
Lucknow,2018-05-06,93.079,1
Lucknow,2018-05-07,111.988,1
Lucknow,2018-05-08,215.085,1
Lucknow,2018-05-09,139.75,1
Lucknow,2018-05-10,106.668,1
Lucknow,2018-05-11,170.544,1
Lucknow,2018-05-13,206.481,1
Lucknow,2018-05-14,268.33,1
Lucknow,2018-05-15,73.229,1
Lucknow,2018-05-16,121.811,1
Lucknow,2018-05-17,152.646,1
Lucknow,2018-05-18,112.66,1
Lucknow,2018-05-19,133.45,1
Lucknow,2018-05-20,154.695,1
Lucknow,2018-05-21,309.349,1
Lucknow,2018-05-22,151.544,1
Lucknow,2018-05-23,107.171,1
Lucknow,2018-05-24,225.107,1
Lucknow,2018-05-25,102.375,1
Lucknow,2018-05-26,125.893,1
Lucknow,2018-05-27,125.338,1
Lucknow,2018-05-28,104.313,1
Lucknow,2018-05-29,92.655,1
Lucknow,2018-05-30,84.9,1
Lucknow,2018-05-31,81.529,1
Lucknow,2018-06-01,72.29,1
Lucknow,2018-06-02,77.816,1
Lucknow,2018-06-03,94.265,1
Lucknow,2018-06-04,117.76,1
Lucknow,2018-06-05,96.538,1
Lucknow,2018-06-06,59.979,0
Lucknow,2018-06-07,85.889,1
Lucknow,2018-06-08,62.913,1
Lucknow,2018-06-09,62.853,1
Lucknow,2018-06-10,54.838,0
Lucknow,2018-06-11,57.898,0
Lucknow,2018-06-12,71.02,1
Lucknow,2018-06-13,80.85,1
Lucknow,2018-06-14,100.83,1
Lucknow,2018-06-15,124.132,1
Lucknow,2018-06-16,126.335,1
Lucknow,2018-06-17,155.051,1
Lucknow,2018-06-18,127.735,1
Lucknow,2018-06-19,70.438,1
Lucknow,2018-06-20,90.309,1
Lucknow,2018-06-21,107.201,1
Lucknow,2018-06-22,85.382,1
Lucknow,2018-06-23,140.011,1
Lucknow,2018-06-24,63.357,1
Lucknow,2018-06-25,71.893,1
Lucknow,2018-06-26,83.153,1
Lucknow,2018-06-27,47.602,0
Lucknow,2018-06-28,50.137,0
Lucknow,2018-06-29,40.128,0
Lucknow,2018-06-30,39.748,0
Lucknow,2018-07-01,38.352,0
Lucknow,2018-07-02,56.832,0
Lucknow,2018-07-03,43.541,0
Lucknow,2018-07-04,29.946,0
Lucknow,2018-07-05,35.468,0
Lucknow,2018-07-06,69.981,1
Lucknow,2018-07-07,96.519,1
Lucknow,2018-07-08,67.766,1
Lucknow,2018-07-09,48.773,0
Lucknow,2018-07-10,33.11,0
Lucknow,2018-07-11,32.767,0
Lucknow,2018-07-12,26.269,0
Lucknow,2018-07-13,27.483,0
Lucknow,2018-07-14,32.231,0
Lucknow,2018-07-15,35.306,0
Lucknow,2018-07-16,29.569,0
Lucknow,2018-07-17,33.6,0
Lucknow,2018-07-18,40.926,0
Lucknow,2018-07-19,58.27,0
Lucknow,2018-07-20,32.85,0
Lucknow,2018-07-21,24.248,0
Lucknow,2018-07-22,23.632,0
Lucknow,2018-07-23,22.336,0
Lucknow,2018-07-24,37.905,0
Lucknow,2018-07-25,28.256,0
Lucknow,2018-07-26,18.085,0
Lucknow,2018-07-27,46.075,0
Lucknow,2018-07-28,43.02,0
Lucknow,2018-07-29,40.791,0
Lucknow,2018-07-30,22.683,0
Lucknow,2018-07-31,18.206,0
Lucknow,2018-08-01,15.6,0
Lucknow,2018-08-02,31.511,0
Lucknow,2018-08-03,42.007,0
Lucknow,2018-08-04,72.384,1
Lucknow,2018-08-05,133.473,1
Lucknow,2018-08-06,92.947,1
Lucknow,2018-08-07,62.394,1
Lucknow,2018-08-08,32.228,0
Lucknow,2018-08-09,48.398,0
Lucknow,2018-08-10,49.252,0
Lucknow,2018-08-11,44.958,0
Lucknow,2018-08-12,33.212,0
Lucknow,2018-08-13,29.482,0
Lucknow,2018-08-14,52.393,0
Lucknow,2018-08-15,53.239,0
Lucknow,2018-08-16,18.451,0
Lucknow,2018-08-17,42.068,0
Lucknow,2018-08-18,57.755,0
Lucknow,2018-08-19,44.44,0
Lucknow,2018-08-20,31.448,0
Lucknow,2018-08-21,31.044,0
Lucknow,2018-08-22,42.249,0
Lucknow,2018-08-23,35.858,0
Lucknow,2018-08-24,31.249,0
Lucknow,2018-08-25,29.393,0
Lucknow,2018-08-26,159.643,1
Lucknow,2018-08-27,73.242,1
Lucknow,2018-08-28,33.843,0
Lucknow,2018-08-29,32.444,0
Lucknow,2018-08-30,33.209,0
Lucknow,2018-08-31,22.041,0
Lucknow,2018-09-01,24.617,0
Lucknow,2018-09-02,16.66,0
Lucknow,2018-09-03,30.935,0
Lucknow,2018-09-04,41.707,0
Lucknow,2018-09-05,27.313,0
Lucknow,2018-09-06,46.254,0
Lucknow,2018-09-07,31.521,0
Lucknow,2018-09-08,36.949,0
Lucknow,2018-09-09,26.635,0
Lucknow,2018-09-10,38.999,0
Lucknow,2018-09-11,38.681,0
Lucknow,2018-09-12,38.509,0
Lucknow,2018-09-13,39.917,0
Lucknow,2018-09-14,46.809,0
Lucknow,2018-09-15,55.147,0
Lucknow,2018-09-16,57.483,0
Lucknow,2018-09-17,68.6,1
Lucknow,2018-09-18,73.052,1
Lucknow,2018-09-19,77.9,1
Lucknow,2018-09-20,87.711,1
Lucknow,2018-09-21,24.599,0
Lucknow,2018-09-22,29.468,0
Lucknow,2018-09-23,55.131,0
Lucknow,2018-09-24,57.315,0
Lucknow,2018-09-25,39.532,0
Lucknow,2018-09-26,41.867,0
Lucknow,2018-09-27,59.189,0
Lucknow,2018-09-28,76.752,1
Lucknow,2018-09-29,106.136,1
Lucknow,2018-09-30,81.748,1
Lucknow,2018-10-01,88.364,1
Lucknow,2018-10-02,95.242,1
Lucknow,2018-10-03,104.396,1
Lucknow,2018-10-04,116.806,1
Lucknow,2018-10-05,97.278,1
Lucknow,2018-10-06,123.505,1
Lucknow,2018-10-07,133.775,1
Lucknow,2018-10-08,106.14,1
Lucknow,2018-10-09,89.918,1
Lucknow,2018-10-10,124.481,1
Lucknow,2018-10-11,114.239,1
Lucknow,2018-10-12,75.048,1
Lucknow,2018-10-13,65.19,1
Lucknow,2018-10-14,87.212,1
Lucknow,2018-10-15,105.486,1
Lucknow,2018-10-16,121.243,1
Lucknow,2018-10-17,128.303,1
Lucknow,2018-10-18,125.012,1
Lucknow,2018-10-19,123.981,1
Lucknow,2018-10-20,112.686,1
Lucknow,2018-10-21,116.623,1
Lucknow,2018-10-22,123.766,1
Lucknow,2018-10-23,129.954,1
Lucknow,2018-10-24,166.667,1
Lucknow,2018-10-25,189.475,1
Lucknow,2018-10-26,168.406,1
Lucknow,2018-10-27,174.275,1
Lucknow,2018-10-28,163.73,1
Lucknow,2018-10-29,165.78,1
Lucknow,2018-10-30,147.832,1
Lucknow,2018-10-31,138.517,1
Lucknow,2018-11-01,146.278,1
Lucknow,2018-11-02,186.572,1
Lucknow,2018-11-03,165.798,1
Lucknow,2018-11-04,139.276,1
Lucknow,2018-11-05,113.48,1
Lucknow,2018-11-06,185.641,1
Lucknow,2018-11-07,218.797,1
Lucknow,2018-11-08,400.968,1
Lucknow,2018-11-09,254.556,1
Lucknow,2018-11-10,242.63,1
Lucknow,2018-11-11,198.194,1
Lucknow,2018-11-12,214.845,1
Lucknow,2018-11-13,233.959,1
Lucknow,2018-11-14,185.537,1
Lucknow,2018-11-15,159.243,1
Lucknow,2018-11-16,110.372,1
Lucknow,2018-11-17,155.138,1
Lucknow,2018-11-18,212.785,1
Lucknow,2018-11-19,203.646,1
Lucknow,2018-11-20,242.989,1
Lucknow,2018-11-21,218.3,1
Lucknow,2018-11-22,162.502,1
Lucknow,2018-11-23,142.378,1
Lucknow,2018-11-24,135.504,1
Lucknow,2018-11-25,153.505,1
Lucknow,2018-11-26,229.217,1
Lucknow,2018-11-27,255.169,1
Lucknow,2018-11-28,194.977,1
Lucknow,2018-11-29,165.847,1
Lucknow,2018-11-30,199.954,1
Lucknow,2018-12-01,181.484,1
Lucknow,2018-12-02,188.151,1
Lucknow,2018-12-03,163.017,1
Lucknow,2018-12-04,224.134,1
Lucknow,2018-12-05,215.024,1
Lucknow,2018-12-06,217.328,1
Lucknow,2018-12-07,190.389,1
Lucknow,2018-12-08,187.663,1
Lucknow,2018-12-09,191.097,1
Lucknow,2018-12-10,269.305,1
Lucknow,2018-12-11,194.033,1
Lucknow,2018-12-12,191.155,1
Lucknow,2018-12-13,147.384,1
Lucknow,2018-12-14,104.92,1
Lucknow,2018-12-15,103.645,1
Lucknow,2018-12-16,127.74,1
Lucknow,2018-12-17,157.838,1
Lucknow,2018-12-18,145.812,1
Lucknow,2018-12-19,157.536,1
Lucknow,2018-12-20,185.197,1
Lucknow,2018-12-21,180.457,1
Lucknow,2018-12-22,236.906,1
Lucknow,2018-12-23,232.815,1
Lucknow,2018-12-24,165.998,1
Lucknow,2018-12-25,165.368,1
Lucknow,2018-12-26,178.639,1
Lucknow,2018-12-27,159.207,1
Lucknow,2018-12-28,153.63,1
Lucknow,2018-12-29,200.842,1
Lucknow,2018-12-30,258.085,1
Lucknow,2018-12-31,248.505,1
Lucknow,2019-01-01,272.75,1
Lucknow,2019-01-02,342.703,1
Lucknow,2019-01-03,218.081,1
Lucknow,2019-01-04,205.719,1
Lucknow,2019-01-05,256.561,1
Lucknow,2019-01-06,185.346,1
Lucknow,2019-01-07,91.919,1
Lucknow,2019-01-08,100.128,1
Lucknow,2019-01-09,113.442,1
Lucknow,2019-01-10,123.15,1
Lucknow,2019-01-11,189.968,1
Lucknow,2019-01-12,196.35,1
Lucknow,2019-01-13,247.307,1
Lucknow,2019-01-14,123.744,1
Lucknow,2019-01-15,93.459,1
Lucknow,2019-01-16,201.61,1
Lucknow,2019-01-17,266.003,1
Lucknow,2019-01-18,166.945,1
Lucknow,2019-01-19,146.516,1
Lucknow,2019-01-20,200.109,1
Lucknow,2019-01-21,221.065,1
Lucknow,2019-01-22,199.91,1
Lucknow,2019-01-23,107.473,1
Lucknow,2019-01-24,117.879,1
Lucknow,2019-01-25,176.215,1
Lucknow,2019-01-26,58.653,0
Lucknow,2019-01-27,74.328,1
Lucknow,2019-01-28,98.432,1
Lucknow,2019-01-29,103.409,1
Lucknow,2019-01-30,130.59,1
Lucknow,2019-01-31,173.263,1
Lucknow,2019-02-01,170.245,1
Lucknow,2019-02-02,165.91,1
Lucknow,2019-02-03,181.482,1
Lucknow,2019-02-04,133.58,1
Lucknow,2019-02-05,173.326,1
Lucknow,2019-02-06,204.167,1
Lucknow,2019-02-07,70.362,1
Lucknow,2019-02-08,87.575,1
Lucknow,2019-02-09,81.51,1
Lucknow,2019-02-10,70.829,1
Lucknow,2019-02-11,101.699,1
Lucknow,2019-02-12,129.665,1
Lucknow,2019-02-13,171.142,1
Lucknow,2019-02-14,206.209,1
Lucknow,2019-02-15,111.88,1
Lucknow,2019-02-16,66.668,1
Lucknow,2019-02-17,85.171,1
Lucknow,2019-02-18,82.72,1
Lucknow,2019-02-19,119.839,1
Lucknow,2019-02-20,168.15,1
Lucknow,2019-02-21,102.762,1
Lucknow,2019-02-22,135.374,1
Lucknow,2019-02-23,71.885,1
Lucknow,2019-02-24,71.831,1
Lucknow,2019-02-25,103.619,1
Lucknow,2019-02-26,105.195,1
Lucknow,2019-02-27,56.131,0
Lucknow,2019-02-28,41.128,0
Lucknow,2019-03-01,80.965,1
Lucknow,2019-03-02,150.968,1
Lucknow,2019-03-03,142.492,1
Lucknow,2019-03-04,95.72,1
Lucknow,2019-03-05,94.799,1
Lucknow,2019-03-06,85.414,1
Lucknow,2019-03-07,107.736,1
Lucknow,2019-03-08,134.047,1
Lucknow,2019-03-09,95.727,1
Lucknow,2019-03-10,87.662,1
Lucknow,2019-03-11,114.034,1
Lucknow,2019-03-12,119.491,1
Lucknow,2019-03-13,95.711,1
Lucknow,2019-03-14,111.27,1
Lucknow,2019-03-15,77.393,1
Lucknow,2019-03-16,61.978,1
Lucknow,2019-03-17,83.082,1
Lucknow,2019-03-18,107.514,1
Lucknow,2019-03-19,99.805,1
Lucknow,2019-03-20,110.712,1
Lucknow,2019-03-21,114.579,1
Lucknow,2019-03-22,59.157,0
Lucknow,2019-03-23,58.242,0
Lucknow,2019-03-24,66.425,1
Lucknow,2019-03-25,97.849,1
Lucknow,2019-03-26,77.356,1
Lucknow,2019-03-27,84.311,1
Lucknow,2019-03-28,109.08,1
Lucknow,2019-03-29,159.653,1
Lucknow,2019-03-30,142.597,1
Lucknow,2019-03-31,86.062,1
Lucknow,2019-04-01,62.229,1
Lucknow,2019-04-02,107.33,1
Lucknow,2019-04-03,136.131,1
Lucknow,2019-04-04,175.004,1
Lucknow,2019-04-05,132.838,1
Lucknow,2019-04-06,109.956,1
Lucknow,2019-04-07,72.32,1
Lucknow,2019-04-08,62.988,1
Lucknow,2019-04-09,75.072,1
Lucknow,2019-04-10,84.56,1
Lucknow,2019-04-11,99.92,1
Lucknow,2019-04-12,129.922,1
Lucknow,2019-04-13,96.671,1
Lucknow,2019-04-14,74.987,1
Lucknow,2019-04-15,70.008,1
Lucknow,2019-04-16,82.715,1
Lucknow,2019-04-17,46.965,0
Lucknow,2019-04-18,54.776,0
Lucknow,2019-04-19,48.715,0
Lucknow,2019-04-20,79.735,1
Lucknow,2019-04-21,107.924,1
Lucknow,2019-04-22,140.88,1
Lucknow,2019-04-23,123.565,1
Lucknow,2019-04-24,86.392,1
Lucknow,2019-04-25,121.976,1
Lucknow,2019-04-26,122.813,1
Lucknow,2019-04-27,148.616,1
Lucknow,2019-04-28,145.003,1
Lucknow,2019-04-29,138.545,1
Lucknow,2019-04-30,151.256,1
Lucknow,2019-05-01,167.313,1
Lucknow,2019-05-02,93.188,1
Lucknow,2019-05-03,64.156,1
Lucknow,2019-05-04,61.067,1
Lucknow,2019-05-05,57.795,0
Lucknow,2019-05-06,49.242,0
Lucknow,2019-05-07,67.736,1
Lucknow,2019-05-08,85.039,1
Lucknow,2019-05-09,97.59,1
Lucknow,2019-05-10,91.985,1
Lucknow,2019-05-11,82.165,1
Lucknow,2019-05-12,78.297,1
Lucknow,2019-05-13,72.912,1
Lucknow,2019-05-14,71.579,1
Lucknow,2019-05-15,85.722,1
Lucknow,2019-05-16,86.787,1
Lucknow,2019-05-17,84.515,1
Lucknow,2019-05-18,63.962,1
Lucknow,2019-05-19,82.43,1
Lucknow,2019-05-20,86.759,1
Lucknow,2019-05-21,84.265,1
Lucknow,2019-05-22,90.347,1
Lucknow,2019-05-23,73.058,1
Lucknow,2019-05-24,70.318,1
Lucknow,2019-05-25,63.602,1
Lucknow,2019-05-26,63.22,1
Lucknow,2019-05-27,83.693,1
Lucknow,2019-05-28,86.094,1
Lucknow,2019-05-29,86.517,1
Lucknow,2019-05-30,111.942,1
Lucknow,2019-05-31,92.217,1
Lucknow,2019-06-01,68.089,1
Lucknow,2019-06-02,96.369,1
Lucknow,2019-06-03,76.364,1
Lucknow,2019-06-04,95.09,1
Lucknow,2019-06-05,84.495,1
Lucknow,2019-06-06,102.446,1
Lucknow,2019-06-07,47.495,0
Lucknow,2019-06-08,61.011,1
Lucknow,2019-06-09,82.553,1
Lucknow,2019-06-10,84.509,1
Lucknow,2019-06-11,72.91,1
Lucknow,2019-06-12,59.04,0
Lucknow,2019-06-13,94.345,1
Lucknow,2019-06-14,75.837,1
Lucknow,2019-06-15,115.062,1
Lucknow,2019-06-16,66.125,1
Lucknow,2019-06-17,58.23,0
Lucknow,2019-06-18,66.796,1
Lucknow,2019-06-19,78.084,1
Lucknow,2019-06-20,60.932,1
Lucknow,2019-06-21,81.436,1
Lucknow,2019-06-22,82.085,1
Lucknow,2019-06-23,41.196,0
Lucknow,2019-06-24,71.255,1
Lucknow,2019-06-25,63.028,1
Lucknow,2019-06-26,73.653,1
Lucknow,2019-06-27,79.544,1
Lucknow,2019-06-28,91.732,1
Lucknow,2019-06-29,108.957,1
Lucknow,2019-06-30,87.761,1
Lucknow,2019-07-01,67.452,1
Lucknow,2019-07-02,75.853,1
Lucknow,2019-07-03,32.117,0
Lucknow,2019-07-04,42.343,0
Lucknow,2019-07-05,50.966,0
Lucknow,2019-07-06,31.562,0
Lucknow,2019-07-07,20.265,0
Lucknow,2019-07-08,27.265,0
Lucknow,2019-07-09,23.2,0
Lucknow,2019-07-10,35.858,0
Lucknow,2019-07-11,41.572,0
Lucknow,2019-07-12,47.804,0
Lucknow,2019-07-13,51.375,0
Lucknow,2019-07-14,54.98,0
Lucknow,2019-07-15,55.453,0
Lucknow,2019-07-16,37.99,0
Lucknow,2019-07-17,46.597,0
Lucknow,2019-07-18,45.668,0
Lucknow,2019-07-19,60.651,1
Lucknow,2019-07-20,52.957,0
Lucknow,2019-07-21,39.046,0
Lucknow,2019-07-22,40.138,0
Lucknow,2019-07-23,44.285,0
Lucknow,2019-07-24,23.528,0
Lucknow,2019-07-25,19.09,0
Lucknow,2019-07-26,22.013,0
Lucknow,2019-07-27,25.454,0
Lucknow,2019-07-28,36.632,0
Lucknow,2019-07-29,20.889,0
Lucknow,2019-07-30,24.055,0
Lucknow,2019-07-31,30.738,0
Lucknow,2019-08-01,46.895,0
Lucknow,2019-08-02,75.321,1
Lucknow,2019-08-03,41.902,0
Lucknow,2019-08-04,36.862,0
Lucknow,2019-08-05,38.047,0
Lucknow,2019-08-06,25.742,0
Lucknow,2019-08-07,26.503,0
Lucknow,2019-08-08,27.161,0
Lucknow,2019-08-09,26.692,0
Lucknow,2019-08-10,33.831,0
Lucknow,2019-08-11,36.435,0
Lucknow,2019-08-12,27.48,0
Lucknow,2019-08-13,26.936,0
Lucknow,2019-08-14,27.897,0
Lucknow,2019-08-15,27.22,0
Lucknow,2019-08-16,17.569,0
Lucknow,2019-08-17,21.252,0
Lucknow,2019-08-18,23.981,0
Lucknow,2019-08-19,34.307,0
Lucknow,2019-08-20,33.558,0
Lucknow,2019-08-21,32.743,0
Lucknow,2019-08-22,28.99,0
Lucknow,2019-08-23,32.592,0
Lucknow,2019-08-24,28.956,0
Lucknow,2019-08-25,24.95,0
Lucknow,2019-08-26,29.822,0
Lucknow,2019-08-27,36.523,0
Lucknow,2019-08-28,34.82,0
Lucknow,2019-08-29,34.99,0
Lucknow,2019-08-30,38.296,0
Lucknow,2019-08-31,44.991,0
Lucknow,2019-09-01,46.375,0
Lucknow,2019-09-02,36.074,0
Lucknow,2019-09-03,40.881,0
Lucknow,2019-09-04,33.806,0
Lucknow,2019-09-05,35.999,0
Lucknow,2019-09-06,41.638,0
Lucknow,2019-09-07,28.295,0
Lucknow,2019-09-08,22.188,0
Lucknow,2019-09-09,26.927,0
Lucknow,2019-09-10,35.238,0
Lucknow,2019-09-11,45.198,0
Lucknow,2019-09-12,50.133,0
Lucknow,2019-09-13,26.456,0
Lucknow,2019-09-14,30.969,0
Lucknow,2019-09-15,34.326,0
Lucknow,2019-09-16,28.453,0
Lucknow,2019-09-17,32.105,0
Lucknow,2019-09-18,25.435,0
Lucknow,2019-09-19,28.322,0
Lucknow,2019-09-20,33.747,0
Lucknow,2019-09-21,37.33,0
Lucknow,2019-09-22,28.434,0
Lucknow,2019-09-23,33.046,0
Lucknow,2019-09-24,34.528,0
Lucknow,2019-09-25,33.364,0
Lucknow,2019-09-26,21.75,0
Lucknow,2019-09-27,12.76,0
Lucknow,2019-09-28,16.17,0
Lucknow,2019-09-29,16.058,0
Lucknow,2019-09-30,17.438,0
Lucknow,2019-10-01,30.24,0
Lucknow,2019-10-02,29.313,0
Lucknow,2019-10-03,36.248,0
Lucknow,2019-10-04,40.554,0
Lucknow,2019-10-05,63.48,1
Lucknow,2019-10-06,64.843,1
Lucknow,2019-10-07,80.301,1
Lucknow,2019-10-08,84.302,1
Lucknow,2019-10-09,89.182,1
Lucknow,2019-10-10,63.28,1
Lucknow,2019-10-11,84.955,1
Lucknow,2019-10-12,70.451,1
Lucknow,2019-10-13,85.657,1
Lucknow,2019-10-14,92.097,1
Lucknow,2019-10-15,84.95,1
Lucknow,2019-10-16,88.509,1
Lucknow,2019-10-17,100.534,1
Lucknow,2019-10-18,97.485,1
Lucknow,2019-10-19,100.896,1
Lucknow,2019-10-20,132.03,1
Lucknow,2019-10-21,130.135,1
Lucknow,2019-10-22,132.118,1
Lucknow,2019-10-23,136.042,1
Lucknow,2019-10-24,119.544,1
Lucknow,2019-10-25,92.617,1
Lucknow,2019-10-26,74.942,1
Lucknow,2019-10-27,115.563,1
Lucknow,2019-10-28,212.665,1
Lucknow,2019-10-29,172.238,1
Lucknow,2019-10-30,180.879,1
Lucknow,2019-10-31,226.629,1
Lucknow,2019-11-01,239.787,1
Lucknow,2019-11-02,296.725,1
Lucknow,2019-11-03,262.617,1
Lucknow,2019-11-04,382.962,1
Lucknow,2019-11-05,230.034,1
Lucknow,2019-11-06,184.593,1
Lucknow,2019-11-07,221.378,1
Lucknow,2019-11-08,188.056,1
Lucknow,2019-11-09,161.602,1
Lucknow,2019-11-10,105.68,1
Lucknow,2019-11-11,137.17,1
Lucknow,2019-11-12,180.102,1
Lucknow,2019-11-13,205.008,1
Lucknow,2019-11-14,178.75,1
Lucknow,2019-11-15,160.585,1
Lucknow,2019-11-16,150.738,1
Lucknow,2019-11-17,104.57,1
Lucknow,2019-11-18,90.982,1
Lucknow,2019-11-19,110.448,1
Lucknow,2019-11-20,160.931,1
Lucknow,2019-11-21,159.639,1
Lucknow,2019-11-22,152.575,1
Lucknow,2019-11-23,149.87,1
Lucknow,2019-11-24,118.611,1
Lucknow,2019-11-25,157.044,1
Lucknow,2019-11-26,230.115,1
Lucknow,2019-11-27,207.968,1
Lucknow,2019-11-28,212.899,1
Lucknow,2019-11-29,73.1,1
Lucknow,2019-11-30,83.772,1
Lucknow,2019-12-01,97.496,1
Lucknow,2019-12-02,107.21,1
Lucknow,2019-12-03,134.982,1
Lucknow,2019-12-04,153.909,1
Lucknow,2019-12-05,186.49,1
Lucknow,2019-12-06,198.695,1
Lucknow,2019-12-07,161.678,1
Lucknow,2019-12-08,184.315,1
Lucknow,2019-12-09,148.867,1
Lucknow,2019-12-10,162.21,1
Lucknow,2019-12-11,207.347,1
Lucknow,2019-12-12,159.231,1
Lucknow,2019-12-13,107.602,1
Lucknow,2019-12-14,58.153,0
Lucknow,2019-12-15,66.88,1
Lucknow,2019-12-16,76.279,1
Lucknow,2019-12-17,82.485,1
Lucknow,2019-12-18,92.467,1
Lucknow,2019-12-19,139.593,1
Lucknow,2019-12-20,185.453,1
Lucknow,2019-12-21,215.001,1
Lucknow,2019-12-22,177.242,1
Lucknow,2019-12-23,140.502,1
Lucknow,2019-12-24,158.797,1
Lucknow,2019-12-25,186.338,1
Lucknow,2019-12-26,162.493,1
Lucknow,2019-12-27,180.211,1
Lucknow,2019-12-28,184.933,1
Lucknow,2019-12-29,148.012,1
Lucknow,2019-12-30,157.849,1
Lucknow,2019-12-31,244.225,1
Lucknow,2020-01-01,286.235,1
Lucknow,2020-01-02,182.386,1
Lucknow,2020-01-03,123.988,1
Lucknow,2020-01-04,109.44,1
Lucknow,2020-01-05,99.135,1
Lucknow,2020-01-06,135.186,1
Lucknow,2020-01-07,156.421,1
Lucknow,2020-01-08,190.397,1
Lucknow,2020-01-09,100.498,1
Lucknow,2020-01-10,107.481,1
Lucknow,2020-01-11,179.952,1
Lucknow,2020-01-12,227.28,1
Lucknow,2020-01-13,210.891,1
Lucknow,2020-01-14,165.201,1
Lucknow,2020-01-15,179.182,1
Lucknow,2020-01-16,103.297,1
Lucknow,2020-01-17,54.538,0
Lucknow,2020-01-18,79.134,1
Lucknow,2020-01-19,68.755,1
Lucknow,2020-01-20,110.74,1
Lucknow,2020-01-21,139.534,1
Lucknow,2020-01-22,166.915,1
Lucknow,2020-01-23,91.354,1
Lucknow,2020-01-24,90.232,1
Lucknow,2020-01-25,132.72,1
Lucknow,2020-01-26,153.829,1
Lucknow,2020-01-27,150.692,1
Lucknow,2020-01-28,168.338,1
Lucknow,2020-01-29,137.501,1
Lucknow,2020-01-30,52.722,0
Lucknow,2020-01-31,70.641,1
Lucknow,2020-02-01,111.69,1
Lucknow,2020-02-02,102.353,1
Lucknow,2020-02-03,126.698,1
Lucknow,2020-02-04,151.07,1
Lucknow,2020-02-05,126.304,1
Lucknow,2020-02-06,117.93,1
Lucknow,2020-02-07,144.706,1
Lucknow,2020-02-08,127.603,1
Lucknow,2020-02-09,135.904,1
Lucknow,2020-02-10,128.797,1
Lucknow,2020-02-11,125.218,1
Lucknow,2020-02-12,117.263,1
Lucknow,2020-02-13,105.783,1
Lucknow,2020-02-14,102.616,1
Lucknow,2020-02-15,78.379,1
Lucknow,2020-02-16,118.463,1
Lucknow,2020-02-17,131.897,1
Lucknow,2020-02-18,94.183,1
Lucknow,2020-02-19,109.26,1
Lucknow,2020-02-20,110.525,1
Lucknow,2020-02-21,76.057,1
Lucknow,2020-02-22,43.325,0
Lucknow,2020-02-23,112.99,1
Lucknow,2020-02-24,100.962,1
Lucknow,2020-02-25,50.827,0
Lucknow,2020-02-26,43.621,0
Lucknow,2020-02-27,49.997,0
Lucknow,2020-02-28,63.364,1
Lucknow,2020-02-29,76.538,1
Lucknow,2020-03-01,66.133,1
Lucknow,2020-03-02,65.341,1
Lucknow,2020-03-03,77.057,1
Lucknow,2020-03-04,89.435,1
Lucknow,2020-03-05,83.402,1
Lucknow,2020-03-06,46.578,0
Lucknow,2020-03-07,33.246,0
Lucknow,2020-03-08,61.963,1
Lucknow,2020-03-09,45.288,0
Lucknow,2020-03-10,95.328,1
Lucknow,2020-03-11,65.484,1
Lucknow,2020-03-12,62.401,1
Lucknow,2020-03-13,44.032,0
Lucknow,2020-03-14,40.602,0
Lucknow,2020-03-15,44.068,0
Lucknow,2020-03-16,51.058,0
Lucknow,2020-03-17,75.479,1
Lucknow,2020-03-18,74.415,1
Lucknow,2020-03-19,108.525,1
Lucknow,2020-03-20,115.538,1
Lucknow,2020-03-21,80.008,1
Lucknow,2020-03-22,60.467,1
Lucknow,2020-03-23,72.862,1
Lucknow,2020-03-24,100.149,1
Lucknow,2020-03-25,88.32,1
Lucknow,2020-03-26,45.414,0
Lucknow,2020-03-27,45.849,0
Lucknow,2020-03-28,35.314,0
Lucknow,2020-03-29,33.498,0
Lucknow,2020-03-30,39.912,0
Lucknow,2020-03-31,46.167,0
Lucknow,2020-04-01,66.667,1
Lucknow,2020-04-02,49.018,0
Lucknow,2020-04-03,36.755,0
Lucknow,2020-04-04,37.821,0
Lucknow,2020-04-05,54.385,0
Lucknow,2020-04-06,46.262,0
Lucknow,2020-04-07,41.852,0
Lucknow,2020-04-08,46.298,0
Lucknow,2020-04-09,43.452,0
Lucknow,2020-04-10,53.914,0
Lucknow,2020-04-11,65.521,1
Lucknow,2020-04-12,62.391,1
Lucknow,2020-04-13,55.362,0
Lucknow,2020-04-14,80.698,1
Lucknow,2020-04-15,65.802,1
Lucknow,2020-04-16,84.397,1
Lucknow,2020-04-17,79.718,1
Lucknow,2020-04-18,64.07,1
Lucknow,2020-04-19,59.385,0
Lucknow,2020-04-20,49.127,0
Lucknow,2020-04-21,43.268,0
Lucknow,2020-04-22,52.604,0
Lucknow,2020-04-23,68.369,1
Lucknow,2020-04-24,64.633,1
Lucknow,2020-04-25,62.846,1
Lucknow,2020-04-26,45.35,0
Lucknow,2020-04-27,29.195,0
Lucknow,2020-04-28,41.716,0
Lucknow,2020-04-29,44.775,0
Lucknow,2020-04-30,49.272,0
Lucknow,2020-05-01,45.793,0
Lucknow,2020-05-02,37.809,0
Lucknow,2020-05-03,39.833,0
Lucknow,2020-05-04,42.135,0
Lucknow,2020-05-05,35.492,0
Lucknow,2020-05-06,32.632,0
Lucknow,2020-05-07,39.245,0
Lucknow,2020-05-08,50.909,0
Lucknow,2020-05-09,56.144,0
Lucknow,2020-05-10,63.31,1
Lucknow,2020-05-11,59.805,0
Lucknow,2020-05-12,58.922,0
Lucknow,2020-05-13,59.925,0
Lucknow,2020-05-14,55.396,0
Lucknow,2020-05-15,77.188,1
Lucknow,2020-05-16,52.424,0
Lucknow,2020-05-17,64.239,1
Lucknow,2020-05-18,68.135,1
Lucknow,2020-05-19,59.785,0
Lucknow,2020-05-20,101.413,1
Lucknow,2020-05-21,60.522,1
Lucknow,2020-05-22,81.153,1
Lucknow,2020-05-23,57.565,0
Lucknow,2020-05-24,71.251,1
Lucknow,2020-05-25,67.244,1
Lucknow,2020-05-26,71.227,1
Lucknow,2020-05-27,107.052,1
Lucknow,2020-05-28,38.92,0
Lucknow,2020-05-29,46.611,0
Lucknow,2020-05-30,46.722,0
Lucknow,2020-05-31,37.564,0
Lucknow,2020-06-01,47.725,0
Lucknow,2020-06-02,48.381,0
Lucknow,2020-06-03,65.454,1
Lucknow,2020-06-04,61.745,1
Lucknow,2020-06-05,51.379,0
Lucknow,2020-06-06,31.007,0
Lucknow,2020-06-07,29.992,0
Lucknow,2020-06-08,53.23,0
Lucknow,2020-06-09,79.899,1
Lucknow,2020-06-10,91.025,1
Lucknow,2020-06-11,79.091,1
Lucknow,2020-06-12,71.594,1
Lucknow,2020-06-13,51.805,0
Lucknow,2020-06-14,41.867,0
Lucknow,2020-06-15,46.386,0
Lucknow,2020-06-16,31.603,0
Lucknow,2020-06-17,39.69,0
Lucknow,2020-06-18,35.978,0
Lucknow,2020-06-19,35.249,0
Lucknow,2020-06-20,36.486,0
Lucknow,2020-06-21,29.431,0
Lucknow,2020-06-22,29.438,0
Lucknow,2020-06-23,34.524,0
Lucknow,2020-06-24,45.738,0
Lucknow,2020-06-25,54.97,0
Lucknow,2020-06-26,38.895,0
Lucknow,2020-06-27,32.226,0
Lucknow,2020-06-28,34.576,0
Lucknow,2020-06-29,30.186,0
Lucknow,2020-06-30,38.265,0
Mumbai,2018-05-07,18.436,0
Mumbai,2018-05-08,18.074,0
Mumbai,2018-05-09,18.547,0
Mumbai,2018-05-10,22.573,0
Mumbai,2018-05-11,23.636,0
Mumbai,2018-05-12,31.181,0
Mumbai,2018-05-13,24.221,0
Mumbai,2018-05-14,21.806,0
Mumbai,2018-05-15,14.929,0
Mumbai,2018-05-16,17.855,0
Mumbai,2018-05-17,24.731,0
Mumbai,2018-05-19,24.957,0
Mumbai,2018-05-20,20.698,0
Mumbai,2018-05-21,19.552,0
Mumbai,2018-05-22,22.116,0
Mumbai,2018-05-23,24.916,0
Mumbai,2018-05-24,22.763,0
Mumbai,2018-05-25,15.376,0
Mumbai,2018-05-26,19.013,0
Mumbai,2018-05-28,17.334,0
Mumbai,2018-05-29,22.54,0
Mumbai,2018-05-30,18.794,0
Mumbai,2018-05-31,20.143,0
Mumbai,2018-06-01,33.826,0
Mumbai,2018-06-02,19.609,0
Mumbai,2018-06-03,18.728,0
Mumbai,2018-06-04,19.984,0
Mumbai,2018-06-05,27.526,0
Mumbai,2018-06-06,17.596,0
Mumbai,2018-06-07,44.238,0
Mumbai,2018-06-08,18.481,0
Mumbai,2018-06-11,16.121,0
Mumbai,2018-06-12,15.965,0
Mumbai,2018-06-13,16.867,0
Mumbai,2018-06-14,19.155,0
Mumbai,2018-06-15,19.759,0
Mumbai,2018-06-16,17.252,0
Mumbai,2018-06-17,16.811,0
Mumbai,2018-06-18,10.873,0
Mumbai,2018-06-19,15.867,0
Mumbai,2018-06-20,27.93,0
Mumbai,2018-06-21,22.991,0
Mumbai,2018-06-22,17.471,0
Mumbai,2018-06-23,17.786,0
Mumbai,2018-06-24,10.532,0
Mumbai,2018-06-25,13.383,0
Mumbai,2018-06-26,22.056,0
Mumbai,2018-06-27,18.543,0
Mumbai,2018-06-28,19.38,0
Mumbai,2018-06-30,14.906,0
Mumbai,2018-07-01,12.748,0
Mumbai,2018-07-02,13.767,0
Mumbai,2018-07-03,18.503,0
Mumbai,2018-07-04,14.709,0
Mumbai,2018-07-05,14.11,0
Mumbai,2018-07-06,14.533,0
Mumbai,2018-07-07,12.843,0
Mumbai,2018-07-10,12.27,0
Mumbai,2018-07-11,19.061,0
Mumbai,2018-07-12,15.142,0
Mumbai,2018-07-13,14.259,0
Mumbai,2018-07-14,17.808,0
Mumbai,2018-07-15,15.572,0
Mumbai,2018-07-16,15.672,0
Mumbai,2018-07-17,15.909,0
Mumbai,2018-07-18,22.009,0
Mumbai,2018-07-19,46.756,0
Mumbai,2018-07-20,16.396,0
Mumbai,2018-07-21,15.771,0
Mumbai,2018-07-22,15.69,0
Mumbai,2018-07-23,13.986,0
Mumbai,2018-07-24,16.305,0
Mumbai,2018-07-25,15.971,0
Mumbai,2018-07-26,15.876,0
Mumbai,2018-07-27,13.232,0
Mumbai,2018-07-28,14.115,0
Mumbai,2018-07-29,13.388,0
Mumbai,2018-07-30,15.446,0
Mumbai,2018-08-01,14.707,0
Mumbai,2018-08-02,14.868,0
Mumbai,2018-08-03,17.719,0
Mumbai,2018-08-04,10.363,0
Mumbai,2018-08-05,9.212,0
Mumbai,2018-08-06,11.214,0
Mumbai,2018-08-07,12.647,0
Mumbai,2018-08-08,13.328,0
Mumbai,2018-08-09,11.333,0
Mumbai,2018-08-10,12.593,0
Mumbai,2018-08-11,11.696,0
Mumbai,2018-08-12,9.698,0
Mumbai,2018-08-13,12.941,0
Mumbai,2018-08-14,101.945,1
Mumbai,2018-08-15,26.835,0
Mumbai,2018-08-16,26.491,0
Mumbai,2018-08-17,23.72,0
Mumbai,2018-08-18,24.151,0
Mumbai,2018-08-19,22.942,0
Mumbai,2018-08-20,26.684,0
Mumbai,2018-08-21,30.76,0
Mumbai,2018-08-22,25.473,0
Mumbai,2018-08-23,23.112,0
Mumbai,2018-08-24,18.941,0
Mumbai,2018-08-25,25.285,0
Mumbai,2018-08-26,23.62,0
Mumbai,2018-08-27,26.455,0
Mumbai,2018-08-28,30.97,0
Mumbai,2018-08-29,28.578,0
Mumbai,2018-08-30,26.491,0
Mumbai,2018-08-31,25.694,0
Mumbai,2018-09-01,28.245,0
Mumbai,2018-09-02,24.03,0
Mumbai,2018-09-03,26.353,0
Mumbai,2018-09-04,23.493,0
Mumbai,2018-09-05,22.671,0
Mumbai,2018-09-06,25.498,0
Mumbai,2018-09-07,27.311,0
Mumbai,2018-09-08,26.767,0
Mumbai,2018-09-09,24.276,0
Mumbai,2018-09-10,21.835,0
Mumbai,2018-09-11,26.757,0
Mumbai,2018-09-12,21.636,0
Mumbai,2018-09-13,19.28,0
Mumbai,2018-09-14,23.523,0
Mumbai,2018-09-15,22.089,0
Mumbai,2018-09-16,25.6,0
Mumbai,2018-09-17,20.368,0
Mumbai,2018-09-18,25.512,0
Mumbai,2018-09-19,17.675,0
Mumbai,2018-09-20,25.442,0
Mumbai,2018-09-21,42.727,0
Mumbai,2018-09-22,31.222,0
Mumbai,2018-09-23,35.954,0
Mumbai,2018-09-24,33.058,0
Mumbai,2018-09-25,33.855,0
Mumbai,2018-09-26,32.517,0
Mumbai,2018-09-27,37.214,0
Mumbai,2018-09-28,44.86,0
Mumbai,2018-09-29,44.046,0
Mumbai,2018-09-30,54.774,0
Mumbai,2018-10-01,49.352,0
Mumbai,2018-10-02,49.524,0
Mumbai,2018-10-03,50.865,0
Mumbai,2018-10-04,43.396,0
Mumbai,2018-10-05,42.121,0
Mumbai,2018-10-06,48.163,0
Mumbai,2018-10-07,54.764,0
Mumbai,2018-10-08,48.597,0
Mumbai,2018-10-09,45.058,0
Mumbai,2018-10-10,42.821,0
Mumbai,2018-10-11,34.352,0
Mumbai,2018-10-12,44.572,0
Mumbai,2018-10-13,54.925,0
Mumbai,2018-10-14,48.182,0
Mumbai,2018-10-15,49.422,0
Mumbai,2018-10-16,54.253,0
Mumbai,2018-10-17,46.143,0
Mumbai,2018-10-18,26.066,0
Mumbai,2018-10-24,45.751,0
Mumbai,2018-10-25,52.723,0
Mumbai,2018-10-26,38.955,0
Mumbai,2018-10-27,53.997,0
Mumbai,2018-10-30,36.716,0
Mumbai,2018-10-31,41.764,0
Mumbai,2018-11-01,49.853,0
Mumbai,2018-11-02,40.712,0
Mumbai,2018-11-03,39.516,0
Mumbai,2018-11-04,37.385,0
Mumbai,2018-11-05,34.932,0
Mumbai,2018-11-06,64.198,1
Mumbai,2018-11-07,67.626,1
Mumbai,2018-11-08,130.468,1
Mumbai,2018-11-09,93.592,1
Mumbai,2018-11-10,122.185,1
Mumbai,2018-11-11,63.689,1
Mumbai,2018-11-12,56.06,0
Mumbai,2018-11-13,55.479,0
Mumbai,2018-11-14,48.02,0
Mumbai,2018-11-15,49.794,0
Mumbai,2018-11-16,51.303,0
Mumbai,2018-11-17,56.72,0
Mumbai,2018-11-18,65.095,1
Mumbai,2018-11-24,48.76,0
Mumbai,2018-11-25,51.751,0
Mumbai,2018-11-26,70.064,1
Mumbai,2018-11-27,57.74,0
Mumbai,2018-11-28,56.103,0
Mumbai,2018-11-29,53.711,0
Mumbai,2018-11-30,56.872,0
Mumbai,2018-12-01,62.05,1
Mumbai,2018-12-02,62.825,1
Mumbai,2018-12-03,76.863,1
Mumbai,2018-12-04,65.544,1
Mumbai,2018-12-05,72.906,1
Mumbai,2018-12-06,70.036,1
Mumbai,2018-12-07,54.606,0
Mumbai,2018-12-08,63.47,1
Mumbai,2018-12-09,56.897,0
Mumbai,2018-12-10,51.82,0
Mumbai,2018-12-11,49.729,0
Mumbai,2018-12-12,38.673,0
Mumbai,2018-12-13,50.035,0
Mumbai,2018-12-14,61.979,1
Mumbai,2018-12-15,57.488,0
Mumbai,2018-12-16,56.543,0
Mumbai,2018-12-17,50.82,0
Mumbai,2018-12-18,63.59,1
Mumbai,2018-12-19,66.38,1
Mumbai,2018-12-20,50.754,0
Mumbai,2018-12-21,52.927,0
Mumbai,2018-12-22,74.392,1
Mumbai,2018-12-23,92.959,1
Mumbai,2018-12-24,96.742,1
Mumbai,2018-12-25,88.482,1
Mumbai,2018-12-26,68.027,1
Mumbai,2018-12-27,67.261,1
Mumbai,2018-12-28,69.879,1
Mumbai,2018-12-29,65.854,1
Mumbai,2018-12-30,81.143,1
Mumbai,2018-12-31,81.337,1
Mumbai,2019-01-01,79.782,1
Mumbai,2019-01-02,80.413,1
Mumbai,2019-01-03,103.759,1
Mumbai,2019-01-04,84.607,1
Mumbai,2019-01-05,75.921,1
Mumbai,2019-01-06,73.463,1
Mumbai,2019-01-07,52.813,0
Mumbai,2019-01-08,57.442,0
Mumbai,2019-01-09,71.677,1
Mumbai,2019-01-10,84.325,1
Mumbai,2019-01-11,85.51,1
Mumbai,2019-01-12,76.856,1
Mumbai,2019-01-13,75.793,1
Mumbai,2019-01-14,66.319,1
Mumbai,2019-01-15,68.096,1
Mumbai,2019-01-16,69.372,1
Mumbai,2019-01-17,83.31,1
Mumbai,2019-01-18,84.995,1
Mumbai,2019-01-19,82.065,1
Mumbai,2019-01-20,93.447,1
Mumbai,2019-01-21,51.003,0
Mumbai,2019-01-22,34.257,0
Mumbai,2019-01-23,26.045,0
Mumbai,2019-01-24,53.381,0
Mumbai,2019-01-25,47.402,0
Mumbai,2019-01-26,34.104,0
Mumbai,2019-01-27,36.88,0
Mumbai,2019-01-28,46.015,0
Mumbai,2019-01-29,47.423,0
Mumbai,2019-01-30,51.548,0
Mumbai,2019-01-31,51.238,0
Mumbai,2019-02-01,48.187,0
Mumbai,2019-02-02,50.631,0
Mumbai,2019-02-03,73.374,1
Mumbai,2019-02-04,66.264,1
Mumbai,2019-02-05,65.618,1
Mumbai,2019-02-06,40.914,0
Mumbai,2019-02-07,18.675,0
Mumbai,2019-02-08,52.255,0
Mumbai,2019-02-09,72.349,1
Mumbai,2019-02-10,86.521,1
Mumbai,2019-02-11,101.665,1
Mumbai,2019-02-12,94.742,1
Mumbai,2019-02-13,78.467,1
Mumbai,2019-02-14,49.638,0
Mumbai,2019-02-15,47.744,0
Mumbai,2019-02-16,52.571,0
Mumbai,2019-02-17,59.84,0
Mumbai,2019-02-18,54.989,0
Mumbai,2019-02-19,49.865,0
Mumbai,2019-02-20,64.735,1
Mumbai,2019-02-21,35.612,0
Mumbai,2019-02-22,38.295,0
Mumbai,2019-02-23,58.392,0
Mumbai,2019-02-24,31.255,0
Mumbai,2019-02-25,35.642,0
Mumbai,2019-02-26,27.798,0
Mumbai,2019-02-27,22.685,0
Mumbai,2019-02-28,49.135,0
Mumbai,2019-03-01,41.115,0
Mumbai,2019-03-02,49.766,0
Mumbai,2019-03-03,15.85,0
Mumbai,2019-03-04,16.82,0
Mumbai,2019-03-05,22.148,0
Mumbai,2019-03-06,23.438,0
Mumbai,2019-03-07,25.23,0
Mumbai,2019-03-08,29.132,0
Mumbai,2019-03-09,33.649,0
Mumbai,2019-03-10,30.192,0
Mumbai,2019-03-11,23.724,0
Mumbai,2019-03-12,21.018,0
Mumbai,2019-03-13,23.359,0
Mumbai,2019-03-14,21.545,0
Mumbai,2019-03-15,28.02,0
Mumbai,2019-03-16,39.485,0
Mumbai,2019-03-17,37.522,0
Mumbai,2019-03-18,40.682,0
Mumbai,2019-03-19,35.583,0
Mumbai,2019-03-20,27.083,0
Mumbai,2019-03-21,22.721,0
Mumbai,2019-03-22,18.026,0
Mumbai,2019-03-23,31.96,0
Mumbai,2019-03-24,49.579,0
Mumbai,2019-03-25,55.037,0
Mumbai,2019-03-26,40.694,0
Mumbai,2019-03-27,34.513,0
Mumbai,2019-03-28,33.745,0
Mumbai,2019-03-29,29.308,0
Mumbai,2019-03-30,24.237,0
Mumbai,2019-03-31,18.433,0
Mumbai,2019-04-01,19.8,0
Mumbai,2019-04-03,27.45,0
Mumbai,2019-04-04,16.913,0
Mumbai,2019-04-05,19.091,0
Mumbai,2019-04-06,17.839,0
Mumbai,2019-04-07,18.74,0
Mumbai,2019-04-08,16.098,0
Mumbai,2019-04-09,16.872,0
Mumbai,2019-04-10,13.826,0
Mumbai,2019-04-11,17.168,0
Mumbai,2019-04-12,22.318,0
Mumbai,2019-04-13,31.156,0
Mumbai,2019-04-14,22.701,0
Mumbai,2019-04-15,20.696,0
Mumbai,2019-04-16,27.283,0
Mumbai,2019-04-17,13.146,0
Mumbai,2019-04-18,21.444,0
Mumbai,2019-04-19,20.658,0
Mumbai,2019-04-20,22.27,0
Mumbai,2019-04-21,21.168,0
Mumbai,2019-04-22,20.976,0
Mumbai,2019-04-23,18.093,0
Mumbai,2019-04-24,15.972,0
Mumbai,2019-04-25,17.484,0
Mumbai,2019-04-26,17.405,0
Mumbai,2019-04-27,26.454,0
Mumbai,2019-04-28,24.42,0
Mumbai,2019-04-29,22.634,0
Mumbai,2019-04-30,21.858,0
Mumbai,2019-05-01,19.095,0
Mumbai,2019-05-02,21.646,0
Mumbai,2019-05-03,17.334,0
Mumbai,2019-05-04,15.952,0
Mumbai,2019-05-05,14.797,0
Mumbai,2019-05-06,15.734,0
Mumbai,2019-05-07,12.246,0
Mumbai,2019-05-08,12.89,0
Mumbai,2019-05-09,10.955,0
Mumbai,2019-05-10,12.798,0
Mumbai,2019-05-11,12.965,0
Mumbai,2019-05-12,13.774,0
Mumbai,2019-05-14,15.428,0
Mumbai,2019-05-15,15.193,0
Mumbai,2019-05-16,16.014,0
Mumbai,2019-05-17,15.251,0
Mumbai,2019-05-18,16.128,0
Mumbai,2019-05-19,12.35,0
Mumbai,2019-05-20,12.036,0
Mumbai,2019-05-21,14.618,0
Mumbai,2019-05-22,11.08,0
Mumbai,2019-05-23,25.611,0
Mumbai,2019-05-24,16.839,0
Mumbai,2019-05-25,14.15,0
Mumbai,2019-05-26,16.468,0
Mumbai,2019-05-27,18.017,0
Mumbai,2019-05-28,16.835,0
Mumbai,2019-05-29,14.932,0
Mumbai,2019-05-30,12.876,0
Mumbai,2019-05-31,13.915,0
Mumbai,2019-06-01,12.38,0
Mumbai,2019-06-02,12.448,0
Mumbai,2019-06-03,16.914,0
Mumbai,2019-06-04,14.507,0
Mumbai,2019-06-05,16.406,0
Mumbai,2019-06-06,12.409,0
Mumbai,2019-06-07,12.859,0
Mumbai,2019-06-08,14.42,0
Mumbai,2019-06-09,16.296,0
Mumbai,2019-06-10,18.411,0
Mumbai,2019-06-11,18.132,0
Mumbai,2019-06-12,15.482,0
Mumbai,2019-06-13,13.641,0
Mumbai,2019-06-14,15.872,0
Mumbai,2019-06-15,13.971,0
Mumbai,2019-06-16,11.642,0
Mumbai,2019-06-17,12.334,0
Mumbai,2019-06-18,14.3,0
Mumbai,2019-06-19,14.447,0
Mumbai,2019-06-20,15.976,0
Mumbai,2019-06-21,16.491,0
Mumbai,2019-06-22,19.33,0
Mumbai,2019-06-23,18.814,0
Mumbai,2019-06-24,20.363,0
Mumbai,2019-06-25,17.721,0
Mumbai,2019-06-26,15.044,0
Mumbai,2019-06-27,10.519,0
Mumbai,2019-06-28,7.198,0
Mumbai,2019-06-29,10.309,0
Mumbai,2019-06-30,11.911,0
Mumbai,2019-07-01,8.73,0
Mumbai,2019-07-02,9.855,0
Mumbai,2019-07-03,13.445,0
Mumbai,2019-07-04,16.285,0
Mumbai,2019-07-05,13.966,0
Mumbai,2019-07-06,10.48,0
Mumbai,2019-07-07,17.649,0
Mumbai,2019-07-08,9.778,0
Mumbai,2019-07-09,10.488,0
Mumbai,2019-07-10,8.688,0
Mumbai,2019-07-11,10.995,0
Mumbai,2019-07-12,11.596,0
Mumbai,2019-07-13,11.063,0
Mumbai,2019-07-14,9.175,0
Mumbai,2019-07-15,10.765,0
Mumbai,2019-07-16,11.462,0
Mumbai,2019-07-17,14.547,0
Mumbai,2019-07-18,14.072,0
Mumbai,2019-07-19,18.795,0
Mumbai,2019-07-20,18.666,0
Mumbai,2019-07-21,22.599,0
Mumbai,2019-07-22,11.584,0
Mumbai,2019-07-23,7.33,0
Mumbai,2019-07-24,7.927,0
Mumbai,2019-07-25,14.232,0
Mumbai,2019-07-26,11.83,0
Mumbai,2019-07-27,11.838,0
Mumbai,2019-07-28,14.161,0
Mumbai,2019-07-29,12.931,0
Mumbai,2019-07-30,10.368,0
Mumbai,2019-07-31,9.25,0
Mumbai,2019-08-01,9.441,0
Mumbai,2019-08-02,7.97,0
Mumbai,2019-08-03,8.06,0
Mumbai,2019-08-04,10.297,0
Mumbai,2019-08-05,11.903,0
Mumbai,2019-08-06,10.596,0
Mumbai,2019-08-07,12.729,0
Mumbai,2019-08-08,18.672,0
Mumbai,2019-08-09,18.478,0
Mumbai,2019-08-10,18.715,0
Mumbai,2019-08-11,15.555,0
Mumbai,2019-08-12,12.733,0
Mumbai,2019-08-13,13.069,0
Mumbai,2019-08-14,15.058,0
Mumbai,2019-08-15,11.746,0
Mumbai,2019-08-16,11.89,0
Mumbai,2019-08-17,13.295,0
Mumbai,2019-08-18,11.374,0
Mumbai,2019-08-19,11.444,0
Mumbai,2019-08-20,13.785,0
Mumbai,2019-08-21,15.768,0
Mumbai,2019-08-22,12.963,0
Mumbai,2019-08-23,16.012,0
Mumbai,2019-08-24,18.56,0
Mumbai,2019-08-25,12.37,0
Mumbai,2019-08-26,14.762,0
Mumbai,2019-08-27,13.527,0
Mumbai,2019-08-28,12.746,0
Mumbai,2019-08-29,13.238,0
Mumbai,2019-08-30,11.168,0
Mumbai,2019-08-31,11.529,0
Mumbai,2019-09-01,9.748,0
Mumbai,2019-09-02,12.116,0
Mumbai,2019-09-03,6.718,0
Mumbai,2019-09-04,7.684,0
Mumbai,2019-09-05,5.677,0
Mumbai,2019-09-06,7.604,0
Mumbai,2019-09-07,10.708,0
Mumbai,2019-09-08,8.688,0
Mumbai,2019-09-09,12.068,0
Mumbai,2019-09-10,13.886,0
Mumbai,2019-09-11,14.617,0
Mumbai,2019-09-12,10.928,0
Mumbai,2019-09-13,12.933,0
Mumbai,2019-09-14,13.243,0
Mumbai,2019-09-15,10.85,0
Mumbai,2019-09-16,11.949,0
Mumbai,2019-09-17,16.237,0
Mumbai,2019-09-18,17.95,0
Mumbai,2019-09-19,21.731,0
Mumbai,2019-09-20,14.938,0
Mumbai,2019-09-21,12.085,0
Mumbai,2019-09-22,15.086,0
Mumbai,2019-09-23,18.602,0
Mumbai,2019-09-24,15.04,0
Mumbai,2019-09-25,16.903,0
Mumbai,2019-09-26,17.281,0
Mumbai,2019-09-27,8.39,0
Mumbai,2019-09-28,8.324,0
Mumbai,2019-09-29,9.622,0
Mumbai,2019-09-30,8.326,0
Mumbai,2019-10-01,10.457,0
Mumbai,2019-10-02,16.145,0
Mumbai,2019-10-03,17.623,0
Mumbai,2019-10-04,24.766,0
Mumbai,2019-10-05,32.113,0
Mumbai,2019-10-06,35.134,0
Mumbai,2019-10-07,45.477,0
Mumbai,2019-10-08,54.084,0
Mumbai,2019-10-09,21.6,0
Mumbai,2019-10-10,39.028,0
Mumbai,2019-10-11,39.11,0
Mumbai,2019-10-12,49.366,0
Mumbai,2019-10-13,42.925,0
Mumbai,2019-10-14,55.333,0
Mumbai,2019-10-15,50.615,0
Mumbai,2019-10-16,49.194,0
Mumbai,2019-10-17,56.89,0
Mumbai,2019-10-18,62.548,1
Mumbai,2019-10-19,28.555,0
Mumbai,2019-10-20,15.091,0
Mumbai,2019-10-21,17.751,0
Mumbai,2019-10-22,17.918,0
Mumbai,2019-10-23,17.847,0
Mumbai,2019-10-24,30.71,0
Mumbai,2019-10-25,20.035,0
Mumbai,2019-10-26,25.582,0
Mumbai,2019-10-27,39.088,0
Mumbai,2019-10-28,53.499,0
Mumbai,2019-10-29,56.279,0
Mumbai,2019-10-30,40.81,0
Mumbai,2019-10-31,25.373,0
Mumbai,2019-11-01,16.546,0
Mumbai,2019-11-02,11.988,0
Mumbai,2019-11-03,20.09,0
Mumbai,2019-11-04,28.415,0
Mumbai,2019-11-05,36.958,0
Mumbai,2019-11-06,52.873,0
Mumbai,2019-11-07,19.257,0
Mumbai,2019-11-08,12.189,0
Mumbai,2019-11-09,27.123,0
Mumbai,2019-11-10,49.506,0
Mumbai,2019-11-11,57.719,0
Mumbai,2019-11-12,69.702,1
Mumbai,2019-11-13,64.9,1
Mumbai,2019-11-14,62.542,1
Mumbai,2019-11-15,69.745,1
Mumbai,2019-11-16,77.053,1
Mumbai,2019-11-17,70.889,1
Mumbai,2019-11-18,72.134,1
Mumbai,2019-11-19,90.919,1
Mumbai,2019-11-20,91.865,1
Mumbai,2019-11-21,92.372,1
Mumbai,2019-11-22,87.033,1
Mumbai,2019-11-23,82.208,1
Mumbai,2019-11-24,82.78,1
Mumbai,2019-11-25,89.064,1
Mumbai,2019-11-26,83.448,1
Mumbai,2019-11-27,73.81,1
Mumbai,2019-11-28,71.952,1
Mumbai,2019-11-29,81.382,1
Mumbai,2019-11-30,87.359,1
Mumbai,2019-12-01,94.891,1
Mumbai,2019-12-02,64.665,1
Mumbai,2019-12-03,39.873,0
Mumbai,2019-12-04,49.867,0
Mumbai,2019-12-05,65.285,1
Mumbai,2019-12-06,83.275,1
Mumbai,2019-12-07,70.537,1
Mumbai,2019-12-08,88.131,1
Mumbai,2019-12-09,82.725,1
Mumbai,2019-12-10,82.731,1
Mumbai,2019-12-11,95.769,1
Mumbai,2019-12-12,95.213,1
Mumbai,2019-12-13,72.43,1
Mumbai,2019-12-14,50.055,0
Mumbai,2019-12-15,69.625,1
Mumbai,2019-12-16,89.46,1
Mumbai,2019-12-17,80.42,1
Mumbai,2019-12-18,73.919,1
Mumbai,2019-12-19,75.167,1
Mumbai,2019-12-20,94.27,1
Mumbai,2019-12-21,94.043,1
Mumbai,2019-12-22,94.725,1
Mumbai,2019-12-23,94.33,1
Mumbai,2019-12-24,122.889,1
Mumbai,2019-12-25,134.325,1
Mumbai,2019-12-26,87.498,1
Mumbai,2019-12-27,88.029,1
Mumbai,2019-12-28,75.766,1
Mumbai,2019-12-29,75.81,1
Mumbai,2019-12-30,86.42,1
Mumbai,2019-12-31,65.76,1
Mumbai,2020-01-01,104.062,1
Mumbai,2020-01-02,107.87,1
Mumbai,2020-01-03,93.638,1
Mumbai,2020-01-04,94.053,1
Mumbai,2020-01-05,91.035,1
Mumbai,2020-01-06,70.199,1
Mumbai,2020-01-07,87.203,1
Mumbai,2020-01-08,64.966,1
Mumbai,2020-01-09,59.978,0
Mumbai,2020-01-10,65.06,1
Mumbai,2020-01-11,76.707,1
Mumbai,2020-01-12,98.117,1
Mumbai,2020-01-13,68.393,1
Mumbai,2020-01-14,36.328,0
Mumbai,2020-01-15,30.53,0
Mumbai,2020-01-16,34.16,0
Mumbai,2020-01-17,51.003,0
Mumbai,2020-01-18,87.279,1
Mumbai,2020-01-19,96.105,1
Mumbai,2020-01-20,89.257,1
Mumbai,2020-01-21,96.99,1
Mumbai,2020-01-22,78.691,1
Mumbai,2020-01-23,87.783,1
Mumbai,2020-01-24,73.572,1
Mumbai,2020-01-25,91.567,1
Mumbai,2020-01-26,103.353,1
Mumbai,2020-01-27,57.215,0
Mumbai,2020-01-28,25.469,0
Mumbai,2020-01-29,19.77,0
Mumbai,2020-01-30,52.66,0
Mumbai,2020-01-31,65.972,1
Mumbai,2020-02-01,72.145,1
Mumbai,2020-02-02,80.791,1
Mumbai,2020-02-03,83.467,1
Mumbai,2020-02-04,77.73,1
Mumbai,2020-02-05,60.91,1
Mumbai,2020-02-06,47.666,0
Mumbai,2020-02-07,49.351,0
Mumbai,2020-02-08,68.474,1
Mumbai,2020-02-09,68.29,1
Mumbai,2020-02-10,56.585,0
Mumbai,2020-02-11,60.945,1
Mumbai,2020-02-12,60.529,1
Mumbai,2020-02-13,67.906,1
Mumbai,2020-02-14,58.137,0
Mumbai,2020-02-15,53.275,0
Mumbai,2020-02-16,68.93,1
Mumbai,2020-02-17,102.481,1
Mumbai,2020-02-18,88.152,1
Mumbai,2020-02-19,92.5,1
Mumbai,2020-02-20,62.795,1
Mumbai,2020-02-21,39.366,0
Mumbai,2020-02-22,65.926,1
Mumbai,2020-02-23,77.634,1
Mumbai,2020-02-24,84.697,1
Mumbai,2020-02-25,48.012,0
Mumbai,2020-02-26,41.03,0
Mumbai,2020-02-27,51.742,0
Mumbai,2020-02-28,77.612,1
Mumbai,2020-02-29,74.976,1
Mumbai,2020-03-01,43.389,0
Mumbai,2020-03-02,52.181,0
Mumbai,2020-03-03,43.684,0
Mumbai,2020-03-04,36.734,0
Mumbai,2020-03-05,32.589,0
Mumbai,2020-03-06,20.152,0
Mumbai,2020-03-07,24.455,0
Mumbai,2020-03-08,26.997,0
Mumbai,2020-03-09,35.03,0
Mumbai,2020-03-10,40.473,0
Mumbai,2020-03-11,16.038,0
Mumbai,2020-03-12,18.595,0
Mumbai,2020-03-13,23.814,0
Mumbai,2020-03-14,30.329,0
Mumbai,2020-03-15,49.84,0
Mumbai,2020-03-16,57.992,0
Mumbai,2020-03-17,78.537,1
Mumbai,2020-03-18,52.035,0
Mumbai,2020-03-19,30.326,0
Mumbai,2020-03-20,21.084,0
Mumbai,2020-03-21,20.143,0
Mumbai,2020-03-22,16.747,0
Mumbai,2020-03-23,23.483,0
Mumbai,2020-03-24,35.579,0
Mumbai,2020-03-25,30.856,0
Mumbai,2020-03-26,27.822,0
Mumbai,2020-03-27,24.806,0
Mumbai,2020-03-28,28.143,0
Mumbai,2020-03-29,23.431,0
Mumbai,2020-03-30,23.566,0
Mumbai,2020-03-31,25.36,0
Mumbai,2020-04-01,20.081,0
Mumbai,2020-04-02,26.272,0
Mumbai,2020-04-03,24.329,0
Mumbai,2020-04-04,24.703,0
Mumbai,2020-04-05,27.355,0
Mumbai,2020-04-06,20.823,0
Mumbai,2020-04-07,24.105,0
Mumbai,2020-04-08,29.523,0
Mumbai,2020-04-09,28.301,0
Mumbai,2020-04-10,25.886,0
Mumbai,2020-04-11,29.537,0
Mumbai,2020-04-12,28.259,0
Mumbai,2020-04-13,25.585,0
Mumbai,2020-04-14,26.894,0
Mumbai,2020-04-15,26.605,0
Mumbai,2020-04-16,20.549,0
Mumbai,2020-04-17,20.543,0
Mumbai,2020-04-18,18.481,0
Mumbai,2020-04-19,19.992,0
Mumbai,2020-04-20,25.7,0
Mumbai,2020-04-21,18.64,0
Mumbai,2020-04-22,18.032,0
Mumbai,2020-04-23,19.804,0
Mumbai,2020-04-24,20.817,0
Mumbai,2020-04-25,16.782,0
Mumbai,2020-04-26,19.05,0
Mumbai,2020-04-27,17.225,0
Mumbai,2020-04-28,19.824,0
Mumbai,2020-04-29,21.014,0
Mumbai,2020-04-30,20.803,0
Mumbai,2020-05-01,15.531,0
Mumbai,2020-05-02,13.147,0
Mumbai,2020-05-03,12.016,0
Mumbai,2020-05-04,11.51,0
Mumbai,2020-05-05,11.205,0
Mumbai,2020-05-06,12.088,0
Mumbai,2020-05-07,14.303,0
Mumbai,2020-05-08,15.261,0
Mumbai,2020-05-09,14.207,0
Mumbai,2020-05-10,13.078,0
Mumbai,2020-05-11,16.855,0
Mumbai,2020-05-12,13.719,0
Mumbai,2020-05-13,14.674,0
Mumbai,2020-05-14,15.229,0
Mumbai,2020-05-15,17.667,0
Mumbai,2020-05-16,30.436,0
Mumbai,2020-05-17,29.74,0
Mumbai,2020-05-18,21.303,0
Mumbai,2020-05-19,15.364,0
Mumbai,2020-05-20,14.143,0
Mumbai,2020-05-21,16.438,0
Mumbai,2020-05-22,14.782,0
Mumbai,2020-05-23,15.184,0
Mumbai,2020-05-24,12.327,0
Mumbai,2020-05-25,11.813,0
Mumbai,2020-05-26,12.64,0
Mumbai,2020-05-27,11.697,0
Mumbai,2020-05-28,12.207,0
Mumbai,2020-05-29,7.333,0
Mumbai,2020-05-30,10.083,0
Mumbai,2020-05-31,8.987,0
Mumbai,2020-06-01,17.267,0
Mumbai,2020-06-02,21.942,0
Mumbai,2020-06-03,8.382,0
Mumbai,2020-06-04,20.526,0
Mumbai,2020-06-05,11.264,0
Mumbai,2020-06-06,9.379,0
Mumbai,2020-06-07,10.848,0
Mumbai,2020-06-08,8.921,0
Mumbai,2020-06-09,8.927,0
Mumbai,2020-06-10,10.433,0
Mumbai,2020-06-11,8.999,0
Mumbai,2020-06-12,10.459,0
Mumbai,2020-06-13,10.357,0
Mumbai,2020-06-14,9.874,0
Mumbai,2020-06-15,10.582,0
Mumbai,2020-06-16,9.587,0
Mumbai,2020-06-17,6.618,0
Mumbai,2020-06-18,7.46,0
Mumbai,2020-06-19,14.69,0
Mumbai,2020-06-20,11.966,0
Mumbai,2020-06-21,9.27,0
Mumbai,2020-06-22,12.607,0
Mumbai,2020-06-23,9.565,0
Mumbai,2020-06-24,8.732,0
Mumbai,2020-06-25,11.838,0
Mumbai,2020-06-26,13.821,0
Mumbai,2020-06-27,18.042,0
Mumbai,2020-06-28,12.328,0
Mumbai,2020-06-29,7.878,0
Mumbai,2020-06-30,4.656,0
